168185 568111 48785 587984 907088 719622 943883 614726 597098 609434
165824 253400 940508 488273 401587 334074 783386 550201 962640 930718
384507 980493 358910 620422 633041 122233 8054 178530 106482 930053
250266 112805 518809 205955 272475 841133 930659 232006 557347 110674
651671 208615 239066 869225 484580 155366 110749 703495 439300 390143
924811 657408 663050 459696 81782 266098 527797 151289 45590 320244
395892 944997 618098 624698 811303 300307 868911 733857 829790 830109
195734 614160 195638 245611 452245 243674 381406 143649 61932 310538
222602 618419 283172 660398 506771 961734 93985 292185 221135 118056
584484 90741 855146 594611 969719 529529 745714 308364 956782 626327
848051 251982 555891 920453 453342 775233 258723 51636 954287 31529
54437 354698 184216 591696 684488 145290 635146 545283 855923 555862
480214 737377 38948 132614 652876 112449 347335 526345 416055 307424
628665 713042 513510 810050 23388 967485 670661 977256 596443 763675
303988 718061 39471 156539 428962 919691 637561 25251 951707 931835
181556 656478 527382 525241 38674 162770 78755 613181 625128 79951
782710 319577 799043 383871 550991 424626 966291 330206 303782 89511
200296 147407 207983 86467 867140 52010 624773 207082 621403 763501
569552 282983 473433 936728 323547 55741 856418 480661 284747 550661
728133 505313 883735 612314 238087 697844 890758 847714 103790 736648
405886 212933 795861 343116 444484 358794 868609 57655 935491 451124
230717 667926 385235 537825 527196 864233 985982 52050 626198 587137
30554 569611 779520 803381 747408 975146 920260 861326 465140 186223
800360 586435 743119 865663 818328 84532 684028 959176 662873 380337
217108 345916 4807 415719 806189 767971 984554 207547 617499 682208
544428 24587 937243 542790 918534 539961 271869 374035 417622 548272
488606 488283 642577 32783 191247 289836 856279 109964 78052 158730
170291 967638 685849 842193 22088 779638 489036 705997 910441 399538
495735 830233 671239 71173 198803 447046 141615 306500 486591 141022
47253 130383 598298 596964 486012 725665 109619 334731 673799 477111
596390 924117 556973 155095 794287 16222 808810 893682 718915 775683
506386 164785 533541 750975 501707 389073 902095 501589 409483 226469
772821 910814 246908 454244 156222 495000 322724 152344 707215 533697
345543 201882 305557 323847 767725 297146 529837 619154 796500 680796
528788 324281 104502 874111 664502 958132 5482 571581 758633 132601
727023 602477 559695 779505 604801 748188 929288 717059 749762 359462
28884 203384 233300 81668 254310 315428 199738 804395 349549 269018
382559 170009 895037 118742 621084 758282 798884 879566 292974 847027
725752 74160 756194 822503 181640 940822 667274 444148 554089 629112
843815 875397 253180 86761 719211 898967 95038 59204 758850 389849
584635 776617 881828 621184 623829 123515 313814 614614 514433 559963
153119 740630 714494 646528 163387 855685 75323 968933 472107 829312
43896 395888 479554 208091 473161 734933 898935 694560 182730 316503
487301 850577 356170 343376 72057 925953 494636 329278 159747 729180
220597 965115 678202 6107 65689 390405 383568 632515 898257 194056
921974 658034 584640 84052 407772 27015 702517 503585 22652 397831
822783 967375 527387 766938 750004 803776 184342 71331 502293 277316
934574 175858 407858 182644 165235 494850 315310 941823 280040 484228
846220 587242 704031 42753 240322 320895 649805 178177 740961 11739
320459 892639 900431 816032 107851 412822 244817 171809 359948 442859
12150 628989 7065 551925 331364 652011 376986 553193 79061 166067
871348 502783 756804 337069 965040 261330 660823 537559 342436 202681
253515 748540 26694 875949 327025 297568 61296 510997 502517 825789
231242 542918 849357 822043 860409 921800 330459 801113 238636 737170
998653 67892 695496 226161 927206 674339 858367 228093 748866 982336
86448 671670 317983 480291 212354 940875 89434 415839 598373 44662
606102 830652 377430 122785 607925 23634 995230 608272 148029 3627
612251 566111 103602 521886 386262 554333 39233 755532 825332 610724
120227 312047 929821 799237 598476 73002 604957 159916 28788 562636
315577 160082 910050 448169 566895 603138 72349 788467 881539 387605
426573 236858 375077 9066 895563 684521 184860 615638 644086 168874
600881 107414 889264 809546 474476 124619 810252 367654 450851 600296
564194 297653 435694 790788 743272 330417 896589 597026 439934 106074
823986 359344 514445 584464 825737 438939 821105 291241 792332 691940
827302 12470 767549 5059 797904 216711 928937 703333 490486 803358
145014 821935 438511 249768 993513 57005 373065 368715 899123 385916
754860 915218 671276 612418 947816 166927 22906 570148 300196 373634
332959 68151 259844 927452 321154 368384 377383 516377 934314 26436
257060 4081 948572 582701 713514 564048 551392 852597 395551 644234
646170 904096 216576 981312 700954 835740 957342 62557 463945 631390
11536 88627 486739 887847 17374 204244 251954 385840 983378 718475
614843 54670 287604 597060 924073 924134 344166 768791 849079 802111
951687 341203 873335 861564 244395 64101 597261 852082 294794 988688
652420 469063 539878 85583 7171 933069 9330 57218 266659 410645
993561 718519 748746 136306 60811 370939 947270 256086 298673 558774
483805 52454 213975 204941 759355 547975 955241 853799 276326 346697
527590 831681 166081 121807 981297 710896 647744 751050 279956 760339
160383 993327 253944 968219 762144 132894 275022 998437 529767 887206
861713 32659 123310 341607 653339 343426 305268 617004 971850 210381
561699 897113 38624 42732 256891 839348 11863 784385 318396 101493
185242 199239 163358 251998 994179 643792 285716 565541 247763 20622
478073 892508 142277 619608 109751 177830 695494 91541 626445 802464
378714 792470 728865 124278 497764 842497 440871 72581 487264 655580
720606 901753 916345 825741 889178 22564 271731 372558 962230 421519
959858 515615 342438 456186 429188 620215 305215 529731 244844 280282
461216 172573 587326 125197 724315 435727 484107 797804 490704 655671
204735 810593 19783 333750 203648 710422 628188 517245 110548 45862
588859 17954 106542 289502 525598 606180 14887 960572 834493 129730
843617 416243 836121 138414 778820 970886 472488 814519 223549 102050
564511 322134 631627 393672 485596 713679 876070 338462 73980 686499
841064 988372 956452 511710 231377 280537 306588 853616 353549 917622
687917 858362 296214 23094 113658 39273 66491 360250 229046 177494
982957 269583 179004 755065 201258 43491 473236 358715 562290 783500
363017 725855 407491 394367 721209 718535 897134 849126 483546 903988
285488 120790 772448 11224 378544 383146 951547 248535 922611 111217
446161 950191 558352 515253 134473 267317 907911 59910 771624 523557
926480 14460 625050 858545 576764 841083 402908 285163 421501 630986
617378 966870 683086 360255 50729 740666 36153 256729 25998 69794
201661 311899 630286 409855 546602 439908 42037 720752 132300 934191
702420 636364 615490 86026 71518 278670 91921 239592 909074 675
370009 211484 165438 235909 306589 912142 734154 770537 14463 893846
705309 14353 895442 261071 3775 963662 591209 548103 230954 969650
780696 380440 972180 701297 32897 805488 472119 487246 154469 149103
861366 778207 751690 852159 45927 560405 392584 534283 369097 66554
296391 29660 319944 236549 447783 581405 984886 49320 216212 563861
223221 952817 961579 133598 416963 797421 697903 114717 618203 695559
120586 746986 40698 60125 856427 44756 813920 443983 848563 607976
307008 388210 864071 859878 130872 840745 179512 395036 405698 430919
607723 689390 792577 58430 161915 499123 907749 365434 604150 237260
344774 900068 508330 842029 34844 416633 553071 586620 998892 12985
997499 243798 590080 349050 125822 300035 515795 302131 671483 278545
955572 992045 307359 153972 866044 287653 228265 29826 800435 159221
246602 371204 925978 265779 33340 925100 160564 938596 191628 343874
648001 495919 742649 162770 126567 670159 268035 424237 501696 646001
948722 296478 470517 23299 210279 937478 798542 231428 746013 867410
25670 692455 620348 927208 690656 110936 526598 343340 213625 112562
521774 774899 696906 734333 25641 282143 744392 924905 944270 311596
322220 545827 694433 185210 497163 800514 764334 496106 581397 290280
246208 81842 45479 508329 62497 458858 973855 518576 751086 957495
65356 663324 119700 43569 922676 572664 689456 934296 980159 767150
897969 607207 974825 41993 542499 293477 125370 286810 731046 749834
603427 50198 898139 508632 404330 997695 559184 974477 279725 306871
980760 502471 568332 30631 425489 178950 9764 438210 918814 306312
739905 508122 633909 312002 822049 491171 617944 655238 699775 669067
969643 706669 536129 204659 399083 650298 208096 949220 732833 682165
982075 872040 234046 784501 221642 384588 733947 795964 327285 786540
670675 623824 862604 636875 406035 971823 686191 718975 237881 123177
3697 978009 824843 684671 678692 501193 374023 574448 830344 951368
354641 826976 197613 578611 125478 643383 561401 419828 654077 11774
728587 836539 584525 751262 660371 942726 641894 830276 936331 393450
673436 556956 893814 284909 636015 19332 651057 506604 407993 882496
151489 335306 567516 960752 995508 855612 537361 161571 193586 429728
277939 25239 68097 697773 479001 969833 70908 64429 953879 663875
668636 42163 95111 603908 241040 434178 726138 117339 687867 296571
291533 36242 84193 790042 210204 812085 45968 652251 51845 73720
762001 590871 345693 638938 915711 892543 181366 82620 699493 238409
210769 146488 586220 795136 323590 200912 349398 643769 359265 950397
696372 133576 346158 551838 320688 455369 511216 537877 397841 64459
235809 258763 356274 703855 701788 643738 488230 82612 181733 891669
583878 281066 290767 894869 270423 105486 353450 491794 580597 358476
552193 550085 451804 722644 737804 371528 228780 203543 31134 898952
361092 44233 13292 954569 92987 446708 733792 993388 265385 298411
676481 973985 665028 124797 506690 161340 928775 384397 48929 430432
60480 207424 468473 882135 283965 238587 915909 452130 557074 905438
814006 987456 640040 819377 929145 333399 722442 90855 280856 406246
560407 510302 374252 461127 674372 374736 548594 231928 55098 336016
22150 188536 737824 492407 583437 757188 214865 845046 241406 534341
350133 358052 322901 372277 972375 916581 568442 23928 367517 662503
614085 710065 532098 887547 717029 487595 769884 307691 175958 164129
879819 845751 229833 538511 590354 556207 666563 770256 503534 128188
225443 525389 599567 378983 26665 810154 137783 345616 405746 194035
817911 436366 798279 410774 217161 112461 695793 100049 623135 988884
957098 356486 207530 88150 740250 553678 331122 963492 213177 444683
393941 207576 635161 954376 43221 965952 53303 6445 309492 361360
371259 277923 949594 241260 458122 146421 637554 349191 838463 155527
384928 338293 25032 938110 808050 717739 189314 642484 161089 697532
398560 963124 792623 662350 38854 14921 882541 56217 877444 288223
694422 552446 597937 267491 613119 976881 842331 951219 109339 79787
867874 110647 483908 457584 403788 474792 470464 778931 883363 882532
468904 158692 514176 611150 51518 689089 824311 260883 299556 318970
668823 341921 563312 655076 777053 695518 288079 316282 233952 162325
722844 205419 162816 295121 711179 993562 135773 372596 617522 215070
218057 89014 474392 54484 99077 658752 129840 995993 178459 617461
781000 217319 359763 821128 671485 270039 179160 996477 410989 758495
666527 573743 494365 529071 261271 660310 914798 32878 46753 495970
433436 492295 79708 4253 119186 642603 650278 476243 546446 701933
544448 563100 673112 346720 578576 114278 346682 528238 980223 861692
58094 99372 829176 311321 779142 171266 684203 736446 748358 289848
896696 88600 685802 848939 658738 893579 429882 480903 160539 372045
605351 881876 680959 633558 172777 35764 128426 227642 148766 288702
141974 914858 74653 733089 874613 498316 18349 586995 706788 389963
181950 829225 155745 246633 925368 966732 501734 46142 567388 20977
113522 199347 864772 218451 79575 817709 153594 565573 680785 705450
308462 640074 142417 541807 102987 772522 836978 531841 612979 123732
511917 901004 287038 954197 53592 200309 357875 22632 231160 990887
10665 675572 176218 71921 815622 632308 978514 217582 789780 732771
661756 481479 40040 723018 899675 416686 233873 421832 877074 110537
933938 799097 798818 472305 405875 421985 928152 746694 150203 659917
273901 490794 867611 387431 685734 768057 108037 981200 195736 631339
795322 165149 675793 546096 548404 647551 459829 677563 97353 786929
488179 506554 278738 212450 412075 491272 521795 451205 305223 352127
810891 54549 705091 615125 118866 896794 38377 334272 738418 627488
738027 337962 299087 591150 333800 309022 783586 624391 276235 187714
306445 580483 585416 829574 519031 93043 866176 920164 513023 634844
79285 261122 708728 290426 748060 426381 969427 422871 882734 772437
281663 394533 495946 392516 965168 657669 685555 193851 919396 773973
311800 17623 472853 707627 860884 227128 995683 775668 742330 288351
567668 194148 268436 719444 526563 864111 942182 688932 427856 166959
585414 453314 636842 696227 591812 148793 880715 547911 200631 301547
285110 989198 895247 363483 772937 782648 351002 17175 874724 142806
604946 16707 360555 48806 435274 106354 93472 868727 55997 573170
747273 686712 128656 870823 401631 852193 245539 903030 989932 884348
89784 365432 736928 928560 940697 23200 580887 904440 265241 590498
57888 387177 119963 548902 581403 249706 734649 734085 891458 907289
912687 527208 646109 256156 63192 32628 229955 96215 550844 329240
869701 865404 441473 204528 903904 90685 702463 876174 134685 824981
600800 549310 717003 845334 515008 153348 206774 191633 248401 204278
242545 242094 860498 816689 352174 25992 553812 168249 232589 16711
360389 749873 673239 771521 865075 139168 369138 568492 939228 336083
429156 136848 888358 183714 867872 514784 83564 375784 340358 190326
829407 26936 742597 965830 552417 473658 270675 530726 623038 857425
223148 561645 85911 703786 736180 280388 958815 378134 28284 497205
294974 82128 41729 648525 647376 632458 479099 562082 896863 752413
188432 271923 26838 55734 419091 35 269159 970960 710662 956291
571860 686744 410410 192191 742771 843081 815979 13357 775208 230718
68354 931866 999088 197421 418062 230128 437384 509182 360838 515533
546289 314468 716783 899602 554327 642792 960420 692700 955971 681969
401952 721671 825091 107427 762732 152526 809479 397244 548106 66080
530448 121928 458083 209054 243024 928442 201227 529953 23259 274047
729344 285671 648374 73946 385141 94320 157902 516263 390824 272548
639276 760451 357017 315761 334083 206297 106041 639249 206403 589458
384644 860254 200865 870508 345227 940941 130737 172351 336203 877301
986792 391055 201415 732010 664372 409656 52287 917020 890833 701655
393012 246618 95164 835947 325834 752774 634553 900084 302397 720726
872422 537753 456726 883380 806938 154798 308902 582728 117716 165751
528163 210866 709464 140214 702333 778654 283322 420501 534146 329286
180852 664402 900311 929262 216524 499081 85067 352906 911027 476771
696020 618076 21146 207867 554171 130689 296913 960608 366562 669811
54100 849163 157180 591599 241023 355802 780644 988570 384231 828273
254629 983013 763256 475759 967617 496166 353599 133218 155432 256229
671755 6203 420270 24144 848573 941450 937372 119688 414143 365513
938385 915465 696157 570274 582848 92126 884637 846290 360418 173858
747142 253210 55669 23066 447863 992256 58240 334023 403041 263490
559479 139465 812571 345333 397448 137867 665817 648275 501012 943021
692011 872398 902092 551642 411088 371613 70984 528500 190685 405916
707998 992645 76616 9915 437860 644193 3322 768268 495025 206514
210909 195494 601134 870090 244915 892098 558448 53562 375958 827683
977501 127850 940550 996085 522421 63234 963352 957728 66169 636939
260510 508139 438137 697145 518923 916422 313264 876681 139667 882315
862522 434596 255671 437993 539365 730983 73448 187070 544559 616645
146138 874093 124890 494930 449801 218488 602426 608214 365517 242428
426602 975521 701922 956007 413119 11559 306117 516444 569392 837477
186556 726151 654079 887995 380119 659850 100298 283279 364608 705387
154075 466876 373696 276852 24736 967418 5202 50781 136931 404906
507282 496541 70175 962186 596480 342614 701598 415338 603450 709255
4301 720501 991407 506915 306906 702534 227416 37663 475466 492047
154000 553281 414871 572399 975254 273684 502427 830749 185036 702347
935052 336554 294675 746436 30415 672082 518824 268671 955038 667354
781738 343209 613670 6756 372522 586142 454361 514528 483727 224345
682012 676978 145008 485835 419110 479829 896350 747893 815407 688917
470460 40079 954077 77129 942772 133092 184887 645034 332598 379089
70625 71069 606130 16340 769926 438001 66043 191820 308139 349037
887400 100138 451606 910572 70908 294122 499627 566923 381172 529296
423966 333192 778733 85467 625181 17874 240771 454714 907484 148235
502599 845175 329326 249813 324172 419640 717129 604059 47448 133998
552387 627770 720000 941552 331602 953026 679169 650631 13130 258105
417204 467431 881608 585875 710578 863497 177910 742152 731746 595607
814386 443250 146094 789851 873971 918832 664393 305038 22712 967649
816685 901527 896090 310640 85613 473987 949665 924943 305029 477373
675695 315939 488780 641252 230218 242986 938162 438680 870598 20960
270598 255889 862658 131062 995866 9890 803680 377943 806675 729902
757526 987936 708520 307558 133568 923383 250829 746547 590889 269748
463209 486446 181606 725265 612657 325353 434824 314415 463635 369177
585960 620575 177155 267004 49072 721237 907540 354903 987910 919101
813531 634262 593704 608655 347336 829121 544451 929086 556212 415819
427457 527503 517379 133071 169049 782252 610686 646824 781970 470265
208693 984517 251628 132514 835726 462338 312025 315392 253609 916657
311618 683293 127679 567801 851997 419784 614052 707362 74149 619780
727035 524580 900871 353863 395643 902910 126951 876398 740855 794190
429702 574961 800465 642487 687503 225973 76895 73231 896210 794041
474313 658132 719428 622864 436280 389190 828791 764145 618020 527646
127824 841379 929695 443537 227909 235743 612650 965014 416565 732978
790363 139154 629290 195685 511751 675707 324103 462335 154974 646168
124069 80423 125853 376967 519311 427025 180270 264836 899184 402925
704303 56897 803047 42564 370238 583993 733936 518730 845334 68342
486246 250182 867696 267119 76030 592756 586877 20508 780314 372886
186591 506020 41229 977546 104446 532566 333158 208957 458157 956834
676115 344230 847018 69016 603572 177931 794028 607899 257716 940692
43361 670778 601692 894621 75396 624128 777904 69761 930259 299779
372968 922253 622948 102999 962572 689274 327946 897199 895803 350845
379673 569857 737913 947999 17391 86818 516909 697495 212264 878999
571653 964659 8327 689358 429645 337396 324974 841062 617294 358690
320990 867422 622290 102671 346147 984373 477940 797011 314323 728943
879190 274691 459160 727212 449782 733221 70885 450904 858599 658393
196108 149442 654288 279625 619185 357553 86416 90553 549405 432401
544987 54920 8461 849947 512722 314213 885967 729108 917440 683980
354790 718360 743248 926652 728896 122291 946540 108388 705237 967228
148979 965944 287227 251809 734038 588595 8785 192389 950039 975181
859383 783269 789833 104713 615691 667385 853341 945563 289779 712567
781432 781882 831817 579144 526 766312 703503 44349 460599 247718
508858 591622 776067 608396 688115 192361 217593 341735 492733 736500
670751 769121 332324 679396 540116 138879 734918 691973 482667 812045
796923 662167 102304 611500 804618 72853 432425 425791 568968 12563
358292 490391 375022 366100 836343 873182 421513 891173 293120 895906
27059 278112 277058 296863 173509 768640 50807 754262 966111 19954
547931 670083 752986 874206 842554 565024 442124 814731 313391 339990
798567 796728 81288 156492 429181 211076 786485 649591 338260 408537
866619 759539 935081 735864 416309 576162 126104 429948 890685 969356
598092 946314 493389 991014 566854 373615 607250 19640 923079 614204
161225 685286 564514 531083 540994 847913 746654 774986 493182 336884
739263 934171 16466 520639 196910 526044 911498 813053 102492 651445
698744 357753 740940 301577 57950 202596 136679 485498 937753 755067
641950 320910 642197 891842 11896 934037 335423 73566 992359 186656
433508 190401 465315 689194 247806 199543 550443 65744 550127 814271
249791 765302 168004 418799 371017 896961 224326 94757 304112 548762
760203 439795 456740 257031 600012 541392 206856 58863 26166 564126
440126 874892 271474 870298 201976 27236 674862 162563 109103 971545
912998 696475 671769 640045 791143 526133 164513 353436 949299 783569
211900 131084 220080 21222 981235 439506 298389 168969 188750 474046
272709 95567 457734 983454 981360 174781 813081 736940 880364 601388
553037 156695 460912 266394 109756 654530 699837 132906 104426 900440
182205 497148 892136 5968 24072 993104 176206 372194 801798 974750
947025 299838 876918 848651 857880 177581 790850 190901 804940 212863
424738 315465 83043 927193 760956 189759 406812 594658 443719 311028
253066 597440 860336 238473 860770 968568 794324 644741 525723 301450
838855 258001 962372 743438 890357 20431 490029 753349 272208 454178
638307 842682 315576 748430 420785 23677 402796 245785 300450 569671
53738 315593 990769 144680 563158 375824 710400 837733 429203 534751
580476 605578 749406 444945 802392 733748 239636 347606 841161 353504
957610 341032 964192 764141 972885 714638 9113 913150 694295 385971
389979 78098 483139 55244 708358 470364 599186 967178 810564 461356
469187 231075 264594 901682 769564 195489 692752 565694 251564 808064
287482 52476 368456 461747 624518 845553 700355 65109 75383 213757
876334 25018 751548 88120 284690 707102 623766 673490 303845 718106
998704 187992 677169 736046 403709 96805 631411 776337 390600 818978
29308 514465 265764 508121 398389 91926 60022 438045 426782 160779
332776 633696 99389 684174 98479 552683 763519 458162 150618 759725
858465 705358 42487 389581 337023 317208 458304 72687 911461 16844
419787 81044 284884 367249 66076 19231 638366 529082 119181 210237
739889 872099 72292 50044 537707 241343 983016 802158 385132 62811
385971 782340 696935 953794 836701 750005 599215 425778 580144 345027
843758 34446 240721 306992 382974 536745 528392 729006 754631 31710
275497 543999 464988 938269 437923 753318 71276 224021 319447 593901
816316 344778 465953 484307 397074 915197 126897 394889 101452 780577
763505 147593 139813 852595 600942 125634 597940 635600 743940 459873
253312 828524 198626 962667 270686 432304 620574 848135 778816 966437
98816 333971 732066 173905 657464 53714 873646 402750 400768 508227
488390 305137 812927 428283 472221 365075 886837 719782 170950 921175
515383 400968 911887 897804 4832 244325 65612 792276 454821 397495
728346 203101 970085 525284 280511 286095 768387 152521 466976 496708
367595 367240 64392 681462 634110 791775 108791 541077 907740 589990
477004 72612 969109 713829 73447 715723 870632 454775 85335 235271
814573 34359 847631 720319 920556 177169 107666 940487 313626 702098
80837 565326 316646 299269 883221 66141 422514 556573 776284 678530
754395 745641 344712 304411 600295 759126 933987 765283 928623 491672
415048 709283 845581 201614 762942 294992 492631 501746 995415 134615
487291 415967 151275 611760 645378 995073 37007 360899 787485 11949
127538 389989 952702 941520 529290 851254 917785 13367 224373 416026
180598 657186 235431 135134 943626 750506 680378 88891 619706 302407
978668 167678 272089 844567 358486 647126 825804 399683 220808 518901
883107 754752 532715 774071 143920 934459 460362 450990 201647 89143
730786 342078 648059 852785 470733 926708 660964 541815 474375 701798
165881 518435 752445 393198 144224 94146 880792 454765 438655 267612
647304 325832 699578 229172 463024 303101 307205 422593 945802 680862
662105 255212 676066 458282 151761 329842 867626 388922 553759 742536
938679 207298 880212 315154 75519 904774 35279 410959 823583 782730
803644 422761 48867 403970 377078 138442 445045 479798 76733 526939
895324 465688 176051 994902 669213 609420 348500 584595 612883 193899
968018 86849 114900 150477 200482 708362 993248 447162 653607 100359
566724 818084 343482 229382 184353 213791 602788 833700 277244 921294
697357 950145 912172 413981 519821 861030 378826 404867 612251 77585
52997 74692 82746 514673 102472 172577 960489 849477 2754 717787
898873 868050 357264 595981 127908 495825 645028 805776 122294 769869
190740 528111 288890 423734 818350 673488 743058 507113 368321 45356
33615 504245 442784 392864 243330 281224 303737 622438 916688 793210
415920 377160 78920 306591 749545 619253 754214 393146 588362 223351
446726 425603 228719 41914 523930 156470 713173 952540 587327 285041
408554 416658 712608 769696 914219 832343 796061 196514 333617 654002
559328 722131 704738 995004 308841 13240 674839 22924 519700 73142
486736 405712 924734 93121 958413 766103 656844 447250 945220 5961
858715 940244 68552 794853 231 441628 705759 417046 237309 943796
365113 618752 822716 25437 103139 534616 241068 403844 303280 342258
872880 590856 381122 342987 771908 623853 899194 773840 950786 860498
169444 713204 90308 110549 536157 373912 742546 37018 715609 825764
238965 842079 369379 68355 612440 541652 731385 253580 314878 619710
108656 533387 206476 773825 407966 454255 781448 542171 655929 543987
325574 620702 267716 599613 699975 511667 589996 857987 981775 202390
880939 367006 320770 51867 28185 936179 105738 907436 343152 833470
298428 596219 545862 741275 946350 264193 756092 858873 266681 223717
236657 536711 986345 359550 67999 163682 86095 640955 545607 257106
786139 727223 67324 173132 656671 65456 909388 182810 581026 783491
299213 673264 461440 359798 228245 212490 732763 142358 234441 33286
123646 779399 251508 863799 534557 449158 643396 498956 615588 96152
939003 502919 346160 946500 933582 942858 42279 892739 969043 713973
399664 911461 66818 755988 72262 811018 810491 247530 241902 497894
314134 348376 790345 143348 652245 467782 166791 479663 305663 658356
345468 222471 469794 927492 393268 644979 489890 110017 260482 745254
846013 900054 471032 832320 716126 224908 794199 754747 840500 699594
280788 448101 192077 623381 57636 241097 593710 794110 303838 94510
491774 215044 985789 896421 762125 747563 796058 940859 790596 2245
608744 596745 233690 136485 179952 91453 61415 184077 85632 375102
691144 113810 149427 995308 206748 636345 457834 422681 495468 664562
923609 920064 187817 211753 709553 394480 687275 52060 936198 504406
257108 563526 811919 155450 289745 58053 855321 356604 855091 420727
659429 935893 629332 36274 295813 814667 46820 858209 768491 659769
657884 161446 769904 586369 856258 208290 609941 833508 597655 830033
910727 717256 259755 128252 223612 16082 944392 265403 645274 647626
249717 453326 658780 89341 641087 799410 24651 326264 237577 658231
26606 969954 495372 301898 514455 960970 803582 511508 785855 797203
694558 523974 476276 837288 747921 761976 941551 39198 951385 598390
562109 819159 869734 415999 745706 212040 336785 922686 141756 785395
661206 822290 466039 303468 927149 614638 298438 186243 245488 267433
36496 281596 677776 516662 233909 638874 667383 712823 237399 313203
952275 149383 207964 191895 695156 743476 356184 600579 651988 98508
303581 375052 794520 37118 548061 673387 404110 317989 569969 45573
515113 35104 378991 773609 874167 200250 395546 306367 655058 222853
712780 968558 209673 999541 500564 708161 630465 256687 444027 146400
805348 859380 57325 596834 132141 368522 258654 858364 538800 574571
651175 147785 914717 474729 646988 680713 479119 820710 228843 431978
896007 247981 287713 991366 738861 380772 246180 767742 250342 103159
212703 264291 778275 416459 127519 359850 893772 668547 88799 717113
459672 661927 964016 192048 118955 484589 978973 643251 147580 684356
209687 385843 312060 288270 851711 228208 555471 702213 567787 957410
556462 713466 490907 828266 300122 70045 751554 918283 525775 916635
192187 991146 613929 599864 506626 485649 617344 276579 924015 534515
361965 63611 511790 500505 592605 264659 354322 136164 61024 29374
93273 850743 30002 661784 277206 614136 777470 699661 376522 359344
464016 281216 175285 690657 840974 552823 630240 464081 821565 442183
397204 514223 513 788644 365129 72082 442751 30842 224442 499770
475700 194129 216989 836794 20427 532432 572791 397806 855134 40297
227943 881058 524114 63695 596683 53330 154295 319426 426728 16717
482919 234272 489179 689831 982642 708238 560690 918796 472102 512057
25258 722081 701738 292399 104114 957135 397639 103121 849502 284931
69527 247285 297584 469417 890633 379132 905462 572839 802444 988896
932284 202829 860228 857043 650062 889490 902261 999222 999899 674975
18919 132702 622076 768841 564454 827381 84948 58426 574162 229336
764356 258980 851660 416368 992068 459326 818065 826348 548525 136560
828506 445209 191246 812631 87543 352917 29513 412185 232086 508855
469137 55806 830538 552202 573975 583560 770459 26937 8913 198311
355231 126245 489243 516291 362059 313769 651542 427415 132270 926942
151902 611261 185067 806216 714689 394248 208153 483333 751867 882560
775026 224956 947055 599068 858021 121271 411566 282728 288584 756357
730165 978384 572865 212470 150731 398865 936912 828603 768416 497718
17657 509222 812831 454455 53282 120470 282292 87866 418564 738121
98226 135755 899626 213948 145369 110370 840235 449489 763141 150517
881640 595404 748021 511142 913069 309732 77263 704409 779645 238308
623442 213552 212199 560221 97891 369018 555957 609455 873038 643128
421537 861040 362097 445191 154455 168291 656779 808996 784757 887673
490496 768990 483815 697437 175158 957601 909620 514552 581442 53169
743044 493840 45088 290522 823813 572360 462938 598324 440263 936018
337249 520506 336795 116679 532161 376837 716815 514978 7996 30599
382109 438159 869325 302481 977986 715356 400045 60184 751749 395601
761337 971576 834981 570835 889869 525240 413605 541068 642331 81603
727604 50343 914383 754569 857305 588858 10485 853194 888767 868021
804367 604731 665336 677691 351245 494272 557301 356415 307395 794135
926845 799373 586708 640889 132067 47152 347741 178388 466418 209682
337753 979729 411843 857350 783729 290722 458753 422958 84835 365106
754598 80174 237716 433518 813681 431653 713295 618143 670025 342793
209727 267538 706053 326259 122184 976851 341634 873494 316470 383471
873291 237371 218957 450665 581741 128519 620627 83787 898214 810175
156842 244914 588524 967230 505796 300794 774578 843053 207932 271260
841963 460256 924036 149294 735803 780956 49885 277364 646596 124244
284764 520636 217871 694607 618355 133858 978535 895439 34397 840692
959896 412754 531151 956962 531541 794376 655984 675324 291516 327552
160522 594871 331231 38233 337437 519261 272559 95145 162743 603094
741290 941573 152312 811432 913045 351137 379324 672462 301021 968137
981809 898169 782132 868921 701437 6499 791621 793638 702222 569641
424718 896919 684123 27023 100378 597019 683221 256469 836080 216966
550355 109078 996388 995329 405268 364152 555004 199464 681647 795572
768278 392117 936916 631167 387170 349606 328533 214054 158672 457372
552200 513454 865183 65114 144095 329840 587017 460048 972513 104822
198719 293244 1328 588135 625380 562398 918539 785722 269611 919166
634353 349211 186066 774839 577074 227183 180530 202972 947866 832672
558578 466107 990654 933848 148768 691290 485847 616161 951910 442325
51241 142092 974875 664526 676278 390981 833713 43551 717213 939093
547012 828447 644721 268231 588634 950370 524189 384357 168920 978011
293574 583823 935147 12397 127328 310375 818512 509493 298392 344497
276485 901071 261273 521940 33368 134280 650465 486053 638125 173869
453490 920651 565997 864111 941219 950137 387017 557965 666423 583542
404495 689606 153588 24312 121813 931678 926596 232217 135167 809777
494695 521196 141368 631882 649084 257354 734339 807211 987764 424893
711600 531309 255270 258367 492439 729808 708028 768002 667865 290810
610796 84104 198143 13345 725986 621590 985348 254661 256948 438112
725055 294726 715838 725388 835998 63696 535934 70461 575347 685859
161698 514497 716007 325425 202427 523209 675552 36532 668310 148016
468681 864818 223871 823124 725296 199142 808688 706618 127746 838705
433058 365788 239847 488955 180084 349692 723388 827769 939974 891046
600516 99808 864040 998960 181070 49027 349778 319307 854631 169548
336996 623248 280295 737630 724313 26911 929210 543344 391494 519206
142126 837089 289957 840040 969953 645270 496596 150541 127169 610036
578946 559508 653455 270816 55999 260332 151088 475697 615872 972328
994617 753759 504579 298301 839184 584444 620857 432325 813689 442605
174017 989831 932568 303724 734405 913117 945622 347196 878520 73676
819712 688095 821209 164834 498688 349377 634533 87149 803316 930966
620821 24490 685491 582575 663866 676110 209631 112762 643897 553917
933950 229371 668254 350143 922985 227087 472898 212356 160405 853163
130954 75119 899027 130026 674903 45208 814025 610640 975372 491952
484494 860135 54638 11428 513297 938840 526975 463123 883145 322762
946925 327140 848873 965399 558825 170047 455401 784740 66185 368577
236282 725538 403628 467110 165542 145235 698921 406113 42847 542804
387147 788225 978642 380190 949395 44576 859082 167369 946203 448177
91635 698008 296711 704136 984454 816432 379084 506348 285822 910434
648654 845741 736261 781940 427809 959343 809733 653359 111809 172168
168561 631810 596867 964887 280470 883043 891052 83325 719664 219611
71957 562843 549636 176159 708637 511772 497436 342177 217140 598823
937530 481842 367362 258033 71519 858101 652770 984097 764613 402475
457029 302771 380666 660682 975797 950188 973803 681127 173565 733525
428973 602808 202356 116209 436222 770803 596348 958980 744816 769537
881978 426052 802716 144372 384904 412369 995793 200385 845927 56199
430718 233314 771523 255017 493748 632860 79720 401392 201040 879502
988403 393192 661039 368199 36258 520376 194798 619441 800340 855283
469931 739195 568586 175126 856652 757424 359736 949812 354232 633807
765461 222524 173935 151547 909305 247178 626386 592782 928786 343910
208040 407038 650419 628568 556220 662930 451391 976795 928162 316072
594627 345251 82441 328082 191745 613423 482654 405710 162498 666012
213712 848865 855780 268878 409245 543465 975530 660008 9528 20963
584176 632684 264173 845250 499655 304968 508228 683872 690252 256727
724366 801719 823603 673562 719349 631328 204715 793689 222853 13692
765345 284482 955013 620460 223553 792055 966938 833518 183518 854366
245746 762161 680535 452649 112843 206152 469057 796873 23067 413775
277479 265912 276123 703798 202178 859595 250460 664235 688219 356109
448927 178842 841149 377166 176458 305575 973926 210220 971190 689696
719909 561270 436672 311983 560362 247682 313445 551411 671526 508843
525083 713114 619783 230286 469590 359692 930820 680426 531064 77655
990754 711619 265816 789261 460911 773104 895508 74354 683338 533107
971276 183843 319441 892085 781272 444230 391995 393359 370933 611639
453605 986456 788968 12579 167450 352794 512053 948883 909896 728448
381750 705699 731007 421278 761047 806393 217205 447174 14456 499827
855408 213115 790349 826551 956431 367900 992239 238417 816635 725577
104624 193146 868135 289501 114077 776797 645574 105181 240526 221309
887871 657517 342350 868946 653656 165206 238477 355731 31257 683037
608760 931661 421758 386168 314870 57805 689693 632575 314644 289510
195910 328646 981322 623120 186743 498609 98401 843300 808149 576875
481797 808867 95567 803801 518102 452867 744345 122340 485547 65888
771869 813831 788199 898780 576292 318301 158843 758195 106147 163436
658525 850906 45932 2778 520967 305447 669238 788564 298075 856191
814022 529079 634371 902965 940298 607796 263584 886722 992663 778335
437240 463158 815074 72832 130256 494471 548316 777396 840946 439530
564593 358653 302848 637499 758289 368595 453256 679236 269570 678647
759779 959336 172420 489433 631001 588786 854256 734661 449533 340795
430583 634846 597863 59512 841388 452438 529129 27201 265311 468571
649366 948230 256262 343396 771043 978169 242034 408448 667504 723935
279657 867445 441495 55250 563172 594734 665307 33788 964747 840292
540414 552068 579801 745558 363177 280298 65773 138363 184669 705762
998499 182853 812461 642196 49280 859283 727307 269468 81101 761481
787282 55996 397284 128377 512702 50375 339929 687431 629917 248620
486085 538360 102755 695721 559911 790142 184246 909822 575273 559220
460777 22117 733158 470185 596433 17930 357734 15841 689997 488758
382602 401626 887732 858422 85362 898738 927656 587296 781704 193989
724872 561799 887230 662498 711419 260930 195439 403403 201904 18268
512925 983066 416926 324903 12227 892451 39309 153873 691035 56417
652042 635147 788484 722832 217505 670337 627203 615220 555045 324222
269544 779257 367585 196126 837050 771305 244700 160580 955015 915224
140953 769708 22707 689673 967240 361768 281775 929277 930118 202693
361108 37423 329784 285483 280571 572914 613745 472653 944431 873921
997504 737083 120390 25935 209975 589880 296773 158926 806152 223136
139392 245296 577116 458930 53149 24581 349715 374272 608667 468295
358343 502861 356784 592279 518427 164453 878609 727818 538325 425323
887924 501039 514620 117258 809358 179912 782285 575456 924121 701339
116405 196249 599122 741328 14429 497538 151950 591356 408843 746542
201442 805275 860983 607832 707944 229448 399607 668966 390977 503786
266366 534914 627714 426966 966767 12549 408866 763816 497738 681344
493852 616700 254863 266874 46160 529927 678845 806219 893813 473455
138027 258130 730792 894374 357153 535143 808487 813181 248314 294572
895932 363687 592981 184363 772509 679521 607355 101430 388073 87490
85719 815662 208077 38571 845520 533711 264995 281022 327532 205887
705266 259592 291955 622056 491990 2547 282096 544684 431468 827461
601991 974851 626504 931641 129920 304302 368538 842601 376154 538474
500959 258490 443108 165978 75390 204886 126851 1096 41702 974777
659871 884552 429981 617024 310780 871286 839275 407092 658334 991066
140940 969775 971420 415715 428911 655960 282599 710163 352362 717913
442635 161340 645124 958036 46313 800850 262490 37953 266807 555320
970146 116587 853672 519316 375796 699829 953318 759595 899832 753800
694051 303441 225919 517388 822549 79310 39703 988348 880388 808029
81857 930924 21732 28011 147065 527300 124548 999801 14562 265315
783557 369041 653855 625755 180060 988519 516251 216999 329552 380034
180403 709810 160210 319611 3324 952686 927681 591167 291553 219169
725119 114713 529517 68961 403603 255274 890396 498641 821096 728521
257787 611144 604548 311950 32348 736238 166435 8300 184710 144507
875983 822646 398324 187069 8054 589914 658749 821683 218959 714739
879568 608195 373685 31768 68339 246904 178218 458733 965922 826743
997912 737684 219436 521595 604400 157426 431420 614735 517091 771039
860947 53814 239658 151882 579937 605770 610530 580947 813558 574073
46379 906828 333638 271871 383122 835082 842983 643225 841646 911970
712172 571909 637008 202633 224287 297459 428840 960819 472083 645960
119165 844622 212052 27681 100562 664157 473246 887428 996945 77008
791143 735822 138968 685359 211129 190366 267616 674580 257984 336282
791805 100187 779263 557747 834655 255330 602505 471522 738939 180544
439599 811451 490440 860436 804755 521660 384429 215472 148447 40565
474361 236352 998467 910837 742707 869402 556733 104180 283831 680111
467960 239873 109347 646536 698174 265548 900853 332460 44537 574620
745152 260915 529559 569575 582368 492019 815362 213476 402785 804704
589629 549044 539404 475149 462534 293728 807479 721113 915316 183752
491252 991273 141840 954448 229504 444379 848420 710221 516495 163834
962687 928118 799601 899593 623474 188540 146890 788328 725600 336803
123496 943192 684436 52516 597166 279166 94346 452598 126141 140821
728152 955697 642872 816460 388573 288460 632932 889362 425851 867218
568205 206099 902825 361682 478513 235369 292135 72080 485315 401963
703328 841161 742962 614784 161028 834178 754200 206065 397901 12845
514707 866860 844183 990927 305604 817418 102767 507280 793818 252648
189450 615852 12636 345456 54419 688662 121374 74465 40267 255989
868683 278506 417922 9301 60372 619331 361785 676471 942214 848224
49204 111093 447954 215566 664747 903399 601095 817974 266390 174891
697859 897770 489882 962303 667120 614409 620115 948370 987653 427076
337970 611180 652089 710103 610452 986254 341265 136641 653028 376135
42310 931992 807265 158268 745208 892487 987937 274129 781626 387178
772329 522039 101719 803394 938485 551143 801524 879791 670236 491101
525308 959029 295049 703839 247591 792225 995965 579168 53593 770789
465890 418296 728159 953276 380014 834632 291012 432651 891411 485766
91186 74333 306226 532740 780458 804958 894992 580495 266832 714062
100872 491599 262105 29355 563217 265528 558301 267839 82338 330911
951941 182993 504892 896085 969762 848486 109637 371402 347495 703569
288547 737053 260305 351179 829715 679843 774147 143579 649251 698953
642457 50439 461223 962928 472362 9671 252829 932384 382699 929771
280153 620829 535559 480911 802949 869822 893078 152585 250139 379865
528817 240012 48976 109143 431999 856542 914701 67895 370160 83323
741462 311360 716773 124444 598620 800585 994452 611393 778434 518842
135894 647830 26320 977385 270899 956581 542526 320613 190054 688301
302804 235577 634563 469767 998935 707537 848686 136243 12330 279739
572413 248522 106595 935138 658006 816186 351966 496544 180122 393668
761765 838469 166317 344952 526093 160309 783832 431776 41929 643914
233353 378291 433721 985405 938860 711840 553577 987750 931848 303139
860634 155224 993223 725117 37921 136684 849364 54946 697365 612950
975029 55973 238811 252619 836164 339122 229000 439939 271730 856725
223693 294441 297390 72833 589775 854611 90260 324545 324921 600548
230637 703418 40379 997323 528528 151656 801309 672737 801911 557547
32980 96655 906985 500331 947650 346403 483112 741287 651514 561366
576822 976818 725621 622221 865374 471125 488071 873202 303702 231031
672302 226860 358028 138015 199164 190205 700714 327550 162072 281682
628918 811530 465719 773788 667532 988401 573473 165065 774838 905244
260936 548448 286757 879727 652268 195430 197763 886230 22384 439648
346061 556748 710382 467403 726312 669382 819148 459060 506919 297869
705679 397856 234882 338897 933724 470428 697762 698065 759368 497525
718744 964507 483037 223413 981281 989017 993996 476233 982871 8308
293221 660557 166820 872164 762 630138 313490 906743 351850 783043
47167 648574 448212 47497 374767 405548 23318 24135 144389 271057
345635 478016 750628 116663 329447 835020 491172 22214 845271 418599
782185 130454 502193 805855 938213 440597 46967 378446 24726 82561
691928 424605 625593 520573 181840 253423 98802 624592 586800 524629
253090 586925 758552 618910 157420 420162 418469 40553 711182 125889
193168 543780 148615 961304 519033 972351 897655 366706 538808 794597
765815 31833 276666 85043 434453 477427 256624 588731 2324 282695
384757 243649 681553 298296 498643 658703 93432 985050 748499 262712
590123 698758 639299 672483 13057 872584 226754 611247 479833 582968
429759 514885 312027 950928 283616 482158 550517 706692 209585 440014
166229 306092 243366 241276 76558 687899 456501 129942 395862 865251
410196 133896 516989 817995 816471 757663 974466 102288 192712 337502
548798 971263 37855 481957 818878 178177 132171 111675 739151 705032
820919 719082 40626 133240 908112 91910 337517 694045 781863 866834
3700 40365 153195 299228 209364 715755 984814 714201 707591 33081
763721 882394 460110 445720 71862 170571 660174 376648 403727 185376
791427 592461 918657 338073 55681 536491 482949 668343 907940 542663
93527 648897 512047 251837 579697 667001 585315 67423 906169 172638
640000 424388 469303 76211 753096 260789 728399 333420 486570 540949
34759 939475 412528 481550 47583 666388 19768 415174 805585 891119
352537 542774 884345 372655 450804 503718 783547 972978 688054 768801
358663 431405 444019 955832 512515 851195 117034 764462 898688 995662
477886 57875 835372 573300 523045 156150 124463 474916 3288 160819
661342 130164 273507 896695 327373 497858 443873 458860 958594 152574
214470 481149 751288 238047 805618 156011 334405 690806 681047 433007
680262 91798 256384 632574 350017 857489 862818 884575 47329 251820
118565 660105 559380 744662 569380 823802 553721 645547 190277 707006
334547 916939 963371 195998 362316 811768 629052 170049 155674 289427
260521 609579 949021 396501 493143 139322 393397 444371 542077 940685
71768 424719 724350 498345 557107 89321 674045 886620 886572 205720
677415 430302 924800 974619 517943 542963 830163 858488 490635 26564
727460 717977 770183 471934 910446 613538 471318 526477 863350 277486
584557 419466 58582 507548 24458 952687 121178 77761 899882 735136
578843 135440 802910 281064 645401 306755 900019 757178 377434 896985
329448 860446 361264 164013 871924 226826 433294 840658 541142 16769
874616 6729 877741 776234 983752 386400 260947 857483 304833 94437
617271 114418 983185 966979 6151 838110 921533 416641 90363 162291
915446 120120 551504 434317 736047 441506 96520 993067 660970 380184
661291 377416 618134 933563 674988 768499 625497 74075 923966 409518
336323 995130 703295 142516 314172 357436 104219 7789 369824 572963
563512 23152 120265 26581 203272 738666 208585 806008 934029 750852
448452 204966 509019 704243 451748 612736 243758 715330 274106 734961
948190 512813 551802 877385 646560 861037 358217 904059 151126 243150
868629 968715 736560 570035 163499 104661 830401 856561 37407 399102
46920 309972 126832 310070 492500 128029 961249 555562 458369 525723
862648 556775 896939 909703 685313 373132 868193 467402 348427 663946
846478 198158 950605 236798 350491 523951 736220 150812 131404 617357
274957 624282 324013 618867 988978 382587 638065 996558 143945 669142
786761 966015 797059 606260 221121 94804 982602 469162 375077 254652
349303 146919 739751 745737 982891 808723 116548 570894 970020 121608
802975 735356 629477 563717 175586 894407 183929 309690 708925 191350
758555 722013 235761 673417 593711 662204 230249 90713 366972 124363
213407 985330 358515 670007 310799 924720 52232 579622 186440 288110
641119 650415 637351 585218 357905 655572 795642 497874 838656 336279
566220 885992 735239 71133 812954 551156 284424 651052 538143 440822
506559 461563 543105 142518 377006 294486 772828 818273 927159 907096
862725 645021 29282 444952 404878 894963 222573 535859 984449 905449
95765 72433 304534 137339 695722 837558 476701 594255 997282 188075
693672 75674 856872 858415 143447 44486 616869 977760 779277 796525
594617 845963 305117 826956 581188 88418 374171 515358 58206 533772
283744 559355 940366 874039 712255 964797 371009 652704 766958 322096
991092 575668 734859 878748 702673 91845 796975 624793 245608 652205
816693 705726 440593 807788 361032 709960 723694 410231 641594 868845
71136 406239 980851 678054 916055 208670 416443 826961 916119 355377
945890 22343 668345 311495 640107 149834 898039 160960 861659 368756
289722 900989 183035 771670 998192 605963 728074 410886 560875 958571
312410 250879 701828 372423 446418 780838 281525 485891 930291 105722
258387 684020 724553 848497 259493 543035 44288 729287 116957 131041
54562 837030 866592 163519 845985 883792 56803 768680 806600 817797
18213 656249 138520 200705 732177 176148 182533 931277 504941 237035
557209 587025 127930 853112 509429 588177 802155 676062 208090 805640
354743 229046 752595 689501 698160 314299 230088 917822 667016 904537
838665 614671 18622 756571 654144 668687 812758 417835 413203 433466
272198 524910 582009 64564 916690 908063 429709 492785 507697 419381
498988 319713 720027 646861 129734 684095 136894 606792 655314 134456
83213 706674 110266 649505 889573 533237 296294 991301 851382 386988
746634 966372 199028 257799 569565 55121 35788 19743 245132 348320
573371 985266 840051 122795 805694 738866 766421 12714 875228 603388
447893 546820 915489 292145 686103 157031 322557 242233 493892 842190
309328 206913 248586 474080 252991 399811 528755 730536 569079 588360
112570 802574 130607 878723 989839 423834 901445 800163 972758 12577
151127 639091 32325 565231 9601 168780 696411 292179 290107 420921
236829 82519 592218 670788 567386 7590 80063 892409 546876 330307
850436 828100 260004 1947 509088 267786 959151 980873 723527 137840
873967 821714 461879 605223 642571 55579 828498 688145 868727 644881
640803 115787 743855 449634 782894 607147 381474 602999 95983 792340
27235 36801 556715 262866 529837 783305 940519 340859 501760 938654
590851 35011 912312 480403 385116 290671 370453 447208 754116 497199
3862 988692 600341 937658 103394 296465 680437 939242 218302 921669
296930 846771 68169 340499 374096 425071 199758 608476 928032 97234
575246 300759 417356 162728 481418 120146 943195 102587 319882 710510
705517 533271 512819 956722 344707 579525 256971 84592 568384 382207
211921 568170 791787 749832 488974 719708 765503 386278 673646 294790
291124 491309 452345 379572 535925 654345 494446 779902 769509 536989
150615 157724 504592 118061 370287 195967 542716 805026 816250 443909
164441 340480 239379 235503 536692 977880 49437 159986 872791 57243
458756 245094 671346 5760 582084 46813 398645 945016 85652 657583
809029 894351 109181 610802 155188 465121 625961 615291 179540 611222
472166 897345 117060 654165 264220 753288 433272 94844 712780 463946
423927 949553 445108 791478 282456 198455 476449 306063 185721 966436
908977 130543 586903 428076 548070 170712 745718 88168 650770 732172
563355 782395 988343 674035 625595 861956 115084 8629 83655 439903
583396 218298 362387 415943 115169 823670 54198 702260 55221 818297
881529 20099 708171 270646 443807 457208 378115 330464 751451 870652
330079 347215 690923 233018 627574 577941 634080 722707 647686 755867
405052 946278 197371 721723 65526 246834 494937 43173 646642 893493
663461 41905 631074 179189 519967 901243 278413 455074 844113 440134
107582 37432 312251 125598 282006 722833 207489 469994 762858 467259
478953 428125 705549 545434 191502 31078 862121 645931 103099 547152
182327 793058 206668 457697 391171 266010 952374 12892 955452 484043
825905 443070 439828 369795 894351 387750 296057 85514 803128 745950
242107 298589 927551 24390 917861 986776 382089 43983 119215 983605
831707 195843 621489 50591 214560 812872 54804 868028 635245 483730
127340 514787 120149 835486 557369 484627 708495 449090 699666 766195
131485 771667 40319 764134 386172 887150 36229 159987 790222 914494
377125 288854 155904 35550 179422 792693 769684 763685 875510 787937
842920 883522 592060 523201 230089 506736 578354 942598 683929 698457
706310 943930 561268 844637 353661 168504 42284 934045 776484 503702
214751 977528 953071 784604 920736 670305 948766 837485 321556 939178
817134 325350 107838 451453 662797 207810 154853 177877 30791 183414
491782 650875 628883 250533 282854 85202 998212 650720 189605 570902
282639 174187 487415 485674 573329 753650 436665 853368 662791 904161
464417 390349 663436 159537 389901 765185 459587 187919 893796 79996
521875 847855 238786 66747 622685 863995 693747 255734 482783 166002
496810 141602 718347 45349 827066 842096 188382 319461 980962 28035
316251 439967 915796 853320 373675 417044 986062 207303 937441 564344
371536 782618 42898 211587 845624 266600 377016 583866 996909 40637
88438 750394 748629 75792 722176 230804 337882 491832 885050 699977
973812 643767 754249 916955 64165 339561 930000 16637 232726 147167
105773 849301 427298 771156 90832 524681 739912 79808 158820 930218
387473 887013 28730 405628 588405 714181 189292 826092 265528 251290
838718 321845 902288 219947 376839 727091 895633 404480 209286 773225
75444 578613 286000 972942 755005 844494 503325 27243 328752 262430
222630 612772 225941 385775 106732 356211 783194 70410 852127 78674
85041 699207 181401 879373 305241 381510 327653 990068 240684 953246
104811 34245 703212 457649 726030 838058 313346 475074 720900 439445
81267 913763 760605 972021 862440 753031 711609 5372 552402 632194
881624 22097 995122 92309 274749 109091 704631 808271 884050 834540
314526 613223 396957 201716 580939 640801 504780 405390 670077 907207
809358 769412 880637 727882 525164 989499 39805 853630 199636 215273
541931 345343 666187 347413 892470 716180 746605 518753 182591 44566
320368 22646 615874 265221 888035 78399 263921 705178 251271 286595
224975 618839 968072 656394 551865 355462 876172 717098 219374 483589
823837 435573 909748 37604 581541 847362 985900 672381 965154 300597
959980 224913 217997 622587 716250 299712 661983 496270 742390 831124
261019 30883 324556 772268 124199 976846 566336 755197 829421 303703
326816 334025 427081 71141 892694 687406 882400 991166 161565 87560
102043 911864 40074 61218 719847 148894 593604 435993 437809 394239
154360 639806 766219 821153 927292 406414 965079 814356 162967 787308
128443 217132 284399 891270 151312 710232 299581 246718 113482 939157
844120 585266 918590 245767 453817 27260 708811 489629 575380 210277
755548 304506 353787 995607 400248 120407 226219 202268 774898 555757
248959 553550 32544 115111 611828 415640 176844 16319 748018 81812
81356 855812 467804 643593 901652 668790 231065 627875 484431 615596
144987 76374 213923 562388 172419 283642 452493 957263 581755 329906
42246 314242 101205 163724 474074 176829 395911 689561 322035 145301
412431 655283 173799 707306 113633 132068 334715 846832 403722 871504
385572 589997 803386 811429 777298 467500 681688 279083 792512 541835
974618 479826 645328 357259 708632 359228 277625 560283 540456 398613
916972 166366 134589 559792 961503 85861 347595 410156 872867 120686
522367 276437 119862 620436 182186 847639 529642 257483 939075 57081
955921 937415 810461 781004 278698 331931 618914 852240 91040 66383
99760 921401 593966 57487 330609 934490 552015 265614 969772 730153
404134 723053 102804 864674 53460 621646 887672 297401 671980 192203
54594 711427 115302 457782 564262 924354 150263 140844 530278 307134
948379 442771 445499 96378 838240 113283 219880 353090 594836 391209
923291 532847 676358 630803 331607 717683 189438 580662 289364 199992
318397 94997 850600 952291 775115 851209 419670 920565 557179 979436
122379 548971 161190 844282 690944 221357 839613 507315 961788 734389
727072 940004 793956 578782 762460 6629 906658 807102 422184 683386
579142 793643 765884 781188 730575 368995 204075 136114 219788 371281
922170 863332 595292 163512 937674 62082 277981 791306 18489 903361
160953 391950 365406 438627 273195 546318 859423 182865 507715 572045
264866 236597 740114 910376 690825 271879 579666 616236 885024 603430
421248 630635 961273 720360 270547 97106 534026 870661 488551 411658
591192 163322 897389 291466 325197 480264 751983 845479 892777 196220
860777 368983 565834 841816 208367 634281 415583 10734 837887 202049
183761 164835 433176 5216 426083 405701 842676 81464 109779 899355
786177 176225 431991 847856 979106 889343 77656 44541 504912 747842
726355 767037 988797 392036 669154 461093 172446 206702 739158 552226
394143 717985 596432 309332 538987 184990 925141 932501 140852 15420
409704 39282 307084 585989 956026 163095 893409 273297 519635 433268
702138 21694 874158 956128 649517 570008 523654 344657 158493 899095
440148 697483 179997 644221 332339 280666 342478 236574 145935 32104
808540 731591 907158 700107 938940 974899 436312 390759 412640 889383
951223 603881 420616 329222 616656 849940 694964 204843 308391 668775
148013 910127 320063 306430 408660 379521 873480 138540 655675 588212
969256 379541 754842 77961 557952 672572 924064 919787 881514 878352
337776 732583 613016 371889 591505 100562 341801 256310 543314 254688
211081 982898 511519 965988 648825 286538 327706 405680 321952 636593
393428 995002 715967 631337 464217 528630 586716 225663 435564 985392
897459 461110 814572 920878 94190 127974 196240 825604 20942 271892
937337 349118 121420 485953 298804 282392 508 153712 285419 299548
940792 218714 246742 883268 78913 441614 143571 124544 142511 416838
320188 41203 664275 251820 202664 508412 208791 877035 368529 439394
267961 81741 232646 89606 975535 74006 943953 176091 956327 165521
921885 498365 705635 432205 766659 253298 360434 548680 383961 80518
406220 42078 880963 328124 509759 127547 779843 788313 736355 109051
852796 784097 211108 430044 574299 195781 65413 85391 612801 229629
48661 562750 596540 632148 836268 538814 589442 949619 375942 486339
486886 323314 629404 6452 24563 392523 116952 923203 511663 425869
944526 76099 222797 743906 462139 815166 666287 513067 27542 85073
271351 38869 489714 85769 892338 415989 729248 787422 795992 677305
630705 625973 54548 396505 416449 198626 967575 590014 475491 117998
516183 428911 227464 178075 830570 12055 111355 136982 958788 397513
926002 800119 785016 809799 422964 544202 683161 133797 296332 96871
180343 983313 214062 905669 67321 892108 755514 118824 812321 505607
343416 366501 189752 796683 444704 704821 247228 528499 570898 482148
758500 85212 914420 494922 720483 637552 496811 458073 845275 545278
644169 665556 192290 647992 572870 76182 741970 879334 21405 209766
60456 596939 767123 493109 358027 64772 341552 902075 594448 454236
296503 38470 946952 597534 986574 225782 679024 482551 533838 301800
846108 128524 913303 402432 348728 922869 29766 290441 335051 378571
230165 368460 797480 405647 549613 741889 748115 796237 456491 834712
945461 892333 802115 872532 847831 264140 192285 790887 303792 618931
26190 233108 496254 740585 485210 71075 744099 494534 995716 556217
167337 826601 999546 847037 344724 301719 169810 118803 60316 999783
96759 883428 385606 560939 268651 543364 868875 181829 252042 106142
833270 502649 457946 509807 532957 496904 639853 56849 752458 44828
996224 964569 297212 806328 379179 475298 419387 504759 779619 313641
369350 382979 273423 416068 272894 912040 685949 8559 125025 281785
877660 287404 434129 635152 934836 801552 200242 581985 89024 259035
444000 727914 837508 691461 534141 103127 843740 72747 601425 821184
304384 990930 548711 109997 967963 315731 220925 696852 904077 647088
879443 97788 821365 778804 448714 89138 91961 81291 478735 841194
775290 996936 343709 357349 533202 564583 520668 270122 903414 329586
650290 611407 991086 237825 344320 646309 840696 792413 484778 707259
312635 83232 361832 274046 45442 516795 491905 566216 922068 294868
516251 631191 598049 823334 855174 209988 308745 371022 430450 655805
451041 166372 230829 668746 924618 548306 182379 527926 941523 143965
429669 592947 31446 112968 296252 591075 225537 640386 426922 972292
249385 129427 769338 69227 286597 789587 532246 124621 74577 348154
246185 814976 844793 665513 103925 655311 698061 519214 124192 172197
929598 759642 959725 63847 929814 408279 517449 229230 201274 527165
291640 15954 113017 677039 240418 870331 366401 671654 629608 39106
447975 574700 655154 324788 568797 626714 774957 163726 49763 513249
17407 604832 940672 151557 741766 350227 822302 812807 409273 356827
751393 762548 593047 990380 88191 114593 699773 960771 75915 913731
731599 989982 174905 653413 783012 71301 357249 704206 113093 188421
588102 621325 524936 270444 487927 219147 30219 149179 488186 937641
676016 968614 713258 27788 260725 838959 33389 258805 899983 831169
834541 295708 468116 637968 523955 943195 59181 542330 808111 744518
881268 951854 130753 466158 362839 519843 795475 278190 458180 530977
659583 368869 678912 486697 541814 65707 773714 88186 988101 509520
17077 832077 576544 647375 126171 531137 683394 385379 200130 88368
418332 939139 273965 754783 558569 313335 403844 17592 353982 642625
588401 126111 75169 222976 769586 291340 940681 969927 42861 536385
156387 802597 377275 494433 306233 171063 183976 124329 973458 956213
711331 79038 213607 393229 134759 81303 849951 671146 175576 181117
395367 212509 578105 692760 263975 420329 421231 196887 579481 21073
663655 682467 397813 821952 18484 347119 861669 224057 697725 940093
717834 714979 154031 974623 950694 666928 318827 945056 610555 482490
884236 766230 765160 304414 7706 872564 64109 87604 907414 136908
436195 447293 818578 716754 283686 790136 652299 94587 541406 11826
732756 950885 203942 387278 492108 110683 279815 230934 549976 925273
264173 920071 981524 429422 915642 527559 543358 226680 604101 831990
320884 367547 268310 935716 25673 797355 698061 749054 569205 593385
190741 646395 699202 73380 502475 416218 30289 98283 42489 330028
197299 855216 417855 197812 10987 231419 836128 184591 221928 805431
269684 531908 625119 738059 471802 886898 57299 355176 792282 776338
207056 793279 667045 93938 681488 645636 915906 904352 494175 339285
621180 923810 466053 669160 646190 903724 458294 146891 404220 432795
888516 727735 178262 25925 772477 372817 478641 193433 885555 125444
97976 273859 586284 782979 818331 283602 142924 746731 225964 366119
726291 795674 896712 482374 521308 698342 130147 918904 69257 510525
954454 394558 111956 864304 941161 294869 621204 37766 632383 800026
929550 928498 954658 605955 171975 909011 873804 598967 555169 432241
335142 968344 48766 595399 9048 928421 945277 675012 672981 26370
398478 784703 322678 824294 458156 927762 619707 522241 912744 214242
734321 367313 902589 285627 735996 981449 870937 926868 187159 633081
540966 574917 539398 105689 782362 478928 622726 994054 243367 62705
921028 37565 827740 650556 532072 394134 67905 433040 436471 661583
440268 455488 519671 563858 97625 521477 280335 474899 457953 856787
173071 69107 445334 952408 454161 645343 309912 626845 558836 948575
415902 679119 253424 244401 726022 925143 863311 639281 409915 83891
276035 59196 871741 307852 818247 642872 545688 765058 734027 790708
884415 63805 734655 806707 360793 3055 884265 237015 594005 291763
55756 711820 348966 837951 973935 568259 825238 215440 668802 906491
471779 795074 945821 739847 240950 534084 953351 469934 879338 712698
573239 600232 122327 198577 631076 54105 48295 871409 412181 809701
732367 423272 288114 869537 569347 742229 300594 139956 592252 649957
696490 570294 232532 851315 158731 904132 645865 253180 585053 729756
664392 684111 3376 221904 791028 952764 680799 450241 879445 707721
474614 780053 108714 500154 898685 133017 54913 403460 559736 159183
177468 424698 196687 305702 521066 408527 886071 746378 964133 411655
219597 962511 914319 584041 184561 183771 383193 544226 806342 862111
824633 234605 257641 391599 244556 613329 845024 657749 839447 120355
917241 841243 259997 220495 54281 584617 424151 250131 290235 196353
995052 329008 338439 652187 354036 373099 878808 827638 375971 354763
73586 465121 440470 45036 13940 503739 329024 309366 669877 285451
938417 473789 834516 769671 351441 45011 133892 326008 620965 22694
543843 877795 38327 282688 191452 377977 517750 666176 696841 350637
160100 249084 906498 969925 811018 431591 676760 919862 789350 590192
590453 97093 133875 936165 779089 468402 439604 618379 255214 131704
734099 364333 718520 885248 531869 542711 661284 336684 498632 118420
669846 506178 461334 757039 687426 539185 4576 412631 220749 496034
169947 656783 960224 969974 791802 585983 775064 632803 281226 814087
34177 562453 915083 142302 980309 895438 198091 475279 194780 68057
9 924097 83549 757806 872649 96701 449987 465025 101175 631311
612409 537787 874787 741915 727411 828041 109267 540255 226467 604858
956212 15233 722633 55989 244568 630253 213770 171682 954359 294584
952350 572559 401079 28667 593372 650905 52992 551555 604825 669242
860316 148248 693251 968543 643054 25477 77910 340316 849333 469791
924161 111454 828580 830877 660839 752080 637317 425196 637157 728265
956914 527791 36972 213788 450816 678440 250111 80473 847029 866788
769959 584512 240484 550083 555245 722744 65361 236279 291264 444744
394575 686448 690682 930654 364496 675294 65959 973359 577346 286154
643667 733344 353819 41415 696569 330842 797887 330833 497390 32250
405694 313629 643686 864884 675819 751957 627840 717110 966915 908066
98505 935687 629313 364644 139274 884035 132986 722671 689211 634646
537144 305037 140330 513320 212373 311753 29748 612614 78584 169374
958909 298310 121267 280334 653001 435979 27254 149301 978258 348160
954033 247819 835046 780519 816400 781337 38391 328207 707939 264236
852097 140387 620032 750323 167710 963174 132705 834471 135222 825614
391608 197293 512435 994185 605931 897029 426786 329923 275068 429679
412272 475535 306031 303960 134301 790106 443193 347592 407058 959593
365961 969915 457727 848042 381215 509046 489323 475465 724092 972319
712844 810799 385222 756160 374311 896996 882819 655890 859039 655660
307299 164224 839207 323590 161603 523867 390579 682213 667757 869106
228553 251521 819730 247806 14378 361953 171514 575169 620132 400172
50155 615872 537128 278898 196373 780065 766245 334223 251110 747939
326595 235810 743082 67711 833417 380344 822982 571859 862658 295121
492821 814102 821704 713529 264409 542197 273552 215976 131930 693938
499901 184592 560279 182871 108410 620647 4096 106782 180790 663847
648579 699946 740556 117324 46394 635620 257320 284044 305866 82756
484820 977788 951831 511680 147135 311088 696331 261960 673449 630276
309903 327931 503009 151206 494969 681994 97514 609487 473618 8791
574741 790665 64875 202295 621887 831288 165711 627603 568993 150872
924988 595291 882557 554728 80305 967209 871509 322937 460823 421449
701472 266059 402456 511019 356015 510312 721670 306862 475896 383989
612240 12025 1478 741649 612561 746527 571429 499016 895742 315932
463591 793830 686866 31622 776988 973955 309719 350400 496751 574858
613109 973398 896654 191713 120328 477460 801729 444265 184261 737381
169552 152601 596048 957094 824128 137176 987619 188304 102009 729464
988159 216423 263801 359581 925816 173726 397072 363798 577788 188874
265914 694313 133248 36412 516015 21864 169646 92178 330390 462285
629133 73752 519697 567095 228227 936448 601401 866752 588162 292372
362788 728861 763238 451602 428004 288898 236134 523305 995595 910843
758028 126035 164027 660433 854654 945344 14443 589652 438917 747127
627795 676321 775373 5002 338845 823582 888726 840270 625650 178202
629847 723584 224994 605235 666359 45278 591437 558278 312832 516301
358020 529236 858447 742644 353989 887845 899615 293737 424066 592069
179649 429314 662252 228845 302428 444354 701416 954656 158772 53317
989030 670968 821039 606382 896562 322019 60395 347988 674142 292498
944666 277449 407157 912282 507225 604156 723940 409364 783567 603257
61198 622793 928316 243101 164605 204941 41084 38818 858066 161827
689812 362087 286226 193314 618797 735020 232943 700831 401257 310628
406815 302746 90255 69622 824273 28755 119882 374517 586389 702387
831002 581404 618160 66994 65418 724058 277808 536712 331577 753913
792498 396621 763501 398489 61781 272749 15306 717455 472715 284019
298256 20838 820131 841696 866498 271751 646095 413678 770520 662092
806036 857226 902468 167176 488109 158344 115793 92694 821536 794846
109378 482449 464703 447703 960932 214230 664962 646042 39685 494835
457543 271244 539435 182686 603065 805621 780259 67692 242288 484448
566433 287127 811988 167990 92429 357692 988288 298906 136261 550589
852967 490209 295581 466882 386162 823594 745388 255912 299915 566375
778423 678834 846380 746369 185869 213825 391644 740952 18077 430976
689416 331420 507666 911466 411052 668798 43307 685521 629499 612651
677737 340943 650836 499440 301015 997454 275517 645259 629634 680237
647157 725416 25268 755210 116866 730551 130750 89246 84730 237876
633160 459234 473676 813341 685050 913526 542222 197399 763899 115915
212362 615890 275558 462383 345517 105566 401000 243242 188363 344218
114821 206901 140768 758957 534828 626696 830577 348514 283289 570394
920994 151454 149164 216634 259335 348799 645155 366805 301500 859457
979513 200064 165189 539141 592383 827045 882696 98664 735583 405584
856697 723457 422052 816344 395170 437654 795906 655746 231927 978010
185251 966552 701118 1602 839817 234241 579392 172547 256355 446846
644556 854683 434020 192905 259230 955163 358905 799888 85526 89133
37765 910966 997629 526307 14677 303786 314604 192755 184331 776276
224886 465763 806075 691290 497561 152207 794396 415573 706977 606090
789403 816919 638682 500374 626376 123047 134911 661312 684404 320961
39681 252076 720301 772835 814477 503606 222443 127817 167546 423826
69502 583174 812402 517865 476623 639014 413418 58078 635932 696951
404720 161011 344042 916658 393900 984430 270659 162837 71064 848121
43978 749523 801089 161661 856506 807849 871668 176806 35093 474952
571668 647507 242081 982877 522117 321551 660339 915773 815113 91559
712285 930040 448280 101660 774304 93064 480734 256240 314580 179835
351219 826820 452466 563303 260601 247321 566864 454147 493797 752547
95196 441510 946071 693825 957312 400377 154381 176100 235156 60369
524880 696253 232701 783476 313205 237444 221631 941630 939475 996303
761291 482961 241045 338956 532428 704287 345036 705666 62426 132158
872999 853271 308691 960400 153843 510113 287044 733574 637106 32561
175359 669678 976189 948867 292301 137427 457891 53818 318615 322930
836017 306194 322354 122197 216842 33899 91839 810266 377474 342430
316451 259522 508572 695491 450607 320773 924047 901883 554958 503971
672405 211750 590011 263830 588964 53968 135660 465318 235654 887226
213183 394954 594501 976827 771229 833299 593927 316875 715226 689635
768783 7178 410294 993660 691002 615804 198743 343025 893849 621899
153568 863142 251763 118693 698706 468759 564050 891138 428112 639699
761864 290814 627675 200612 450680 350631 966641 613984 154731 747518
162707 88125 499417 309334 128780 204935 466005 536676 215034 953024
230027 199683 147895 781863 663240 538913 407121 865614 849770 41824
151703 343388 823593 263807 933611 324577 525389 586535 172387 427602
749666 932894 73552 585209 894797 921969 417323 652959 291089 892284
129384 517427 373008 572174 978201 868101 113077 539307 289463 312690
775130 108601 428468 628505 460605 92810 111502 562454 292247 182812
584808 206817 418455 74959 726742 988832 449512 955773 121403 908199
724162 543014 190120 996440 141187 535385 657928 951301 643 178580
324375 487139 139850 249088 504060 836302 597880 144187 858858 723607
5170 400016 730006 985858 474890 511227 277875 374239 305637 86186
519904 538188 459246 626696 10852 133589 301426 16136 361670 528317
933069 416609 327192 10725 95197 723962 668298 895448 786827 25258
283938 827108 554951 770189 772419 678585 470983 677890 748692 962957
607991 740531 228201 303607 662796 508869 37734 25152 377407 612241
731949 172574 82488 677533 924711 486195 551812 709965 889883 131440
162366 767863 663467 301496 500484 939523 248389 986449 168747 701418
144867 105014 293840 813328 260891 271462 902842 885174 840461 707348
39083 37550 691479 144341 266838 207420 381675 477790 42666 127605
877050 979663 374218 273535 782663 466149 149003 457683 629177 905547
762293 444615 831941 521051 123607 35482 552458 394628 135245 808574
124528 703048 336273 800351 110271 530538 693465 445287 683844 674857
814623 428589 166484 214726 759435 362888 649671 966278 341458 310464
864129 75601 177185 442447 193031 212033 698586 351309 400662 930081
106995 629263 506153 340971 550284 420098 908159 270059 998419 305518
927470 437246 872666 491832 116735 776877 911450 448636 651517 364782
298517 303440 349689 583872 790117 570437 456245 852474 9081 852606
943174 789152 623177 882604 726041 984969 715359 377436 16696 571855
561322 556085 292304 853953 71811 265560 502120 663998 877408 990593
303984 618662 834094 556067 718495 503052 564025 483357 982284 222435
520294 96196 826530 523145 795045 797502 39209 205928 396945 28120
41118 939052 394247 800553 682303 103879 697161 188727 101292 824994
556413 1661 163272 188662 572183 427013 925557 496715 615471 89272
738836 207206 194184 779654 23479 332943 932996 945614 664050 616259
560837 359742 675015 786834 249454 460189 143309 165106 297555 461062
440141 384016 980429 55184 128366 279786 776209 11716 118899 135008
526735 422050 333693 721799 729520 318012 260396 685956 600389 825193
70772 610719 853137 865738 601858 206545 162164 845748 937040 320420
876522 615323 254842 352747 574020 586651 970893 7020 345723 837437
337405 111494 811304 921073 745076 216143 502352 5437 906527 686646
470931 956100 713858 106740 398804 292349 446953 487766 368515 826345
378661 28379 359476 373548 945593 962805 142640 436637 867318 724979
444322 705870 519188 68556 13824 475324 990576 743855 499875 471161
957658 233437 495665 92569 602919 747666 366808 90985 473954 524530
838088 619867 157887 77595 635772 264515 596567 950379 727064 955639
771376 585819 934888 312297 449854 375720 739666 384731 780043 507450
483217 971042 581913 827517 627252 489788 344052 55606 941991 3944
511706 16927 410182 868526 101247 376326 380805 931590 156035 839079
534887 904939 330983 214435 269388 85026 906662 771449 360822 476502
713468 368924 137526 769268 704379 252339 506984 40999 726698 773717
346732 52802 848878 270311 389088 557018 611329 319020 643477 949273
633702 864442 403179 466606 217797 812557 614700 705126 841079 960128
509814 795678 927213 190199 71384 299651 127562 638365 978509 805629
624157 876834 442107 635217 554568 650429 320601 783673 635416 52937
227361 885978 366632 127902 601003 304296 846810 139068 473710 121095
879549 119465 84237 338559 9341 622545 723385 693034 167412 518497
658580 959776 438684 909243 885059 654581 951814 741534 790796 126290
109121 247249 436564 356305 751174 175410 500540 958678 637836 570246
607248 66678 421172 505492 419285 950925 129022 757616 674766 524466
436958 163540 125155 297955 773906 55127 453749 464799 366387 613855
453297 78279 11821 789285 174295 856367 916656 603290 284851 406818
724012 528001 823072 706425 713676 172214 863180 785601 545389 244897
707126 539440 747293 516413 853142 960977 99831 369269 288522 714624
207347 74069 980076 497198 540619 594956 835687 948910 105722 247144
755323 734411 63646 383265 787475 513311 616696 917939 460197 415229
659336 958058 368188 802484 654437 963760 783037 804205 245591 786543
306281 851286 707155 451957 798078 109200 31030 472812 859419 106336
210352 48671 725339 95294 710088 589839 450634 454433 383708 767779
928255 393832 489398 277190 303840 753470 93223 605336 28858 621917
100409 52280 166669 422746 575072 209893 852928 899391 399880 714282
478517 608407 783557 761496 279465 949140 735042 120621 365210 558147
347396 148487 303274 208664 47235 115913 326288 355509 305073 65448
583072 936766 854201 646167 475160 496488 500846 754333 237460 177266
998346 453487 978897 83322 930485 557363 674300 658581 83612 80970
861954 224224 44440 984529 688278 400408 616641 307 236800 724822
3862 549445 602055 14396 565250 506211 587090 339133 605904 670954
667150 158971 156627 396892 51531 41708 646475 710212 168454 95118
286650 611403 744861 984345 525170 41752 760970 105521 722364 442244
156063 332 675967 512352 897923 369796 160276 794792 259034 980949
541957 348594 142525 789222 10677 709007 525446 776105 620626 549638
137839 52413 782947 807295 373714 808992 948210 585935 323227 392325
25468 931354 347308 318715 154051 659915 99127 465540 598803 602409
822099 89018 365806 208064 462389 188553 531001 955614 744293 799268
827203 534848 217292 614469 599738 423215 848387 895292 205024 302932
114506 9213 459238 115812 514480 811493 630988 841565 500796 764297
785541 839970 980747 626472 718616 230428 208077 875527 130689 807079
707915 220434 887687 483212 529269 915858 551566 353097 715079 142352
640309 932497 392659 687030 911348 112237 422287 707877 967979 739601
362155 684372 679203 424922 706821 15914 445833 808804 653619 165553
955216 346691 363164 278175 431604 42812 417084 815139 582968 233181
944833 650301 431301 935768 108586 804562 809085 614727 749091 655196
834159 6641 117981 501503 73191 226156 387961 183677 565769 323885
847130 433639 956447 702278 895168 386167 890946 193092 932805 370322
178659 103609 51324 191228 494978 51808 117632 633771 285027 605908
644171 555741 345691 350542 889086 623205 912625 411662 325872 970584
992672 263076 184935 545868 405365 823209 239635 753538 559143 401149
674028 87864 259884 839099 587156 635215 778461 172291 109336 549072
311970 584713 484228 856582 930929 566361 658516 161909 326193 686888
405577 938261 298248 232206 974226 401229 760863 471551 207725 915768
237429 266798 877719 190009 24094 88480 113900 163628 964640 939182
502729 450250 883348 667641 281547 88458 989442 423372 752328 114096
759404 196704 371489 135121 913190 43318 70212 307418 433249 468065
581561 438030 113088 401562 816692 876525 285952 994175 340730 328910
573456 555444 528162 345410 433238 582567 16924 438708 390191 832280
129360 303852 404977 577821 188841 277261 205473 445805 650359 516408
774341 775077 244295 174142 587982 589657 2205 741037 898354 283961
263397 477801 544900 496364 609196 437378 785987 426449 4226 42885
78187 741251 485494 979815 38998 863439 577637 968056 589131 863746
683069 446169 36665 720256 96863 776416 235907 660829 476283 951951
128633 439045 630517 670917 78941 628663 255207 344297 567863 273671
527714 406440 182818 488350 354885 132519 7034 309148 481557 901187
367033 733674 490811 256627 79753 684886 338816 254984 249532 219208
469560 939512 418689 994630 222671 956558 100418 362468 817207 874851
167390 107413 270859 228153 67014 434246 194238 744535 973956 237970
838576 84349 48777 70125 487862 770333 792631 958774 350391 541351
669782 972136 405747 119990 983658 656932 971973 719334 275418 31059
772156 934333 111693 781754 946937 617709 508842 960718 552949 161912
220541 298525 316594 839072 96406 361021 917983 878725 97874 908526
371809 204794 382010 869211 153075 684364 37816 687989 975040 254881
506599 733754 164874 605591 957193 988896 129540 368253 996456 505647
43783 122934 544958 113836 604290 244639 750103 245452 476242 175292
744628 731881 391169 276316 193148 844205 463998 356374 546379 142839
269948 731377 452363 704888 865765 172043 585014 533843 798272 82950
639085 370395 865964 738172 491293 830870 54704 109925 415713 74315
440316 813967 735055 997577 437668 261287 959884 710009 94324 180288
791098 46951 985155 502962 146286 160118 838390 693438 189872 790082
948919 499459 652886 487839 620951 845667 698901 822215 260953 498034
475119 734725 208783 687572 944357 962146 755958 162496 334530 328574
964444 130392 849075 936865 997581 341474 34221 919984 650730 128160
101019 805564 934626 413673 12872 164456 93891 705325 568934 774039
303232 450741 581076 401637 208360 48861 442120 536670 103533 207482
282745 6927 107461 679199 71097 612621 956345 601272 857183 287861
966154 584115 485261 67362 390895 347748 348528 59889 96076 669429
700547 381647 954968 103589 341742 879600 774392 35270 314249 250385
663372 107555 432964 170036 347710 524094 654465 71852 98656 937895
635751 196170 895214 866694 820077 673046 322660 983166 589718 662377
433735 914357 247297 296189 127722 976394 866625 241989 110146 665826
739616 26645 765648 752107 25036 819320 168866 764166 37572 285981
813824 34662 38096 981402 247556 871263 693706 310655 687625 68611
479355 703734 291647 894239 432270 285768 560004 890664 816215 354534
400560 794708 689658 867088 658739 868783 136101 194309 771867 566819
339365 78272 825217 925543 84296 900112 300029 769773 165548 625786
81756 729158 978876 104164 574762 789816 586054 494024 797637 482738
711466 741090 10130 400750 586827 36956 423411 205802 213430 211501
479885 835566 536567 52593 984493 321607 34738 34632 77733 47004
909714 162273 792414 489120 830893 659811 825186 366976 131145 659308
921898 721834 356210 763953 192449 263223 837189 941889 809221 689372
535203 909350 360136 88918 986367 332841 442355 416778 275033 55002
930468 122581 478379 757563 105720 530700 739296 669390 476973 101660
925851 141368 360866 958102 121556 157982 805877 74832 201008 901050
887906 647213 934341 483600 178685 537448 500531 260248 195810 894491
401980 243535 708633 315945 439437 856847 337457 363457 272464 84346
991330 449199 333762 26203 676848 35689 582442 29384 837818 506383
931143 926097 498829 730256 805173 340079 936747 150897 346088 193188
497730 926500 13257 936953 879693 947423 515342 855874 711428 434501
465889 172207 807738 182622 277005 943891 250748 406505 862730 941297
972843 958792 530543 801849 582148 498293 915913 139987 740656 106464
464341 429668 858825 306388 816864 81564 750759 374593 137983 895929
516469 542748 126465 928059 2917 685309 87382 405792 30067 4558
666412 924340 660229 736721 271808 984249 343368 912718 705567 458480
870332 155922 993517 628160 141085 454190 729131 598392 300176 25883
755045 696078 557126 627886 783700 37301 252981 21410 671438 909907
346940 859103 675277 1329 931952 633158 507711 50896 274146 695695
695016 593494 856495 770773 114837 243620 738965 423802 8333 416880
129300 919822 481354 653148 858384 337121 819843 982917 310706 557195
852143 636271 202971 869821 921764 605595 380456 397123 812143 865868
407707 64120 623481 144542 609998 905730 488214 12619 564468 217765
234427 98504 492077 616102 340110 235753 613251 59014 571477 924160
130864 238753 526308 159496 538062 419056 935988 444023 804158 896507
266705 795608 647324 60488 847590 252800 243697 844289 324511 811938
112241 814910 180786 14159 251135 441620 210369 159919 505419 536951
736182 532793 548626 195063 468318 481415 486964 477847 379407 619056
724740 644656 467208 281060 690378 455515 899128 557454 651636 448901
849316 870453 143696 759423 538654 573605 388810 946423 316129 770363
212897 521708 373676 977838 1726 10798 957059 979098 909699 102514
620406 465011 193803 250946 265296 718628 560299 165710 306845 267935
94422 180641 774658 491524 252698 866063 292933 66079 196047 443559
356409 469546 585397 127787 124186 982665 506197 562288 954059 686544
175138 536910 833153 163754 341863 631900 420997 822938 242069 841896
295576 480378 259569 452893 368668 56061 139237 300129 386712 106026
5999 961895 170592 161377 196011 101583 844675 49292 45703 388426
61030 900565 579961 332246 84559 117362 784663 180389 491992 416092
440504 970597 712351 659542 384534 239618 933395 353266 319718 718984
950813 69909 903697 819226 821687 885854 968395 533455 247827 218903
847306 449214 723559 162681 794363 600096 171136 783966 357539 62894
261082 674382 942665 243641 755284 850845 697602 530826 477974 279309
964670 235866 66179 600628 817837 946481 180426 991081 56785 851756
829462 131572 851519 219116 925725 712506 650270 746442 830557 185475
650034 234585 320364 12153 412495 147388 48424 316784 518350 203029
751392 586198 202130 550323 720227 916205 726011 614419 757102 860335
988112 387856 628135 533117 955706 49745 816538 375511 354837 120963
881802 743829 851076 318326 145083 33425 224076 326804 844384 225156
303903 116004 921118 501356 663600 617778 506516 146004 71450 976967
223039 370523 645906 434432 695548 928900 966156 863720 210004 447037
174875 151487 730640 292995 752857 860599 875960 683549 267157 989732
781709 296786 436725 160733 58823 23018 853342 553338 115998 220155
263778 946624 843026 114060 643856 251804 214538 180292 241879 690961
884725 127977 218552 56794 28249 997743 475501 223282 524752 891606
49993 894694 303963 42542 136658 156433 807268 253941 931916 551555
374193 591827 534246 795012 193094 42701 874082 10548 884894 443891
346424 778924 566346 635310 841043 567023 331974 614951 470342 750579
584941 359091 70417 622945 572807 627108 386679 659863 247557 34971
493765 417609 160095 637573 825308 758995 719122 172670 851682 506433
796903 953380 699494 424968 355228 9323 743013 66724 797415 159547
2149 494161 315631 571201 162576 857337 29380 154639 983623 850594
384661 335497 448499 218923 84789 187292 558377 751016 269493 35372
989529 950346 791332 995470 981046 758868 797743 376733 961294 329962
179406 558719 745334 122663 302930 323327 38341 444024 201683 228584
278931 22787 839521 92562 356834 445200 402151 94674 548426 9929
919222 424842 266430 359726 325547 507398 429401 953216 314450 162902
656054 885073 904394 131061 611489 414719 86342 58289 633600 28083
513379 972282 781607 627665 125730 872880 805592 887137 928138 432545
641044 433548 739785 419572 878521 309791 435663 232736 559301 96622
663854 183108 294330 650201 392139 62942 738731 255319 947142 186173
935096 427107 584726 830016 34499 410881 436132 320468 398691 638336
502372 411058 104277 429565 788014 256981 372585 825167 351035 490321
434839 592154 326715 744624 891248 72077 15852 424250 987667 733154
503861 270005 408026 255586 721004 329409 556461 502586 50927 350698
917203 233238 691499 664879 118608 290753 257234 912573 635872 48108
279532 271333 890752 300178 502647 409806 376121 62115 690901 172228
348430 494172 784176 65119 96752 800214 219310 310195 525625 590432
4931 345822 134165 758787 158478 302594 994220 629945 227195 207552
88490 692310 928321 114303 276854 884459 824851 796559 3538 143616
703338 141533 322002 247060 705128 694235 726889 536709 544100 178670
288394 385183 141228 25067 866752 453431 882122 751217 978634 893899
446673 929074 854133 355978 560119 425653 668676 482875 123389 794750
323211 873323 667727 803291 678017 93585 616492 320167 561175 743817
190661 745462 325758 986149 53778 594091 61052 15583 259825 411784
881000 443303 399718 687502 771054 190102 428617 879996 256261 715140
277536 75778 729572 419999 568930 984815 726735 104484 368843 349228
55205 118273 689675 196710 618589 931775 817178 665410 178546 271955
352287 815222 197055 981605 749749 99920 162723 305886 872914 310859
222561 643489 327003 892493 214248 950905 874474 607752 335484 270831
2179 242224 850685 101597 838435 660926 629778 107476 862234 550025
741177 201993 491798 288551 427484 283716 450910 619720 430146 31546
594446 638499 164940 727472 392182 965576 228319 775463 924672 836012
450155 265534 812013 257423 248436 977455 144595 616583 747342 9510
960351 692984 203124 190944 777520 892166 857668 139457 926561 558976
537792 488940 275225 242007 924161 287427 229886 138607 698595 56020
889644 378236 367767 994307 224559 984239 190265 290035 668440 342108
218006 457488 963414 900147 699765 532355 867691 869954 267958 877076
877147 810894 814988 450664 786565 707484 217063 867954 598086 369808
506321 360401 929715 483066 977755 538770 193946 455457 137031 139543
852342 599663 124243 968307 757094 4223 509020 903827 628109 899412
801375 916358 930144 309026 286492 428876 874781 900695 290286 243829
530976 798326 416597 332900 780556 29001 504087 999144 889643 399742
919761 636043 202370 594550 243008 623154 467019 283597 595501 267959
316860 638973 622707 172715 440887 233842 99164 182840 51975 708821
134281 487273 824967 493542 796367 171854 85177 274381 857291 160413
91122 565417 389877 411379 883295 172274 920711 648572 529208 524280
995868 173291 313294 651261 72393 786705 83137 875056 554381 259896
113824 270401 742461 901669 213399 38974 938786 33247 94658 343391
880700 769749 21671 573764 513618 550634 789355 484998 840031 788068
876859 446580 59977 772837 820469 471306 381564 999255 902240 392453
766137 414135 787042 550133 181622 388151 111295 570179 303773 184191
826762 958180 822741 489713 843201 457416 94159 28666 167524 200622
792316 598554 795909 88745 218179 23217 50370 546069 173145 963981
707948 9953 793570 937450 558477 421523 839263 867359 264228 387827
317046 470582 982183 75959 303680 531722 203715 372395 932896 874070
859711 494841 256885 365647 793544 89609 499213 3585 120094 268154
474850 840584 195720 861070 323351 775620 183929 257046 202659 670863
562178 97928 28945 891838 369563 238768 673127 203660 825223 43908
284110 194468 59394 903027 248072 682729 655178 252407 62519 27841
461696 223896 907543 970257 992511 53937 691429 226194 750321 511017
921443 939018 65308 404462 230048 471374 14170 301455 346007 563151
701286 918176 468049 958291 188126 765994 159923 16180 966625 603900
284483 293262 743219 996561 123657 114693 287363 432897 674287 226839
399510 290570 141616 183553 358654 67811 129744 947863 765613 459696
147111 997679 731837 115456 610328 222468 774503 958828 584032 130407
478425 734547 562579 143463 490606 962143 249198 606228 913772 455636
926719 22041 791767 229676 691702 355825 742688 895333 437876 42495
668167 499434 735537 629600 719202 551791 459178 329437 628430 834185
645379 106804 175007 808929 660933 673918 402024 748598 960201 884610
22509 408145 172713 69618 524349 1263 838649 221906 564670 667541
202040 956704 151750 938736 884995 616361 581351 360491 944010 655301
39533 337006 686039 120876 543003 997085 330607 848473 739584 344975
144377 336043 881572 50627 720190 549750 781944 282964 122624 943376
49392 60471 992615 192038 248479 479795 883251 720627 843980 726329
17503 514211 619865 903384 787638 727680 186200 680124 14327 689262
354620 359183 860994 377897 920867 117655 826254 415344 44480 802470
700570 920397 608693 363550 865575 115252 285992 321461 776017 106620
786016 826181 314747 768278 307967 89042 303262 714145 333439 395875
716720 192619 376888 340018 572 281198 949099 789498 978929 861238
898063 223116 152942 618781 936147 634724 679653 370911 806895 370451
518993 677330 392717 760225 926539 627 209005 138974 948168 126190
299598 441313 502312 13752 437599 651456 780968 865588 273702 572042
976173 155362 765067 433560 841415 447007 874114 652352 305588 526426
17057 333955 187436 988333 555260 900230 378449 879311 39266 894096
886406 719924 356619 178946 246725 344739 39026 417288 930538 486698
363481 880521 294086 463185 559841 138933 463684 985165 789557 575123
80159 420712 494453 738277 300108 822332 992792 625031 446180 822437
746368 391359 582430 952395 848176 833122 686818 460715 73306 273845
8859 383057 657523 433287 545579 739319 35392 407881 615796 961887
760445 823867 771670 710898 304964 881899 537261 242138 410056 650199
710652 412113 958499 972177 455037 445151 723976 336367 897112 180626
102698 400207 911016 21614 572262 880655 490040 502645 435282 685535
546875 648396 463222 996415 531795 136055 30946 569845 662342 276637
295899 972472 644205 958851 519400 447155 861919 785003 954600 593490
459009 517235 440263 696126 173 779342 458682 808971 291562 637134
617550 960383 459237 915524 503574 146643 577949 707190 181054 626861
863622 363804 647805 247253 69373 81698 100044 554763 347808 479971
192559 172925 184329 222322 749328 747787 27792 906962 651174 966339
290898 639840 503630 96007 279798 275077 988417 626271 530662 297007
346107 516593 560056 882001 690526 768976 878682 879386 800827 587411
692200 133329 150299 643887 153685 480182 634470 978260 904673 222599
183812 141312 809728 680055 947712 824680 452182 519997 48231 729862
323698 247397 115300 441621 292504 227257 599183 561263 52659 739749
781916 874140 509899 113484 592368 737839 81581 669651 481691 869744
783774 670795 289403 347181 163474 199232 556781 677256 696402 122344
674779 717550 194002 466120 102371 403477 397074 384212 365050 921543
350064 852715 504234 257832 829786 458895 545925 949445 683039 226579
424812 292788 909021 316140 161211 307654 780958 916263 120595 903313
763094 389170 512298 94603 6996 810966 935452 222319 637642 697992
975591 41510 740545 971229 165242 134338 415875 601558 740125 208642
239063 214525 474809 625950 685754 217829 87646 860574 233932 15039
809580 875950 596281 260371 239480 251820 497573 260389 820102 848518
89077 841975 724147 567627 513932 664535 822462 889590 520291 626314
757167 835965 759663 433591 575406 597781 237548 462176 265637 283282
121577 342468 263564 109127 553310 194143 182970 705235 345112 483909
303001 954362 6803 344529 876926 519832 287884 459434 266400 647174
551287 762460 943372 845737 456545 848547 453986 571901 743498 972721
599790 411136 438040 853402 203226 653247 965798 89689 660257 848859
511408 601313 795758 390006 460584 214104 402449 500567 639117 474190
32532 263556 552067 259726 823122 940454 205840 647228 448366 908594
407393 389448 107010 166284 323364 141108 554617 230381 216137 354859
129910 753029 511143 30925 117355 456184 472982 910032 141009 70611
309237 486642 445748 564624 588222 663174 810163 168192 637110 964234
366374 610222 844013 587601 762058 640937 124187 25233 693657 933301
823437 315252 414323 952457 919791 153140 95307 866452 463318 668056
565591 87532 78501 629674 926981 572751 826201 451604 500975 805365
288124 958249 637389 160618 914651 123915 979976 488435 447755 670326
600105 625650 201143 907586 295408 460617 113184 57290 6069 777133
181089 111149 940825 224977 331847 298870 319191 553845 186679 670903
456569 795202 99230 698501 383445 112008 902264 512470 586628 360829
428299 414312 713611 625068 634619 692595 475220 950201 441984 435251
107047 516328 291699 932172 245014 232219 450204 576558 519042 705483
308806 235965 992899 919007 575100 925968 517944 721877 729336 903049
611492 402616 263307 233441 39067 108773 893315 890668 80702 153931
473046 449683 151139 291549 863618 602289 509138 2403 256681 913810
282937 643487 456183 874170 820975 515384 638378 577952 940576 617909
443584 400900 570700 257811 815809 151106 70321 124545 306928 720176
86715 528006 111326 791772 581670 891466 131074 573775 791359 255754
353985 12037 769800 312278 134211 226520 622599 229759 99305 806479
402615 470632 258761 158630 239625 200757 679503 81037 414641 412984
855595 557927 287123 318756 380706 701572 426762 924653 819369 708108
283243 298452 231265 638976 622827 652374 300495 722106 703341 27223
812997 933504 665391 524699 642774 431094 849304 50280 803286 528332
379330 651977 680544 753168 549565 936250 891696 547716 756364 862256
490932 997541 720691 714001 579867 842051 802316 335184 117154 938450
516769 727793 44968 61642 162032 526635 735750 995180 754487 898853
927545 216818 757437 295639 906043 835843 692818 157125 313760 342786
228122 593429 30548 216244 501002 763376 270317 440216 641242 371849
948196 699595 868659 411305 920113 190633 772669 570256 518877 386252
987575 474874 821165 81795 898909 576988 198265 597207 233499 729724
896742 30133 727447 507259 878528 927885 249077 549309 600695 259799
46459 883646 613116 908627 351113 462575 744867 173552 322397 104260
64735 499086 641087 138243 268804 533853 631640 449273 376197 657840
209799 892447 663251 463088 715509 899759 577857 385503 668890 358856
22465 666236 860016 478314 361472 605469 417015 725317 812843 812397
562626 423377 142893 941764 363683 746451 886894 257184 797784 480302
194539 372969 361978 681569 34433 352796 643349 801078 244643 259762
84299 743950 343596 220782 16068 101526 664686 374693 831539 815099
821811 232230 306543 752577 22391 202412 30628 325566 167862 906772
115921 774547 318533 125834 339574 469555 858080 988537 600463 235255
664751 874938 440079 154624 785490 525789 332022 119863 848119 31608
253637 783935 860481 80667 416459 789651 842502 818290 179743 175885
421166 242922 275606 286229 789568 395705 32133 97448 73199 121060
226061 295652 272737 602852 33419 43104 492632 583789 225344 868189
865884 643611 653276 56026 256023 820975 525703 541020 413840 317527
969903 214928 697757 69603 810623 601661 717038 11877 715651 965844
263760 89609 294006 983598 872225 957321 982149 603962 487644 604705
701971 103470 391621 682713 13811 44749 748869 792543 773270 337433
902525 793818 114411 180902 684791 949777 70026 66085 203930 236044
398420 206323 159532 624788 301129 400382 975936 967899 353320 104395
993243 946824 734561 504657 641822 540849 479599 172599 710199 52007
689118 655741 541574 378504 273095 236725 194697 386107 144599 628764
871951 800684 276304 824466 155315 208509 371015 430937 884387 661158
985903 600981 219262 73944 918098 381121 199963 724142 513597 636336
948381 960093 215326 13063 166806 954245 960999 479508 280 128079
264146 945802 673254 160962 180374 595029 677661 995390 508969 631554
548678 930519 904089 587296 718803 776012 976578 455000 949945 910801
404669 658878 875616 896778 299884 751732 502238 763613 24347 697868
606233 398852 699324 467920 392598 351990 309139 770004 410479 247106
665089 931413 414653 972 798937 597612 454051 317415 737994 94214
487941 697871 882968 931686 886487 757777 923878 931358 143230 68311
620611 767646 547577 732754 948506 561178 997649 246435 379398 113095
38692 31218 406144 818701 956262 772442 534926 160524 846395 630929
2549 613658 315231 924543 729554 406894 374909 257177 865068 93540
377963 540643 542571 610459 153935 919483 309738 510297 502684 363489
110626 463044 370505 504005 719834 368326 615578 116076 913096 825509
906154 288609 180672 115576 950103 952449 133571 81943 331415 33366
137997 308550 106235 759439 261383 160775 129318 456842 197435 730470
63884 384427 843223 977948 292738 634552 153792 644154 165561 543400
704035 453855 230399 796430 672705 638411 97240 689108 837901 101162
49998 725417 727189 208599 656665 627712 628298 202826 691886 825349
238382 332625 379313 76552 475983 436133 915259 601466 598532 327540
130619 31796 67317 807562 828076 854817 918490 483818 463421 681126
869446 686412 701674 917197 574664 268562 374077 713647 702020 746107
165197 10664 783306 370732 513997 557770 172564 819976 45204 936196
970170 364852 698154 836535 174616 996237 246279 758815 246082 809099
317155 631067 739989 687535 873089 456141 295667 83012 98546 353865
35953 850206 962522 657200 678836 259465 386275 701575 572926 857310
302705 57797 319327 240341 751177 654531 695370 151480 89285 606465
200002 808295 287602 445979 344759 921765 280150 860516 220977 543095
101399 367750 324150 782226 304908 657796 568886 211392 10229 210904
135933 222051 44626 539565 749761 140497 567064 779332 305859 836871
305816 783508 344829 777596 497938 145673 584353 313350 289923 481388
647406 74001 193986 308296 542729 236687 617276 994602 747018 162379
94597 697003 437976 735751 968340 903171 188687 182162 831986 198716
138878 120491 813877 95326 350777 575872 582671 54093 404731 430959
634960 917850 848612 351201 966761 677382 311781 225124 683954 656293
741786 547714 74512 145588 69976 413409 571874 366718 988848 857522
536720 236479 806234 10519 326795 195778 950389 293945 207670 167938
836083 700761 534197 185983 927360 393837 500045 834214 570042 880725
688374 654774 387447 213451 263904 888215 477228 75764 835419 831908
397717 261701 110809 549217 876763 201470 878388 618853 408943 887635
67348 569165 330305 252257 827689 938063 658796 482231 638554 935852
10356 395653 965264 779340 682261 657527 818186 218893 230657 995104
306841 115721 802237 778948 547514 817640 332088 451512 71672 29662
710702 952512 708717 617334 889984 629967 467692 750154 375142 642927
332921 779038 839200 254777 972685 369329 851905 485131 487711 590932
351408 405611 106894 257278 321808 616821 836677 803403 524627 810276
415397 729590 794165 618718 210208 451383 255411 533523 906413 474050
593888 254040 182122 839938 690398 471390 507021 713358 442140 434758
925302 288632 84467 818858 211486 504633 562929 13230 319793 747494
181319 89101 602927 859290 215512 680453 729239 676203 127348 562152
896097 519595 860011 985743 755817 65934 825824 559844 402466 578038
12118 327979 787989 95712 944285 147993 293155 295907 626492 924443
516499 12660 3266 742420 329421 722854 598525 715762 18213 341414
863626 814456 891372 732848 989745 767482 486293 833396 908033 301936
853438 592207 338818 175144 518114 275925 47540 592142 631536 744238
169428 204849 6775 98168 38125 508306 926561 210390 256875 989783
767039 99624 195473 742824 903891 789151 543235 929679 508815 744409
644512 444698 173343 136357 417589 540587 836387 720511 155127 452369
615133 588018 720382 767622 163913 987963 825557 409586 25999 23996
170085 536199 301170 315307 248460 991489 820879 328523 232194 550602
551649 183581 384774 460030 344826 48464 519917 203380 685709 275508
101771 224017 773278 81039 115777 657430 471116 748088 492138 1731
855353 567633 706460 265646 624291 314943 462468 261989 81256 559442
995956 872727 480832 60832 991075 236479 175854 860205 709446 846056
511484 703925 358177 199855 1214 481543 453378 721732 770966 785928
979306 895674 87846 634804 410144 671382 523937 898192 813875 338640
97790 70631 462469 517529 478160 145122 518996 60871 246274 549077
36455 197541 983533 1044 477542 679099 792683 266486 900462 367261
474942 993543 404889 991823 508037 414152 210179 581255 680223 315951
357420 192633 569292 856954 559433 406732 171579 905320 226911 192195
712581 969868 446285 908627 379348 265188 695216 558240 955291 395328
224747 992725 529936 543906 642874 442747 802108 154447 774642 16258
900818 397972 688380 835082 577650 899020 73061 13293 980131 192694
319817 466857 426298 583496 603664 844540 542178 267214 630611 982668
861935 597413 845466 343768 378756 684127 15022 213872 198177 828269
509108 172356 319400 21491 223670 681996 304234 99212 222513 992871
147484 720587 781064 267790 384967 50184 657048 476563 594031 414277
70847 604163 522100 292502 576794 117834 580076 909946 758771 538815
496019 200374 650377 963632 906791 729424 386298 163888 871443 610174
9921 196536 187181 7338 308577 73688 290888 8740 599331 101900
244601 222314 574148 28817 496914 465334 602787 836487 776360 610781
94433 517430 283755 678539 630380 142061 205599 688496 988647 804526
330634 748765 953508 258234 857542 507827 823745 541701 49172 354423
554527 924293 990915 899330 492106 543425 547588 342461 415642 568381
228890 922735 522564 122033 271948 265986 645112 307798 164216 180673
177238 545080 870172 141649 936621 399207 688486 842531 314422 476368
988211 230463 966453 601319 575137 624680 845970 836170 90365 390688
343336 412039 435079 928034 120824 912669 728137 302437 132211 306400
520315 927787 913604 639582 551496 667616 867814 678566 525450 557409
299673 413274 547413 898625 135076 759075 864140 449530 88116 514113
646433 241861 287780 993086 112357 183772 303018 785080 785707 341560
738279 376810 517430 898247 959219 46396 577389 923450 475367 471575
91791 316500 910763 98852 681391 589240 487333 429801 277812 366292
634660 489612 942331 616384 763909 238357 591591 519295 442264 239112
306041 609436 315889 817240 782646 144371 336138 116972 925352 870178
328449 626080 467798 602825 443913 29878 801265 670009 581097 377030
367294 602004 643169 940299 658411 992562 34435 641207 223834 7043
898780 914054 401943 97378 989096 211563 994011 844744 220422 874266
143285 957304 934877 798688 850755 328019 986740 358285 545926 334852
780419 209864 319795 860193 197054 744820 898789 445932 482998 193577
912917 701218 319007 653087 922082 706895 614007 120642 707762 243333
121404 459677 313591 937341 258458 896763 634122 449863 651765 446542
108951 707171 428365 38026 194090 634846 810888 117434 491752 447832
784952 734435 20517 30282 164869 462971 534288 526314 670290 265201
829419 97084 953896 935953 965114 425657 946003 604175 978524 779804
711906 462643 450544 32346 685724 551701 907989 5834 942383 651878
686700 550066 784708 542306 369810 711493 515615 480589 353841 640560
140189 649116 41864 70366 721046 253917 690126 968383 63799 645735
805351 460074 698915 62824 536611 708200 95247 664248 612269 962413
243092 94631 446688 855958 691333 338565 679586 811909 341636 801971
651505 856221 7947 171493 504194 285293 190193 333674 343969 504051
517861 176644 514435 975056 420597 367398 957184 168763 705710 155303
368522 501311 838582 951442 567154 811684 760298 355379 295676 685851
804798 484220 945015 42064 113628 175349 930736 880391 802833 103201
643842 408175 43025 66502 116261 164050 988396 126802 117687 461039
246006 792748 134297 11552 944675 813212 521945 253385 893013 867493
589152 310761 332314 549574 325515 667149 387863 730977 263926 48236
863688 595596 359741 40193 569993 950197 123886 293363 909139 139830
651152 93149 109386 666786 169051 848246 846637 173441 316947 273068
381704 674112 50279 232733 499100 930449 392530 222032 642066 813018
120865 194772 299721 772815 898834 841824 936119 580716 281581 334148
211717 154512 374535 420559 453216 633367 556441 450975 59196 46052
56590 543037 640629 434500 812041 289069 777218 856433 459728 969259
166570 611090 889981 716542 361550 911209 245124 312894 47476 214692
286834 208252 753995 637820 898419 68319 234963 640147 602969 801512
503990 708933 655673 285778 285895 551262 160285 590901 483094 7415
246270 801125 450780 272355 676828 168368 202144 677185 823365 991000
382466 11290 974303 426030 685584 756043 645930 184917 374421 156775
548395 338926 144954 175726 169708 656464 503230 913702 821210 721623
271916 244696 239691 859811 731414 113314 322561 717099 302989 259083
272832 111815 149502 699518 652213 880588 186339 899011 408556 465734
895512 377496 649029 68817 413499 366647 95238 881578 125736 996686
379189 216332 690781 402121 755588 181686 689587 85053 227203 167395
863766 865673 609376 305117 76902 637848 245422 353072 984628 170328
416008 24385 518850 671674 269798 63747 336330 168793 509670 898210
373878 63270 227118 752449 180536 576591 457350 28652 49034 417874
465861 217330 870744 550967 255043 924242 951030 902541 131840 997638
107707 777262 433087 667108 32776 369114 280049 616312 961988 21682
155914 555709 919008 146680 680245 413690 378168 509844 469420 504742
699757 88356 167235 219635 862198 395253 540424 154667 901620 523396
685303 395894 667983 797471 352169 310332 440828 257268 339074 737761
518912 31867 860741 955165 650610 133168 510636 339409 370404 697705
107356 871388 95941 40722 121880 181913 567875 592532 284733 614024
193823 918152 816572 858821 848425 450508 505609 459444 43657 510343
908610 795459 321522 43405 795362 229017 854812 995313 509658 416974
931372 402019 166640 149808 670403 514598 147734 881886 715305 724368
63710 208097 559415 433303 416635 889687 41007 416253 152082 450490
851467 377780 308901 718238 966627 355292 247882 821614 283984 693782
855420 168353 216782 217348 871183 153885 452121 215737 900288 187423
835252 491149 746097 50452 909659 546073 857003 628923 722030 948076
377229 71008 346460 530894 724371 825419 908361 636043 179075 541010
585912 151010 575842 562949 676855 521677 16298 937189 453756 399552
119237 542159 680479 636444 576339 121295 803225 694525 889376 420356
731041 433068 863478 805479 435520 720771 931764 932345 544651 492054
504525 712473 314586 171217 653157 356247 751198 954807 132764 618223
207883 507961 702795 436369 429377 794076 436626 198800 294881 318238
880937 853037 527477 806098 491202 605269 386616 600333 79016 438576
990081 962698 389217 255956 144208 404615 870117 339893 436709 798616
461095 304194 232728 794317 940291 554246 300203 233105 349204 627414
472873 568602 723931 450510 448603 961280 934712 141817 166024 233552
964294 529648 466927 1662 687430 143965 363376 359814 728468 670752
910776 447792 540999 752352 612140 173961 407822 787674 625902 424658
795002 924999 289960 220245 895987 357063 946578 25943 668532 543993
910159 281898 586196 629335 751264 806505 815450 348141 273722 608903
412336 588828 420931 67918 582644 446584 800304 512233 141544 187846
289600 473241 160490 948897 855196 756287 741664 980984 424918 284875
448686 30589 902521 61189 885922 596484 447940 454531 195869 810039
864974 638264 492368 918444 312139 321808 395263 265925 10752 268684
318471 469910 134576 453497 606411 420350 332440 694389 28303 403440
829013 340072 185106 308174 699744 205733 656510 808603 860745 925533
104232 172554 72314 657802 975012 566059 251677 280374 206902 843545
698344 722303 376457 322356 255520 245177 638375 106097 651507 483235
705137 766190 934035 129384 881669 499288 749348 623289 920071 841617
13571 425989 190485 908324 104453 390331 654434 435353 211874 963648
589597 753989 429499 818072 138271 85219 266889 679723 647823 964891
888042 453168 68086 122146 808599 102915 495335 68571 752623 370268
28123 972546 967370 200081 69181 336256 933564 262431 1451 605036
996210 515701 540050 668023 518430 833501 809277 81465 699790 116713
304673 691942 561747 781018 866583 514914 856438 744000 158805 764563
613151 180969 880586 106928 229099 6889 645385 189381 421148 177853
322714 438019 46382 437811 977414 488704 292131 390647 58876 170536
552888 374564 561824 923130 881234 92474 687328 805871 150613 21178
76818 486460 552139 458622 426722 353713 939317 53008 537645 848624
618048 260528 960587 332349 604810 915750 928866 353397 383749 246184
185089 466249 161930 819259 673184 789157 498537 196510 827536 514087
800626 573203 185517 504536 84231 376655 309836 582070 320568 756764
266405 117361 279120 243075 522020 443987 237613 528240 225682 574089
843254 510426 91733 44542 921532 130151 592324 326288 771601 335101
325677 200124 481481 633037 235220 800377 984015 626854 66693 535726
728397 453058 429698 910387 957877 635593 329958 455044 103614 296901
432751 119838 42169 704541 151188 670134 812372 523654 695039 227112
396928 987185 171374 84829 220031 525947 307645 278835 915835 31682
773489 827972 578706 333771 644048 569800 576313 628375 922381 82055
871924 748833 409508 127966 85299 654345 711342 857581 927329 252583
901648 122811 531059 696755 95431 20973 207168 609161 844452 828323
367184 692735 461928 115942 569442 239853 89259 526709 643534 415351
406643 571918 776490 950764 39859 244599 607769 8256 737238 952002
271448 976955 863046 857568 506820 521613 97871 831986 377100 792817
556250 897191 909205 585940 936595 74709 636637 935957 768825 747989
375225 758595 207496 723855 390512 853047 838294 344611 194417 80663
885789 769767 632973 842300 532644 680224 160333 717989 622463 397351
506348 29140 951063 324996 486764 298625 858894 740475 335109 51349
279408 449861 335734 296 96297 172093 739066 998533 511191 402898
202700 701468 905811 910005 481799 254018 532954 843635 995175 121814
610125 428873 318335 566485 172461 798836 736533 502080 66406 318482
12226 537667 1973 360824 255662 440209 354670 38258 10956 667846
547527 833852 533213 107039 235164 358754 51128 615282 846809 693884
927176 801895 981702 834870 354650 237723 722309 256117 193539 934170
711404 333106 177925 927874 649488 511904 823240 592277 383118 339382
705327 159838 558028 194938 653096 93980 533382 806962 174962 288881
178391 543226 990332 625219 789668 321214 985634 639237 728714 914761
209925 600947 8061 250078 850004 714426 181932 959548 402046 926385
360326 545040 78551 351012 93756 760984 597152 674584 135570 919915
263098 520947 526667 670575 399895 557668 727371 966689 412365 32081
397471 269730 900935 826940 700896 863781 500477 823071 838952 855589
987302 737443 617041 566964 762993 361660 429092 294033 146202 819211
92691 276129 547613 219005 720155 962826 57312 250595 820506 788351
585691 696240 70300 31007 645502 911559 56039 508252 577618 620736
403606 54514 44579 751234 520212 920774 18883 530271 94045 258703
656509 706909 463118 792733 112525 520959 861920 320820 335668 573781
834562 781673 153872 530587 628699 781527 772941 250532 520025 24397
720308 624937 547200 320964 692437 171162 38563 136288 392378 567194
684908 382186 81222 788974 51138 614158 753114 585758 301746 623540
616134 593210 215558 249944 493121 321631 402985 193831 64836 275818
754987 254817 228438 387484 327486 502375 816982 622453 676906 741566
108118 881072 364187 721359 865903 931824 334064 344999 829580 822735
638229 537381 516524 319000 247537 396460 530452 555820 663852 794412
936106 761790 350344 476443 511056 769165 753304 352958 5961 317953
179191 939814 53575 68943 140513 325972 246201 750854 246754 958483
756690 255624 526683 885568 604215 312416 759362 271676 422729 113443
738969 747129 966158 67329 150346 954920 464438 751216 577337 173978
521047 294929 542554 717953 508425 448689 606042 989172 881653 21143
265441 164519 882969 465198 69911 855720 250247 233767 475664 757457
821489 80710 575763 203079 774902 161835 851141 281803 244499 996871
906208 738199 656512 62209 148885 378494 443478 826929 919582 680744
504188 382526 407014 896015 769756 62500 188186 704200 340013 357235
484045 980642 256720 221134 815333 647403 454930 798063 415108 675588
73678 950379 170480 218509 339946 872004 424259 683674 580184 331556
715532 135229 806462 810364 835842 196052 810340 380599 129806 934928
912484 683892 924373 664108 30154 318245 491282 417222 589050 281500
152731 609367 359798 978396 656686 144088 787522 58575 209559 787497
697081 941257 492523 231902 944820 569847 449751 444460 63300 345721
55639 188477 688580 299406 149062 587102 237810 362990 884133 732880
252296 61733 713147 547605 423667 353935 573602 6753 982796 807050
111693 374378 295552 516712 519378 519690 259609 699387 603058 662913
563309 733820 863838 298862 288108 993268 469 260695 34140 65268
326244 654240 458148 308330 536678 490358 372248 409056 997156 531750
195391 879039 657663 12182 666501 213536 371192 741199 697200 423349
732444 262166 454046 436464 567121 594428 644843 389003 804689 780786
348835 937298 188289 901887 359280 547734 595403 607448 518236 364843
727338 550318 77106 38051 412484 500845 98254 352645 881691 781132
88585 600629 746755 684803 840490 178401 401819 767040 584697 482400
183574 607746 821263 11584 27784 361102 135024 84125 381923 89766
668409 888550 477361 953723 382161 691625 789578 885092 140079 463496
751673 316444 633701 19839 126538 476323 743925 320058 258081 33966
209791 28737 561766 286061 192703 64498 583295 248251 686783 840228
325850 541228 584783 3717 41332 735866 634776 283772 691017 709130
558370 710751 874257 850388 81927 675192 67453 47793 32166 478438
133203 686355 659458 378303 97289 499877 122914 985455 526953 469549
913100 7335 257486 785622 788780 442233 569086 762047 823116 968108
272349 572842 959383 406025 211421 396314 928600 685059 586737 184147
240329 194453 531771 463387 538608 793711 452004 187953 912749 797153
615654 818096 855564 583329 526812 156454 689644 731474 202304 201709
921297 551753 378181 699137 857735 984440 542959 119039 933438 344071
833864 515692 40445 434239 973652 970585 750827 595617 123069 71788
417826 39297 994540 547838 391316 124519 953540 736520 643397 168453
93922 138441 81752 780050 181045 448291 49422 308420 199152 915631
833367 304632 945741 149717 928427 902881 769252 468500 901585 390851
146843 529990 698756 203057 663823 48822 852359 558668 217642 263756
787093 418915 460639 478155 905854 673300 896448 559912 512567 714332
893618 812380 859645 810495 591067 219506 916261 107466 96801 140733
550111 36989 950016 765866 53817 485493 269237 235958 917775 133553
568758 754666 210900 22142 413304 472474 993468 382575 194984 190750
422450 229489 991243 713727 557458 798495 28757 23473 733024 304251
257667 266777 314603 923370 47089 838729 868724 1534 457914 506534
98539 894520 810558 819230 520325 974459 438679 241234 673551 931457
481132 431559 84630 862712 767404 45440 156786 781977 25031 66539
798534 521097 419188 491219 117491 220554 910727 865595 605939 48141
337945 114390 770018 9080 763835 794354 796266 975137 89941 61596
474173 566025 411143 941520 203700 839899 932984 645852 816682 27357
177781 136251 164592 574402 750117 859900 961518 113856 303162 235732
121513 536362 352988 314259 335673 155490 198964 324871 924928 837666
545024 466958 420703 699087 63025 555975 472621 202442 259355 453566
372070 943490 198560 386443 122755 24387 566743 960745 280032 820357
843837 633133 461841 532441 783690 465303 632211 648842 924379 579056
412606 793932 382701 917102 554982 746843 43357 508983 463347 314560
823801 598178 673876 91492 479839 493949 338224 745540 840875 981779
370138 870653 244975 136774 616667 465731 303846 99084 607099 481291
825779 703164 769553 744347 33177 28085 349489 483723 505176 541306
338769 463167 173196 749082 843611 462843 702215 766960 205123 165724
938601 2334 974813 496581 922406 63753 332822 369095 779599 657921
814338 465660 373184 952634 698076 136661 439714 103596 670761 839931
667214 343932 633138 520833 214773 677316 532658 687845 885360 187488
443056 402544 709112 566516 526387 972894 73423 939083 807314 428754
588335 901611 568989 511806 228680 186494 561665 502444 142922 79544
988817 832818 572018 407867 472170 649710 159954 16488 69229 674011
421922 875653 375771 913690 655991 857903 160150 328724 537027 821104
70354 228227 649528 408211 573706 578644 937595 639648 193568 50653
362396 484298 540190 176734 304136 616120 289123 306533 237350 929346
190389 701947 365521 270176 443410 76395 620480 83035 235631 602933
338655 187732 834368 228659 675016 964760 787382 349450 342595 278528
428947 378777 961180 402615 198215 267822 467990 393650 689091 471594
612127 342618 705202 352207 317763 804639 191614 215046 767722 301384
96769 396214 524308 669887 826946 954411 998378 389765 224877 807662
847281 317445 122930 862785 764755 631556 106615 579202 951752 677706
835497 507009 271152 575092 841403 580720 220989 210504 802315 90158
292196 704419 310878 40263 832007 268043 317344 503177 415130 645006
622415 494798 107742 822127 946318 21997 907654 293157 951541 315
475184 260190 796720 986354 441142 31967 773768 925810 660941 615053
235970 721972 394747 662413 132139 333133 527124 633443 146678 402277
722296 194926 85064 326111 223230 447189 185660 34640 541211 240116
535834 432277 462299 200149 713704 646 460869 656660 630191 439906
375773 797668 253326 634558 679262 343897 524198 257078 867752 491744
386148 585385 935060 700186 230887 460776 318503 30482 17591 525776
241641 670684 358213 863575 500631 347674 165753 472465 106067 895271
903724 827979 262564 342922 97478 86572 999999 186823 843752 711172
453450 566894 999918 656047 43293 12366 937441 945827 727567 326636
621138 540426 958182 559862 476355 395336 987543 60068 224665 609756
383400 18391 933809 206147 566280 902617 473351 245662 814251 278499
672644 690665 226970 885533 207790 152002 420714 369172 763913 445495
939183 851515 640636 711359 525938 368285 77985 647174 483746 975368
407416 69202 214239 552225 403958 262847 685883 946384 995862 453597
599463 196275 809866 734658 862913 227560 190849 583373 756363 595949
442888 628387 871954 160717 481850 904802 709518 231011 103753 564336
24144 440517 128572 361134 784370 998019 877270 935937 681788 400453
827503 757195 882080 924037 393056 481544 558177 77444 108462 181816
766440 975592 846590 569619 171440 232493 457397 181360 299795 920398
478227 500409 334886 322971 213484 212628 858109 841798 761057 930200
802961 131171 954437 750108 382717 388377 424246 891873 827998 911214
155767 4250 167679 393782 191968 50701 419874 656700 543211 279717
327846 16340 838568 496254 407987 408211 266522 880861 784719 153033
592634 544898 575448 598900 860608 1424 857325 534321 347926 278805
160032 329914 200438 537472 354929 949760 786701 413592 574836 282497
756260 194123 835402 595826 558527 520315 703864 69476 797094 635041
785031 591480 264604 629636 205343 968799 331882 939348 148879 83645
620463 662513 964661 198744 751880 667397 648304 515366 786036 450425
376985 709132 562832 852050 928745 353574 245444 790116 938362 814937
761213 601739 63618 463876 615825 526029 857610 214094 834266 644667
26012 542989 786097 80248 499523 145390 49387 873489 781985 290983
998862 212417 751018 235967 61617 336627 156735 27238 175779 414690
394473 258369 717157 309339 699420 690686 211437 85909 284711 114500
716783 962250 55826 698411 794031 523332 631707 342220 940079 645723
398912 361636 55587 484602 182829 155588 967974 676520 584455 957948
316920 575031 181286 127495 55934 868234 311939 314715 358465 781776
938520 345343 262368 58944 371387 144440 959120 641935 357949 671880
979481 305288 652519 156480 978630 673714 620950 503839 883287 616051
800824 381313 814623 405626 36965 659965 87700 663642 788597 257
350885 738487 282464 370343 496705 49088 783986 706366 919771 275410
862178 342790 550971 460728 474287 579203 326265 291561 895661 636699
354705 792134 725605 161243 578207 827281 975349 208151 118359 616034
768733 243653 448532 712538 33909 716407 937001 577839 621843 738483
196792 455276 948139 669544 881755 455898 552449 75959 283494 478977
904265 886975 710908 247632 920448 614316 381964 43022 262988 361622
696707 175210 823654 675677 666510 798720 243660 404276 753220 12288
232855 596844 934788 998472 451125 633373 451034 351658 816772 667042
552026 994535 220340 650470 490543 685825 702053 885022 994745 345300
878848 510890 497761 12408 629242 13478 418700 910733 93076 765179
422399 872406 389520 44941 443245 917919 632235 313239 123901 968742
519491 940266 383097 100152 948538 507250 749269 521350 609652 849092
10109 199747 630599 820726 334621 118543 91729 754318 214270 988455
405627 242781 188999 554891 661837 420298 666008 378610 927338 90553
807608 101926 140646 516645 666465 385565 168889 98961 500731 261785
612993 949826 627876 638201 164829 50823 657448 651357 311813 591345
856969 136366 139173 262569 166178 204556 509861 84480 350122 657428
226735 167140 617689 176348 57611 554078 169241 860035 5001 697952
163770 600981 142567 158418 385852 657282 969865 276786 586044 16198
775966 590157 17644 60079 801051 937112 44165 87171 258453 58446
777384 727799 378034 127359 271401 514824 882683 496691 986984 786153
900201 932230 536235 815606 862971 839897 995405 259018 461414 832410
771085 479064 945156 309599 422729 447865 303995 861212 329611 886711
919671 440565 147505 162346 274974 741132 928612 393089 468435 692356
535456 874749 769117 927246 28692 71649 82951 958910 834569 728994
794292 621639 726823 722753 12575 705802 795404 321272 598407 934735
990047 497090 992455 134713 161409 926416 889919 302373 848629 765707
143263 580757 174423 883147 260178 734187 156589 896494 93048 676025
856389 750605 781538 13448 865924 143214 63546 97268 314491 430838
428414 439042 379349 572229 778194 550490 475287 435515 341050 152567
337267 609811 131186 20131 370874 15882 420925 248854 122672 262346
101297 744102 67406 340322 753996 69359 307004 466725 273453 273947
760277 271648 70645 396976 680850 279777 470109 689631 502103 90894
484442 445377 583741 533071 76401 464481 559972 741902 733307 747448
75798 725106 806299 754241 767212 121275 828532 793492 482699 69620
711386 114351 222533 954462 873675 673373 135848 992628 65422 11237
440721 814005 669662 647828 436861 880103 181669 247093 371980 195634
366419 364783 779635 300501 576272 603961 326583 262624 13373 365435
315009 874491 16913 61582 244333 144793 49293 56383 935439 828699
453029 789104 975554 974786 948305 147149 212925 393523 411004 486081
153866 375743 479160 655103 741917 409710 205287 470994 499183 498945
682232 355285 319911 539535 629111 482929 287753 347011 318227 477958
515844 212439 986334 720781 993948 793360 49613 630007 265641 983387
86399 361843 36147 756152 312309 442843 724246 248333 540331 120906
992596 279196 74090 210783 198092 176432 168487 197961 909660 537205
879728 347788 403994 645014 368429 743025 349759 622032 738810 953481
385561 332571 739582 927796 510224 409887 193878 933924 632284 635316
209426 529809 818969 929107 256007 870100 920825 646636 555893 751248
25026 13735 779205 397122 982325 602544 751478 697120 121342 748117
573595 560319 797512 178755 535669 645011 248948 962703 906035 185945
925196 837570 373245 149809 331916 326960 312042 530106 401940 859983
523022 29088 737063 66417 425762 16690 756002 463050 497931 606690
514732 882811 374617 100764 460680 220239 697483 462240 470957 19528
98082 109648 322648 7279 508985 120189 601131 849561 47173 58411
937542 698880 314286 724578 433740 42822 491760 650862 121318 869273
386410 222374 492861 35900 235708 368800 527099 763679 804188 751642
785621 458843 153749 555474 536605 388123 314069 190791 884580 801310
429856 808450 594808 946335 384426 184934 528806 538033 930198 678711
421212 374953 979605 288655 905683 393639 198700 611677 971892 516000
393179 549540 892993 267895 157027 712748 148025 114756 163951 475905
690002 36580 84253 186073 262865 410622 200507 399316 379354 155379
581095 690990 145952 563310 606247 286381 635742 231193 385871 240106
187088 315035 755635 919447 173342 195018 665669 590384 186426 740054
124063 748395 625186 553699 310084 749377 196975 652041 66705 154233
994044 933019 410781 351778 850068 521270 656952 692156 592448 107045
636688 698725 600817 728221 200579 491335 586884 499966 989734 22098
171169 522443 950457 724994 121096 164861 101867 490796 90437 968284
163040 376071 635743 612046 94949 970349 159111 553075 171332 405233
65555 978391 753199 789144 851602 253823 59190 945608 277012 37399
626586 646296 408480 161370 162399 474070 640435 545771 351005 818824
752290 777898 157331 167515 155579 479432 294116 935811 523864 346096
929090 445591 584182 490470 837256 586015 810890 661952 719304 507994
268506 63832 421430 683760 697878 736098 924614 485961 75974 16057
356172 806980 146765 323677 264760 898173 578568 51756 127865 797502
216703 538092 980753 208984 596414 905828 306404 93679 69593 236085
401242 514320 47416 679533 405642 872767 565414 384324 760010 618567
820090 80458 426397 873424 498280 480586 251536 259026 873268 669335
760135 855686 950800 365320 779579 46383 820121 145158 73982 838283
721969 246183 160039 372224 545733 486511 700305 960051 739240 793990
870783 271537 535199 338799 800745 240194 646410 5201 513959 377864
39769 926637 59095 842737 455459 614498 358073 653404 274473 704118
260093 408766 613262 859966 753423 704180 793472 628565 142656 325584
690229 444800 497993 832338 928252 362619 410175 829276 403897 461701
608216 873852 458887 977599 639641 126198 794289 504969 729054 710308
7636 264224 206331 870403 452228 770990 201494 980930 621587 892725
209564 474562 109612 963258 729998 352525 283316 752971 498525 662297
652345 848872 251380 750609 101669 579981 606007 382403 875161 509289
465474 370154 318871 261104 168663 159346 609873 852205 883102 638411
8577 213453 206680 945372 751696 918763 919358 71588 300218 222618
224287 283135 439361 68489 566732 926919 804070 96190 507335 345428
613171 793159 803355 704030 932301 98027 35922 27965 224746 480570
911723 441502 454288 999012 938465 15174 196096 607758 292151 653159
53493 697768 911316 291737 935435 414055 494793 222023 673131 449140
380358 529096 833850 416276 796741 30509 53799 516448 506436 823036
664028 224060 453850 748654 532209 492736 575297 896274 18120 218434
114944 17078 671659 349806 189808 395362 882152 162034 914226 56138
137721 411087 558269 37581 463756 801111 361311 581685 812488 43926
365364 937554 9989 206797 386128 254823 641602 178957 55199 771382
652096 480573 122568 550844 725267 337345 677559 322879 850247 459854
639748 263823 774453 846732 817800 426909 979219 689589 274401 243945
69775 61035 985936 524893 571064 611443 438040 525441 50202 786180
638309 542297 417834 174890 267774 709891 106380 243995 882660 618803
513799 658614 678206 897969 426818 876426 339238 785596 897540 841343
585936 612491 627890 384881 338185 672760 570993 412062 767274 551162
960149 416271 604287 404996 307203 167284 339620 456631 534650 252199
570930 60320 980479 270813 737525 359359 453615 740746 8270 195563
545227 543500 255081 74861 704729 208583 490557 121611 443957 296158
947714 664112 38892 772517 316309 937275 13071 269942 267162 299969
773290 357070 436766 217431 986087 787064 347102 124163 617337 420766
874738 323664 590390 627960 257456 700130 436392 514502 475947 254634
344823 806220 197361 629863 844904 310026 352947 961043 427679 885020
343571 84103 624858 796717 331851 351024 64759 443860 896783 108776
407711 874024 325818 583175 924875 278776 584896 116463 296979 455564
507998 77253 715145 946606 272854 281726 505925 69107 286516 685144
182491 324520 793977 836415 13706 163835 691543 800232 341664 435174
917521 274398 171505 295266 89105 685553 170442 572418 182975 626124
353028 894521 464364 531182 911174 196076 414755 207736 812151 650573
29051 190308 833050 375751 363714 229627 989604 878881 422400 208401
682334 629382 654401 537017 974989 6233 273986 177945 554323 190860
714187 360100 828926 730712 717885 833301 236297 813716 44452 158238
523941 129976 780732 562799 48202 710119 457582 837197 346535 151252
953488 394801 936584 623218 506407 683230 117190 819209 900883 96837
618858 907272 580732 743843 647321 845674 561958 836759 956210 679180
636303 306967 340937 898660 443743 882395 276851 866270 618449 420847
676653 565872 241746 971142 223578 22970 344394 268859 511220 561299
27305 906291 746959 743871 97476 520305 636146 292791 814105 322047
448164 695452 668452 423905 800746 368486 936686 82713 284697 232390
362731 994665 162167 512504 531487 171465 653653 613478 430855 64346
7797 317362 847760 127093 9373 10095 176663 289272 179733 606391
641288 774182 839787 809269 242052 817752 966146 98259 949143 364355
212490 148926 436356 822311 261099 802923 591724 624343 394775 452994
238051 445062 434765 775837 210009 649385 450806 823606 978367 220337
774560 726565 403023 348881 31624 681909 433232 977890 469447 497966
4779 651856 915605 48334 464983 342745 134386 892369 944452 875078
830373 934846 326061 922389 682110 121847 284911 617185 30877 65452
88287 670250 621678 632447 160053 447845 695694 879049 432777 28267
556627 157447 587899 372312 476462 689800 754504 128587 232257 331017
118474 90427 153155 312519 778216 699496 270493 940831 562974 182293
424258 453004 26265 803355 371900 661706 366724 40374 394939 831664
335391 268438 725757 76915 528030 889687 650130 444191 359025 338166
303735 76118 214680 131463 753213 182482 778392 925690 637939 989545
292415 56716 403646 725008 687339 766443 928932 943296 207951 123156
825280 450371 650600 503907 695208 17682 152702 370872 793934 413009
861934 282232 681675 430566 437197 668034 697062 184324 733620 436106
722281 693733 710272 656356 56087 21406 489305 954605 900929 761801
994678 72451 942549 637838 667586 507962 989622 827844 479429 345179
321740 980135 604822 532041 226857 202770 583139 40084 71713 717993
791049 39380 444030 839028 690112 677806 644986 65264 239571 881692
217269 289470 240844 298485 757542 861578 457894 849258 113471 776963
166529 526509 307659 9121 695309 764303 436751 528620 901390 165203
199632 668198 762117 179130 155822 378168 707416 844581 737434 138052
749701 726419 473208 648072 993267 909012 258129 290641 39447 931899
748681 770184 686442 144666 844077 271542 766318 487609 966279 756229
702669 421394 197863 350010 248985 22418 974690 809291 847807 631134
586654 929928 598475 290448 100517 986424 520384 378338 29984 649444
389347 413964 738724 644121 915531 228670 898016 163307 375539 922867
462127 371271 904101 867941 839613 389591 688795 853082 430884 325707
793789 43127 146759 73068 155689 514561 820722 923038 165377 817714
76054 743275 829024 910639 573137 861109 69053 610068 478177 639983
420693 20592 585513 92429 951113 261455 709725 939404 281545 672951
476608 743846 884461 852912 148436 920789 705039 153579 119936 325896
345089 808131 954801 474140 291314 216798 726181 123920 845113 928620
825176 462388 185763 222252 685617 11582 658888 205107 411968 903426
616450 295175 314817 903573 918751 167545 550836 526315 470136 383881
842633 590837 240561 451948 444335 165531 385483 885920 514677 145136
602568 585544 47949 134413 860527 948460 598248 696947 880444 484496
949679 420845 107436 600056 208869 867734 180987 284060 483234 219722
823450 454750 585185 577984 915152 936067 931849 368574 396302 192431
551555 761807 499091 331038 748425 243663 459905 554487 545144 866290
762693 852953 488653 161938 488420 379732 45081 52313 210582 104256
887096 396475 748450 952544 840863 533000 122049 366435 168083 694821
768864 327146 551068 515676 636587 806084 503643 233203 70039 633748
855940 213846 96780 725755 6510 995879 787589 883342 548023 405365
60648 566944 819204 107749 865834 483794 601836 793008 337976 18879
939844 942426 29169 753218 668106 307866 414241 253251 263948 622131
738750 336236 525484 9242 250440 247230 445485 862425 240778 881461
778799 961281 459926 216718 625318 504169 120135 767906 217339 632138
515196 205848 743649 917153 13425 798876 912114 401894 104840 333709
556903 396635 907502 751738 88585 388559 374594 687550 700334 16616
913842 60732 509031 343853 451677 747517 40179 515022 851300 549754
142170 805873 168529 345793 278857 112363 711978 974881 255552 941420
116198 747500 329576 601893 920495 464916 5567 719435 974203 319071
863595 938241 595460 526825 723526 48054 869418 404426 799483 678278
634226 606927 653019 453461 632663 525619 871083 17927 255499 719449
267593 904036 500617 71317 744292 864488 832626 950310 490910 132755
824494 358070 410146 563505 887082 402261 715142 919444 569272 477883
113766 694206 516145 556401 121828 125465 988156 952781 257808 806789
541311 627364 459543 595696 791316 935301 951083 219716 378700 470582
806629 233229 649542 703733 570139 83450 829623 683171 260220 11255
378962 262421 798688 459042 925192 88459 225166 571025 97047 831941
450079 601109 353783 839420 585280 874888 928764 33411 757874 154449
710809 815730 31804 114885 845890 781722 796953 847349 619127 511794
669041 163714 255188 471688 330945 43128 238461 384046 454708 41431
798048 475239 635183 655199 318696 38831 859008 224672 767465 208272
460918 202079 554693 452180 628299 247588 592194 256383 157943 74652
1648 792140 447957 231137 728406 481125 925116 555243 244603 838986
958360 909956 14882 184278 189885 943468 925209 461539 843748 198255
217191 937666 956718 712191 219476 696591 904309 227161 761707 46359
280613 334668 765106 934971 817530 907929 959530 358262 924987 184026
276347 342575 472772 290011 973612 354095 266298 993088 460979 731856
539840 927383 446125 419234 819141 69685 803550 138149 383557 804858
400579 803052 597951 338497 485063 733375 836254 221234 858132 842488
813733 354325 794508 889853 953393 805584 504266 545130 236235 252615
20898 572248 498585 554004 56216 565879 182126 750779 863936 880770
821464 191116 127952 647973 291734 621969 849797 381407 342907 113210
226909 958783 566646 415772 630920 261238 940586 533058 308206 283711
715471 791426 442582 130505 627222 824359 804361 583179 379797 75883
972309 587272 75779 456274 438850 748364 567583 172287 917435 290384
62225 756374 594395 745995 625628 878071 798168 436068 626737 771859
906596 825288 727096 996829 859238 342894 745959 291026 895854 326079
392476 606430 446742 854477 148457 217783 212064 318942 386699 223437
876843 30327 828346 228621 363229 753641 23930 82291 408207 854980
719663 586653 522013 312244 109636 124109 503210 992940 320524 879876
282587 733052 974816 598116 72750 529509 720502 412346 86658 924493
920632 134157 623154 701494 849605 736213 482510 377976 607346 608693
399590 680646 431915 468214 374709 879854 342160 560712 859879 160223
657902 296780 4817 185714 68776 861131 941126 995131 689682 954629
564807 298394 66440 93815 913696 902303 112379 559288 120532 410477
514643 72290 974482 373151 461926 528057 524498 668680 365707 489596
258546 345345 15183 287997 759746 374885 522463 134907 829357 696207
29063 902738 495083 182440 341942 617062 961586 704109 435298 874640
330115 929691 797064 947209 124098 36497 74686 108661 144992 863155
675005 274465 750202 87119 640107 609993 956088 419872 219840 370303
792299 269545 689162 76086 671892 257458 902317 585598 814696 991818
907468 247800 223277 121943 78966 439269 498604 140991 906110 321654
170577 937067 479963 764690 287400 268951 548604 849043 807919 338061
141729 836466 165888 362135 660894 247656 581048 633120 549539 17215
976274 704098 606531 326580 375048 873969 238571 656537 411438 178157
692052 865030 953876 277563 204158 341975 766005 359225 639857 139182
811781 554595 374999 914608 223603 634004 421572 585586 746130 787082
801668 466142 299124 783886 215279 555388 86250 660093 938092 950857
578554 447941 750082 37478 494177 318121 214457 871920 968429 171357
802932 59954 363752 85994 149863 295166 266952 446932 52524 558847
612998 875818 591598 661553 483636 165284 99051 178144 753154 47660
97101 81976 436741 63321 915468 568025 259196 747373 691154 289985
630656 441496 158638 413271 394140 515726 709739 2726 332260 273457
816413 378730 962007 335424 301062 542374 770626 620134 14316 866763
421452 287346 600195 75197 472848 151767 850597 125992 361253 245465
220923 576387 898223 890706 555414 559916 832633 885551 580679 93146
130045 736289 268698 49104 820910 878243 267272 769869 282551 371403
448649 938109 387791 488547 448405 287327 604839 140648 951803 204278
716804 923922 306133 494675 167654 429808 473297 941651 774038 331119
135522 279334 895990 355976 994150 160935 669184 823410 260549 251167
871676 518802 109064 826198 929204 670353 330788 530772 641698 53193
31034 434615 725883 244 257306 111933 223011 57517 855966 638362
883298 72398 677478 444007 75267 982763 321721 586894 747869 12101
508396 308367 419879 621007 97800 50553 652934 469071 898895 226373
893837 319367 227651 800111 964381 530863 984586 760616 780608 711779
182440 348417 855655 132324 480977 696971 642474 26524 24716 425435
393867 417855 112269 585507 456580 419772 674472 989153 358401 280583
237118 532774 473702 870480 861736 564428 383726 420583 214353 291792
337137 135172 118454 988315 350544 645197 168322 847144 683713 342102
210915 590196 636299 885710 641754 165141 938271 946755 809162 81890
910168 455130 268952 571886 275246 836430 596338 267590 468549 264287
393014 664823 598054 808511 446651 739735 824598 166185 924646 929027
429117 293105 108531 855717 64404 260828 256669 634594 421146 948303
234120 369050 686896 131997 80928 146969 398336 810159 594783 347559
771344 107226 235521 348602 425758 83973 121811 309915 408581 878957
205661 52068 503238 294623 830783 185398 896742 944838 368761 573871
711432 876563 672208 229793 486086 12414 32128 832301 540756 407414
883362 934723 566971 259870 255575 828140 269511 324012 461901 955074
921203 711630 207158 227830 288468 422561 491264 846434 415371 827951
257130 499175 661599 971306 926202 126181 557923 604981 750095 103084
129166 623216 412390 2035 643984 327939 605119 113239 217650 216193
798116 607290 303353 292036 908752 424005 596253 306691 177695 389900
683029 435689 678523 436870 193987 850182 928097 543604 159714 648291
125876 797736 210501 674406 998174 497902 160256 257194 280780 870650
456738 133291 309178 430431 323970 237887 697421 979392 112567 707525
867609 302489 548164 721409 920525 382616 336768 744260 441548 836580
452415 505265 608873 152356 478453 405119 744589 462163 381712 367222
681658 648081 551295 156923 172035 29011 208917 96005 589923 24522
227789 859858 170291 306812 786197 963972 334828 113942 70549 610728
449498 752066 183582 807295 170604 570206 423112 993752 453989 915770
513089 532150 47142 797852 454905 785345 864525 827733 75876 592414
498297 181867 332671 842171 534911 582500 397514 843534 58573 419720
953894 497659 586566 678888 198481 496690 748304 976369 495787 592774
568159 273571 781317 536139 916263 857285 118627 391832 417247 627604
72421 381561 903304 937054 95828 745509 26122 376715 833691 965907
423095 139895 484341 230702 737810 198608 21363 889600 719847 753572
152999 151137 96271 927696 692813 130303 325905 929503 898665 821702
219132 907014 630999 841731 296257 766762 383429 793582 424616 974762
677336 978958 480345 398325 200517 146930 29022 90236 688769 983357
103320 171616 330199 546918 715499 3325 67740 268275 962197 868008
606835 471515 204954 579536 804166 239044 626079 335290 737062 273854
204537 286418 509321 131844 648180 157702 821174 15943 270302 267748
366167 163891 943927 54997 121807 7498 952057 159294 275581 518921
777185 801963 409803 73979 594057 174566 320450 914866 939431 145428
78532 807151 219944 309993 871481 382600 32961 673506 830386 432935
446860 198039 205494 534307 710226 667208 792600 467971 180172 159232
724264 355310 102211 26255 281023 522618 667245 218009 98687 871338
117920 410560 289869 451191 389498 586125 156076 152121 744757 712165
4550 312560 411890 622175 683312 203848 124823 914488 62637 454245
381938 723171 919874 828476 34788 175696 913827 266889 119056 502842
887763 7988 724152 453623 140540 971855 395646 927655 549806 246757
369735 868878 4835 374556 810990 961415 46767 581536 484203 824965
934314 627866 853070 110083 649313 966322 978576 760847 397094 666088
912133 630880 763191 49117 272637 593826 719281 599849 646065 872513
50718 908872 677260 241964 685277 184797 988881 592804 997308 79430
646237 63499 673646 733233 361323 343662 52984 895688 399514 216121
826476 646275 661682 146316 928559 119763 776516 533408 497662 542260
393089 669477 105902 531507 855597 308042 419973 601318 77054 905294
624070 890833 872441 80726 60326 882177 441388 472786 443429 181736
602059 42666 17334 503775 732323 35197 580577 711081 287499 41554
894698 317324 871319 825071 899937 653820 451620 371016 182328 399974
730853 423908 731155 535016 412149 899795 580581 448616 221466 73300
663652 223772 628230 403655 333282 625633 643423 92631 485024 888388
868850 100856 463560 642257 414649 161291 416787 699603 257763 74598
730062 602425 463137 420937 255957 281248 457992 34004 180125 998912
964215 33589 819219 193481 879295 373247 314148 980552 193139 554012
902952 552785 788351 375728 438784 316496 730956 968217 716043 731920
516746 549098 5732 558921 974611 817372 807740 499875 940381 892008
604264 584951 164306 931859 936696 229507 24595 404031 618168 6925
661014 869862 951305 305485 427745 304603 661298 21788 662255 769211
30334 827256 387454 470775 400264 720426 621981 857713 385196 871077
593231 385337 520229 501043 736774 207731 609486 799812 604865 979232
343608 440441 502531 592959 883185 77605 605082 907082 422401 903891
532760 73005 694881 901776 312706 356685 561575 721136 220477 515460
822757 285972 841653 262387 633904 867950 555933 646459 404353 541451
559052 331598 710035 553855 11055 458910 91053 473832 755124 250493
844798 25410 915526 924781 115078 39734 435411 340212 860009 287599
807888 374411 832517 126314 148548 685792 103214 69366 664134 581185
4037 235987 742226 44239 520445 576047 301193 71456 757530 133399
419295 758935 409427 453824 944968 376773 940953 254317 345357 136747
912328 122882 394230 997300 586944 550406 335050 298358 953515 595139
178265 851900 782388 439179 601205 368254 188033 120529 617349 153804
734085 243308 427468 364775 459108 255838 455415 128466 137690 286054
116929 295500 922751 711370 535086 376428 794717 715199 560157 283198
426634 216077 473336 792264 498032 880938 481770 792989 261509 761636
980703 256102 84497 758033 687483 465052 442608 684461 218598 600869
886491 566075 567778 750094 552989 213163 787012 332638 65355 816956
522194 604139 300144 323166 775524 706355 904118 999066 369919 555123
257941 909015 839308 555919 6011 835905 938160 355061 366446 749791
850877 556395 779798 702969 108836 957937 839058 308222 849513 33193
411974 374347 760921 767864 799026 827033 423065 229242 648948 936697
298003 437513 851872 378755 466971 387778 21406 155991 49656 97815
33276 748853 632756 110585 137869 624302 964372 646392 502267 293788
76736 100892 374714 77214 20599 806479 718676 574584 306307 935055
948493 51502 176829 889933 992706 280642 285377 565408 744584 974009
174861 627299 998828 711649 383776 504242 621401 763993 641642 500010
308537 16465 628337 271619 303801 730516 751733 554671 471922 735909
394142 132907 9266 184515 847239 889530 534786 419088 633705 269325
537110 908055 661750 610919 337503 200134 868861 279958 300363 344387
10379 974489 435510 602702 586935 294056 373726 626072 276460 858878
187420 695561 939669 685990 906770 560237 565258 521657 104291 164231
714855 417766 603644 440309 141639 188977 594894 55424 59273 768463
269529 527402 162957 876791 608764 3131 847493 463280 987276 489413
925196 45797 76245 464660 376209 574387 64789 107896 682621 442775
995011 584920 176732 648947 248079 125549 563376 29832 291082 410705
764778 918444 393434 569740 690427 301580 907230 698294 283960 853349
223634 662286 60453 808382 567637 932823 696265 673475 865697 770622
768846 196431 754916 352407 428568 840292 251745 705016 989625 149218
433520 960344 858653 979057 730534 288022 218277 273973 550121 525859
887311 82194 948282 673840 149288 892385 591634 691176 137791 108803
323973 165074 798531 713828 35466 559233 456040 117049 716988 156895
636419 798669 343676 175027 934225 154280 639971 919521 571567 369616
11613 952765 121673 817129 447046 599496 604332 185209 164505 119287
212624 916189 62606 868420 177015 62604 414319 823607 156826 711737
936089 402725 145110 308958 689578 495400 592851 340897 996310 150632
656556 122345 675902 800572 588886 446764 630794 507166 193463 736647
230800 937754 969187 319255 35206 156772 955540 255856 808350 926917
779583 150845 633420 92184 753137 942965 664831 13395 961519 886749
417711 81478 969587 636899 777188 850296 333511 402318 664097 898531
871419 527119 25487 752986 404581 174666 642080 786262 970525 632403
919583 96050 670431 291398 377702 278857 517316 931774 354875 369038
926129 381994 349378 735001 360172 978517 788483 119691 786509 244385
728173 916653 507849 583696 686193 547769 230070 373604 471327 459846
410053 144733 982912 939529 994547 679000 12453 942431 909200 314322
804975 392966 251341 287943 872892 559578 53303 705173 950003 806370
619358 533275 215092 875674 28602 924012 226737 964483 965944 162296
198003 554450 591667 17854 114890 650393 863206 620909 757788 821862
762303 612947 511648 222654 201872 993827 591165 580014 885541 866295
451764 288884 43835 764530 507925 688367 847628 737789 80050 131815
973609 681992 679168 566976 140574 32973 442972 418564 174185 365980
382192 731461 451509 762424 811209 872995 617339 37155 719209 897527
975052 360916 868433 995297 46 577411 552841 209937 773967 988105
457503 941647 254619 68862 794599 948352 314555 997764 742436 113037
989082 318465 241907 479715 117754 456741 278537 709889 179240 19296
451184 158312 292739 680384 109570 589446 105637 752572 846109 234797
588910 39063 904129 901345 247483 134787 153016 773172 558715 102893
355279 979887 463911 506773 848061 406837 270183 617517 423784 675166
76900 971642 254910 397195 356579 476362 626795 411923 400806 573227
965348 440616 687832 621105 438878 917521 670082 393325 444970 3658
237360 424255 369659 286338 568112 591382 248182 939275 357842 740526
168054 448284 749472 275852 141713 272271 333066 467143 364123 623258
638002 453023 761530 326645 192061 532046 715503 853042 638921 432317
549518 270952 30750 638506 885067 201969 236515 773163 392592 282254
949511 865848 844593 303497 34953 281173 62769 327553 116536 319671
327354 290201 360871 327711 676040 519115 891633 403374 594506 37999
426387 867838 871166 790650 28163 843288 594846 780174 811268 948243
264439 219708 720163 796254 949929 367401 418010 833623 728057 110073
168051 956763 590303 153715 41479 817320 533764 194148 212455 376958
699165 360961 445543 676699 10570 435867 416855 471212 272779 247304
112005 797792 331355 491254 993247 370784 100550 109799 657037 923991
443035 188196 145531 939421 597065 728116 759707 478066 319914 162582
93063 901352 429739 59210 454381 761858 108629 114263 614123 652515
985256 660188 211044 641861 162501 51770 652287 252186 848412 362284
551525 590016 567477 1205 721210 819630 87138 860768 86666 500370
209665 802521 8899 450629 395926 796983 554812 914221 263242 775266
192264 88391 984702 591457 344140 603659 651619 169952 200058 2073
56369 125541 248680 832111 323444 223601 816022 553520 460092 721158
793345 97495 829355 674704 830476 929909 155949 970955 319596 726045
835445 152761 336916 285685 148449 529771 921965 54555 922737 14624
319992 124794 128631 764431 830822 10560 25624 701951 592763 991563
244742 23601 888002 135424 490220 5583 11987 620847 419978 809048
89208 859863 609546 636745 302662 67861 153871 276601 932915 351660
200393 175104 769787 564017 13477 811683 35988 618517 779937 99233
741637 82043 113158 618450 3678 482259 714962 807095 123688 427021
586248 327361 534128 803670 845148 942028 270753 851878 912226 296792
465431 310497 636350 616013 323721 936084 360771 673707 909971 414272
874620 815737 228631 519278 716583 475310 530370 22502 323880 713375
556180 632829 424140 257544 199274 79374 711867 370300 952516 691927
249969 753149 503448 821772 624899 611149 564535 511768 940481 582183
62862 862424 41881 491539 11459 605989 767579 499853 587846 382629
630271 35270 292521 525916 561213 55447 527790 828352 831813 323396
844547 394518 459535 927785 491163 753674 822012 455923 952698 958371
571728 836064 542105 129098 469474 130486 723273 205858 949442 509181
416591 321204 856638 271715 249848 84380 580746 381125 168251 313692
927030 713429 580473 811397 632934 639601 109840 317298 640614 677856
416248 961079 343106 797229 554338 541269 422639 83719 336385 3475
775375 937094 419276 808191 815275 548166 677679 912583 575476 882193
904490 686448 151502 925029 901138 751510 199551 784009 861966 450054
85740 186395 248546 777400 665218 653522 763949 185914 494994 898462
168941 565537 892145 528975 403688 152630 32069 705429 956096 55549
319056 922907 34666 899463 637744 701745 722507 848203 816817 507219
227347 906955 598097 720358 270359 579204 330769 603501 620199 138538
385995 300223 170756 708904 630685 337287 746008 340347 766204 215591
468836 732181 614541 980837 208495 828956 86675 54383 546922 426512
859968 376125 612409 266535 423136 390996 473404 997159 279248 547242
516910 660027 123420 141091 720290 18852 430306 783962 235131 572492
396292 427183 246007 870708 84227 693070 599367 115230 904791 207980
450494 437480 585462 465576 318440 571069 66446 198029 785482 404944
524770 236263 687060 754920 695381 434738 860519 720113 394371 460797
760242 44719 241692 70175 739422 444191 823672 805620 757598 543323
232335 717438 604848 913506 415718 272562 125051 392062 735826 211673
333048 466317 535434 754776 11758 32338 917935 983130 254848 432353
765644 780610 350563 861902 692400 420184 700140 914574 123960 999938
94578 23770 915162 835747 661592 815415 473905 5383 748062 975477
355006 985079 173182 229465 356621 331297 97125 152973 259954 59746
276383 910883 239203 70554 273566 555253 604088 222897 894520 81044
397285 410366 843667 284748 4434 485438 875989 229259 338764 575887
724989 811987 830318 558232 206235 634201 244054 865427 682675 669958
688099 335080 147884 896193 294127 234137 369618 423931 1099 843824
135435 366362 945633 274776 7371 51713 430988 884554 912671 374394
596711 970073 792398 37085 159006 234956 186829 646940 932593 32258
54466 362404 530886 510388 26335 417807 10250 146783 409988 716866
464998 509113 185680 9696 15809 289634 746533 905043 387933 46603
857490 484271 154451 282986 220271 256246 266879 508016 905292 198318
503079 789064 362178 274118 546737 17007 219513 38519 953604 814400
179169 922291 405855 934140 524917 672723 361169 132839 948761 205302
550167 538779 847769 84310 104384 889197 779521 357135 723526 791253
103185 481959 628252 367468 811327 831031 512108 581689 260623 330794
780138 116674 914166 132762 144975 626165 538432 257243 727229 196845
985048 481600 625499 643943 621985 459277 531920 394022 204057 482830
835698 485960 942044 618016 840045 343002 677768 577599 901621 883978
78327 136004 4760 740729 736253 426100 950246 444316 173765 478981
318734 890042 337800 167997 415714 681648 345346 494847 789111 342021
139893 774694 77194 610167 416560 115634 825720 683516 145707 781151
146900 775313 468745 695068 450725 452287 891002 187201 970260 699356
317115 611681 969039 971092 451101 937482 842294 666814 703754 580388
685691 689662 634829 462691 356443 952253 574106 606787 992945 657342
980070 353041 315060 944506 34071 24412 414172 284321 714609 413834
434089 267590 870705 985651 104466 495646 806654 642730 323472 328017
246387 724352 49477 11878 195140 243795 526001 606463 574543 725452
778988 781426 239676 668115 361840 438478 927470 307625 140694 684884
127854 839689 275717 487560 193238 201154 274600 440471 228647 452694
167986 753751 637770 880321 959951 267277 733833 192110 647041 345244
839041 434245 509314 540574 640436 668943 3488 297556 372701 180285
991669 173952 527782 942916 195132 463546 157070 322472 120629 735096
623233 988745 414108 41060 40258 668235 418053 453403 945143 137334
832302 130593 870150 85124 636477 25066 374713 947829 316260 630500
315521 544122 354771 487075 546799 307845 234705 883796 165833 101422
36554 723568 74182 802282 833760 600098 694859 654175 343928 756134
20230 737186 183874 165756 767133 807461 441150 745941 385348 42625
748251 328655 90924 800210 321206 702482 172166 847313 948115 589347
849864 706213 694854 211626 95591 353166 617839 813454 33145 364849
416099 461796 14448 218920 692379 690362 919172 671477 399175 840762
11109 87315 545166 492331 868698 999601 492466 766579 621285 461100
882862 462020 695549 131027 674022 968548 404390 101258 113839 630584
431710 636727 269043 862707 117521 621862 776652 134512 438591 147583
595117 3272 988097 380498 883970 966818 434828 613480 402473 189835
849934 264895 132661 232959 95804 573175 836875 84519 84613 642318
550340 163131 404000 55500 310714 27851 851513 51007 620882 433499
127249 676423 572902 803321 141827 433139 823458 181221 646446 961250
866876 106702 622247 9067 109301 91019 339237 785385 455791 958542
199835 34508 611554 692997 164867 16992 536393 113032 267697 473150
195168 84559 391661 123201 618681 696785 612126 251417 15735 755201
737476 227976 741290 375293 393363 945163 890338 583400 166296 90589
962072 837942 305701 963766 211895 811349 322682 884812 832013 549555
500857 44100 79819 299624 170390 916056 92626 689273 163752 324579
922940 90609 841149 214418 211647 889717 578521 100062 818741 285531
329057 556143 577487 76990 541463 848689 452442 648173 720763 695269
486911 114959 98192 782938 943214 628241 453185 478513 489844 673849
573841 62321 906751 122524 605220 259191 291172 497017 642426 74533
277018 862225 427014 575232 829836 776666 870379 423442 431356 117649
241112 79584 845407 809888 689413 239355 394818 274670 981724 37600
972929 317547 517200 570779 100091 933566 558944 691855 910143 645099
841518 934295 446658 268557 809512 599201 14015 378203 163636 306297
185461 930720 274079 106661 355421 575612 528644 253608 811348 525381
671799 701908 168708 567754 138142 694742 746985 401674 526880 51012
226119 94623 656758 189341 314173 590011 849381 292494 251363 495600
79043 665311 182088 438548 741720 234811 98883 475675 943401 560493
419463 355716 616992 541174 995136 409733 377412 421906 362448 100655
642519 671899 42701 480166 26529 783471 531556 105631 995464 76268
254199 276329 742844 97758 262818 422573 391227 634336 229843 547580
457910 519532 591293 683540 873518 514559 933802 446107 573764 790823
7725 2288 905612 673157 319087 592898 920277 927030 91576 638410
255462 818614 807487 570880 854398 694616 266140 667575 648715 298336
818669 361599 499562 651227 304125 587087 313847 306645 397403 751552
765969 157856 825576 612903 929804 31432 566261 569015 233786 149763
85233 419982 23410 386402 352496 106960 543460 236486 256429 733679
337027 485759 341766 467053 763706 315760 616101 195110 135168 189483
239821 403778 952768 991615 916945 604374 761600 584391 393285 966747
184855 774333 33764 910010 49502 321514 866589 61340 148417 897825
288663 171844 734586 516017 347024 187989 943616 49238 790635 432954
335071 281065 752074 970929 674950 636513 863512 853629 42601 768270
595901 200476 764215 694313 935895 491182 438746 681299 861606 532127
471154 868125 328441 151680 952396 622349 332213 677022 938068 4123
402128 588995 393108 10625 635088 27108 805456 428360 259947 196497
983864 795936 598377 497508 123344 958551 83288 819142 526605 673056
826514 60955 483018 518746 619586 237600 655623 512723 191732 965263
464969 76127 193775 153162 325341 976115 942876 507380 233975 135429
991948 971601 410195 323493 694970 546991 569773 61309 411952 725412
915941 289012 131106 378232 165263 381686 596660 622879 118171 962356
372978 842674 121133 72362 970953 2319 516272 473176 712445 622431
778122 583053 719339 994711 17462 731805 193607 367794 135469 281882
185227 600122 281149 528182 937503 302639 642357 343843 165590 433487
597731 376615 818996 179156 287826 6145 23916 122054 148325 227948
479810 663994 312708 812882 343475 621027 744604 905207 818268 556666
56719 679937 214795 865764 206338 272855 607545 589084 13864 449400
706239 719619 378210 888595 935526 21946 237744 737645 415172 381161
152450 976466 322861 951437 186931 717016 928338 655742 389653 174645
949909 221026 209790 421135 568628 466808 995665 334822 386307 719095
371772 755210 251393 479393 280291 362376 948861 185914 822728 877352
359565 620535 433012 968125 250118 84791 421752 516433 445298 284762
117426 78995 483206 381629 267075 614855 377554 736451 572378 224415
730950 751460 313588 59170 446823 794490 830147 953435 410873 580706
182968 576868 861777 149403 648576 429995 679505 423420 240479 517742
67536 377298 240417 919977 449718 73580 318634 363898 560902 526616
458492 950250 935765 225770 569131 30537 205679 413228 753307 915350
263098 168428 744527 12871 560490 321690 145399 570933 483428 757435
383385 7763 660090 158498 191637 431575 638094 388613 359560 547623
487326 43852 724360 641656 246532 167517 702928 405754 443958 924779
64377 957000 666885 348575 704791 690385 322962 999430 456931 688848
443164 278459 888806 209596 600823 300100 857407 340541 437080 835734
22919 543270 249668 580552 568768 753407 37846 762281 989658 760727
278153 762459 451312 993340 35729 206734 581750 768295 819242 827707
320244 132186 580559 49159 735861 655329 124463 319800 420698 630242
65737 947577 520303 158519 366649 860923 851511 780797 944452 161839
630673 927984 21353 760504 956826 762346 703536 848142 819009 307941
166057 718241 499630 431421 946093 911299 693646 642425 446296 4791
490336 964049 482711 955932 127604 322195 828467 105877 315212 21098
679223 539686 992727 876695 64972 662605 284573 877004 593032 641763
291270 72467 981992 852590 608671 494875 253075 392985 47841 37475
584273 59231 47369 579046 848408 313453 459034 828524 858373 470815
171311 196715 257963 2069 238965 222666 462250 356077 362030 906910
250446 197936 605425 336311 738100 970626 444411 826428 250904 822741
532891 724597 940214 855454 437448 134855 530343 74264 518588 965316
4699 578709 271996 13161 71349 420881 180548 313417 168654 409536
901359 1935 744887 240139 78318 454398 642943 685030 973193 514278
349005 55170 201485 186089 270680 937593 563060 170477 419418 10745
988852 117355 417215 427937 820501 526487 81601 672293 536813 703737
377969 363044 388293 546026 898280 995192 538545 648600 131029 179969
703652 794152 843220 298094 913935 499976 937175 547733 702306 388402
84656 606353 27294 827399 764899 353008 335944 769961 920607 202854
221352 731375 993387 65735 430844 450936 350143 374696 725915 260815
375767 927015 676178 324140 526005 865272 754449 108474 753731 948824
356594 924171 379605 737204 590410 538222 715479 732959 190594 752246
104522 85406 509860 649761 78872 174435 870825 426112 176561 211736
783997 846279 762143 815262 539980 553342 802854 18321 570913 295948
631068 251925 299089 586261 579873 640782 272491 840599 127181 527614
98173 183182 164606 541420 859192 291798 352306 313689 235597 485472
847439 316897 94090 714483 588695 194163 811691 609345 323650 454391
997310 974245 611988 726358 644493 331566 771011 482958 605354 570810
993518 498165 191137 770176 773948 676550 186807 681169 697731 720769
712913 960050 308649 158575 896726 591189 343194 373710 300722 439573
881878 577211 135724 630114 128496 22111 880632 303832 387157 649410
248877 363086 648828 511965 11466 360980 816949 147759 220283 779956
943693 943381 298931 602103 649502 570674 198218 179447 505828 856500
31502 23345 149190 374857 162415 476465 972662 911443 672103 852595
81397 976587 859719 946912 929113 194265 127737 36303 632200 492085
866550 39734 85905 331740 648393 780760 847054 800248 891294 569649
99294 447121 816046 369960 420743 255428 946845 735952 986088 581476
959679 167335 38473 353319 488599 834813 811669 821878 918146 674231
788501 52054 930303 680881 519121 154061 641445 1094 715092 266169
916109 595994 852062 584164 964889 756872 865995 148221 899315 922142
440848 338125 698998 280428 133179 606926 810381 879738 120357 855581
300219 895275 691107 760925 887227 202773 95944 672561 231808 982386
853481 115245 537138 757995 299861 626526 332994 335400 659081 271421
508079 841907 310040 831859 598997 224545 423091 28030 595575 983027
887260 289087 702739 626375 684544 445426 392996 245569 632711 881888
187891 156070 751841 8732 841245 505703 704281 620131 884957 545957
206503 247047 967283 911689 722623 792369 430293 45955 700950 608282
114531 462021 469876 95337 625447 277095 470043 123202 355049 965718
733660 314633 368998 898690 578982 125710 202075 187432 31674 477437
631709 385537 206540 757009 851703 710385 302491 523367 3244 299570
224328 861499 350020 877023 322078 639884 756386 157099 875898 168657
535367 265889 936083 885309 963175 22923 963435 632121 24249 39056
978017 980883 2082 272165 581128 302302 885258 265728 743408 924398
956372 613406 831997 483314 142492 874412 218955 821094 772957 887440
166775 745453 481525 671516 912695 873384 376790 519512 131776 502568
152687 926264 177489 171191 1008 348608 922554 406417 530476 437295
615543 370333 927588 322831 981157 182889 316066 109366 205180 543606
712127 545687 336229 725857 984450 428441 287651 455353 995070 505153
329603 938082 151279 33626 433592 328871 340684 385319 449239 324009
856316 955145 908942 445764 396664 322429 66669 726483 599452 133607
37917 88394 439089 397592 945487 781201 895243 125257 224947 221483
128791 789572 199247 980572 851939 292470 25751 953851 238943 204277
789354 91197 287441 858910 416598 635895 445466 223911 829038 956339
190872 972884 349973 728681 429130 418272 636568 910654 280488 923033
661049 308377 351709 362273 474950 269376 90784 498994 241624 663098
217835 595138 374668 861861 108459 34305 872475 955667 921633 723843
34060 742102 64198 655717 391015 599231 160680 922482 402181 729655
843933 880517 120020 882948 86696 542275 742425 301095 460637 193885
180783 568819 353468 182960 390622 851906 275745 902709 962189 607249
36621 673940 100009 141407 164200 928839 347514 937581 359901 409997
236175 922705 949002 144346 462878 501632 940020 737216 506908 424861
443978 178675 931046 107374 919172 799603 63976 482838 348737 160127
567968 729874 390040 68609 258453 110686 675511 256553 747940 971904
637722 955673 137507 673952 17191 183593 248263 34001 236703 979176
972601 994312 374597 675988 197318 266330 339947 541345 774928 631170
146404 689146 359646 775369 544785 535693 331698 571399 833602 646475
823635 381510 139727 969735 825161 776714 734167 920330 716694 97462
823192 635775 306807 493230 85771 196329 547632 684071 853893 508728
55334 272236 350066 983795 386966 706783 616464 19131 455742 418427
25879 97563 988924 235166 954195 69084 303452 832694 426116 714744
805219 678609 974187 535336 811450 542670 530784 363238 126142 606932
610930 107020 587887 765085 912512 723858 150443 350350 760883 436100
341243 592363 732668 974741 836698 487593 422668 735558 478260 978018
487553 805803 704384 81778 252716 85589 492548 313857 195898 77282
602886 882221 434213 544128 706837 708014 936379 630752 308303 968308
955732 887814 110266 425712 403923 152524 614747 370945 416151 725578
785617 230840 173956 624143 670398 831845 171696 346946 761031 800471
217395 252749 419802 836733 24053 863719 6651 783933 256081 497306
30861 111273 491553 451335 379253 831845 360001 948762 896726 26508
433224 972507 245009 83827 834742 225226 891697 5211 609347 42098
334295 248740 900191 720048 811124 408094 296530 352227 721425 658471
467603 193809 326080 130395 527137 395470 294940 618832 644090 850183
462033 993487 105293 983179 118810 311533 364708 45169 95033 536128
956629 278390 975910 784204 11135 140590 506647 41004 314631 192046
518684 648452 883988 865876 557339 933087 489572 380840 904583 961014
955988 466785 740577 176549 179058 734946 863301 6188 954365 412233
363835 801419 323072 254973 788294 261020 411158 119371 467628 925982
426381 211788 797089 98845 579929 890061 488792 676839 148933 949686
511126 133859 474225 326113 685360 189900 23542 284767 505417 385384
373662 90618 582949 811468 899106 102441 706560 451437 691039 69564
742904 582868 728912 302748 93080 295743 875135 797201 873826 412461
566406 545075 519411 306189 209723 357822 480222 845761 56791 630596
204077 395300 644141 852032 429350 681491 811253 579606 118724 983961
357131 978249 581278 496248 685596 865521 789423 581418 254456 864952
708833 786953 588369 424575 386623 274762 560286 839915 145080 101286
214991 78794 429910 565785 312041 568801 866176 605072 646147 320616
256165 332418 128451 377250 211261 163314 87633 772555 10434 839044
85444 505400 103482 769312 852713 874196 146126 181433 952347 464592
45631 272609 914584 764410 55390 540586 679984 850352 207549 818715
944001 391901 241427 731646 618368 265296 340777 711995 793709 65104
206557 504322 79372 665360 790879 498822 637658 906799 72275 569187
395947 243467 361921 763557 143076 261527 526917 509875 709814 570522
676065 563124 968250 811754 105206 713176 418427 671854 41377 413991
342646 291081 500962 519104 346509 305854 209419 91271 596964 516373
932801 17467 745701 175652 801859 863026 304164 92230 927452 101031
8468 971606 452422 408014 464077 897147 20191 871430 333181 125905
837657 247828 454163 365387 71019 6575 467189 202839 790565 710281
29283 328906 350374 287704 665877 812124 870514 857374 25779 612107
788691 133863 24185 921618 786431 82559 974669 249648 422638 771984
788019 793229 39833 894227 707817 751877 380609 257424 168086 465619
865305 75509 14703 511686 470601 804747 314769 285749 511427 560229
326357 528893 617487 649614 325145 157276 318015 736086 963874 426149
431368 82196 600697 392150 870127 239541 866986 568514 399542 260379
638674 783798 927276 951055 547282 668680 579122 447124 666980 70850
265514 225848 494337 782037 246291 691238 496436 36794 939776 306415
771469 85409 829971 873202 501533 908787 553324 177800 389656 227772
28614 374751 91943 708739 617110 970935 946680 574189 274856 265616
22911 210840 824873 371224 275551 953557 556004 612015 515110 42734
742746 662854 777129 407905 886243 23493 442205 313269 181699 360904
345688 914508 507564 494853 235015 616202 279391 225382 951143 120567
457912 19265 733932 41403 94625 154774 336346 308308 155218 940048
241195 336943 255703 461167 256962 623974 333011 825064 140168 789725
253621 190793 921408 282814 177356 211372 305618 545033 508684 639234
191255 242574 64376 200494 814793 55881 98466 319846 400022 473418
654292 551141 964938 756032 751546 672442 770598 796945 717068 33856
903687 285877 973385 855416 40431 372120 114257 960753 260477 388884
861403 921633 417890 464277 314974 789950 234473 948164 689362 525148
240306 376604 897466 671817 785152 239608 433777 796120 789314 972493
560526 420601 914494 247465 163879 208346 852480 1219 599914 228510
381420 103600 551804 593631 73983 130100 162722 345174 29057 659587
389582 61332 776376 717322 183038 896036 399521 33608 541937 273600
297429 611830 961085 384522 486424 753971 819016 850784 775509 315870
319188 348424 168548 339150 252735 981790 679771 888039 520968 280045
633887 820815 14851 967963 135118 142223 826048 394182 424299 524432
618184 647619 302027 287459 589508 371836 131880 846525 81212 824610
907492 262970 739971 45205 653637 954305 681164 898056 168326 228603
353701 963119 968646 197274 909756 872675 783969 801927 459638 236406
251283 896792 211816 626564 286206 620594 891838 729044 80947 942105
312681 422492 205289 668016 401808 530163 858804 826928 854789 10320
185962 430871 694802 665524 520574 227943 979232 813154 986549 302244
529630 727059 40505 330273 501475 705582 153319 73239 723238 851658
38774 989222 855021 78958 604834 660225 217682 251403 659141 232135
954823 389022 942573 221416 917702 955716 212586 112208 293856 302085
523522 611526 499015 268801 991769 786085 977370 752560 830150 938416
641015 896003 6677 352270 497452 750609 939584 170964 27848 577861
683501 708050 652563 113572 995097 438714 727010 950956 716335 296543
368487 716587 233519 838872 357179 595946 466195 196934 61434 376311
853419 867592 840343 979441 35622 459033 495077 558972 917321 153723
22663 99115 811252 902102 109608 68670 371908 883139 816404 873432
839412 442475 429911 451371 453028 134727 446545 709123 758103 110776
41419 594614 528789 453720 884005 206118 369839 858065 510153 325206
946138 388559 876284 451390 301281 553482 802509 248687 244169 603581
202469 879825 424969 781072 769260 541124 663786 903786 651116 41281
59302 59132 422380 546916 264423 298864 568358 642176 252631 686704
435971 274624 285244 117568 183126 791394 728397 493125 888353 553842
991300 403149 647761 25658 331042 902379 374949 336526 882809 834008
200001 21360 770970 752818 12873 331578 631620 977024 463063 3644
307418 20676 387434 625545 763861 336494 523902 942045 738367 18554
492822 104886 7426 763241 54822 131658 124708 686023 642972 394396
993369 947488 1044 791120 943622 838291 482669 262610 85452 71602
125891 385458 366516 851869 513150 284230 101464 15936 838804 116301
17263 301314 374308 317036 554471 976781 997963 506827 860582 354872
899848 545657 744123 591370 57979 281719 292502 712729 539183 24508
106364 545889 933416 221853 858770 299176 244386 694135 609016 110161
729353 813362 403744 767102 480801 732707 491037 494746 437413 309673
246264 461115 823493 371603 91823 264029 95017 116686 30556 303369
501818 337781 782571 305952 439512 399070 531408 33186 896065 508948
128281 954946 800785 740178 914591 306002 492627 28223 732437 548744
54850 826390 606244 993034 706100 12780 90483 456183 753018 27636
821175 205518 65773 3840 603227 268415 911902 274052 798775 592579
448653 137911 311240 543608 336702 426116 791032 421558 535689 324310
601711 24633 491899 686405 50669 291481 672627 40071 989351 305299
488928 386789 30696 130975 463176 33304 829314 114334 278401 257474
313481 967995 812064 162061 737521 667063 769840 818782 158498 668890
886250 584526 240473 466448 293787 364485 989297 243434 316993 20219
67680 649224 460961 301377 799771 880694 80600 304054 215528 180412
579752 793456 364317 677954 611011 646984 408714 240109 77612 356782
255433 406314 248700 730490 197917 913386 489861 889008 365025 332142
619331 194049 453913 16728 900972 985745 61072 738685 852992 763021
499469 521960 602934 492625 153976 939190 2279 491006 661391 368751
331673 314830 544216 66161 952507 383526 573028 445090 585389 409507
611513 326264 576084 568902 466978 603079 984580 471833 377318 702981
852767 582730 124386 985185 148590 442280 236570 856806 354710 80857
689749 566025 34551 969551 358542 862989 826711 843538 740215 170668
536150 336188 480571 259502 306056 647525 168309 700984 910449 182208
990763 639585 202822 207824 158882 764656 834391 799123 462392 801771
740185 569429 304455 23887 437330 739638 276980 257846 314577 839019
231562 773140 91849 501969 711842 767482 246080 444740 882033 551973
482443 646287 758308 888204 178070 123470 874822 923237 650565 980986
820379 441156 413206 413229 37765 185973 871155 822595 323615 62678
849082 223688 25049 48054 253882 768524 450484 117204 139027 60591
554385 344534 56071 676222 636597 976742 294877 576255 561801 638067
748074 891096 50919 505636 815928 145597 130175 314683 508883 981683
901010 968513 695920 830914 523576 595059 634711 994653 777315 805165
96594 818537 962484 652953 546251 450526 25144 667834 761869 291728
575245 522271 484543 99008 529879 509174 693712 343121 450509 868101
458048 492158 501251 149086 729493 879178 491396 643957 488471 301232
170738 567339 621996 679262 997644 612132 348536 669936 921409 127818
836990 269496 337914 41895 571085 233873 104295 106814 852855 848160
165938 531428 568079 360347 577187 951459 679897 257857 350039 462495
690926 691617 607243 601602 561239 374166 996808 243031 48170 590491
678995 781719 282210 512753 368405 900724 781858 599458 418525 46562
153733 216770 945776 743723 230334 868408 443178 357947 340528 322714
685881 149821 922835 285021 839709 110825 237773 655724 83963 172332
252038 260400 462612 630252 973014 151967 18597 65278 913736 753306
851940 905160 680868 335022 47583 366984 348827 970741 946293 587820
191366 380205 312997 552710 281072 424837 368820 527390 662369 656706
474746 396392 759090 225679 697284 501988 300852 556720 933323 689881
616346 100790 472207 14312 184978 671212 2598 422091 131336 485300
436705 225573 640784 826047 662367 428187 602188 763373 561481 513235
660029 861987 520438 830978 734731 142075 8387 465238 611781 454753
359095 295323 251898 609360 703674 32629 837186 244659 301469 928040
320898 652585 958579 48078 247833 65717 529772 371996 204924 716252
852661 5289 12433 968585 196782 83162 268671 846852 772797 146569
437326 366139 189936 376690 454708 619598 842987 440588 592022 372447
660830 513854 802934 822645 363634 412405 926952 579398 735645 764214
228215 927752 30857 500788 891503 674654 601550 237630 492736 422936
966647 82693 791448 480561 36791 793416 678449 250548 319756 178274
370912 611239 701759 20802 378174 134226 681036 108050 592387 556026
177147 963888 370568 203895 13754 643851 384249 529530 760231 163787
822693 978115 405059 124204 867094 688095 494229 958555 972571 204521
793608 785054 261875 760947 768466 383507 378089 608075 486601 478399
533441 483970 806553 553813 147225 18869 976037 445665 584319 743241
971677 492346 489014 9153 861547 89860 329070 401216 841567 234931
485260 996936 658393 712607 589817 14646 724276 689537 557847 626890
811837 683478 760391 454616 228100 447917 477721 192754 357346 964232
791316 405391 990272 933240 260214 536100 264627 803816 100691 728618
335703 623577 386423 334097 459860 446504 452690 16992 453807 989956
356029 402262 375430 643827 266168 798645 908951 417144 947944 790393
996275 426957 152206 431071 562934 196080 855168 755583 812693 615155
888787 15150 908849 661147 163172 728104 390714 625492 1349 651507
477190 116406 91877 327389 444936 278445 450864 570825 285788 169684
384157 713449 662547 109595 2121 314556 752380 828505 381470 946781
452976 571122 988350 314989 637748 410985 127299 396619 643973 50017
733701 9925 701802 529328 833052 577931 163573 533135 628082 129546
926275 700577 740783 264077 175870 273032 97961 683840 417256 801460
418233 931094 776490 738050 438718 725433 602281 853735 297732 161075
534495 732924 360453 861002 560113 345574 342005 99629 425561 371350
632981 999525 278494 682295 493650 420012 55827 656890 261083 519187
862935 160375 360555 711271 135290 818465 796610 800904 948800 941537
206704 671125 238162 237883 809437 639025 288186 595351 333861 553256
935683 350964 698504 156404 195189 166172 654462 456087 798771 50367
681892 526244 153280 249284 293953 973016 952879 518787 293721 780411
113717 800426 589357 2129 658597 460980 270961 918864 198624 460480
241321 439970 322069 891438 864015 33447 902093 969233 261146 52702
934588 2141 220460 252133 492179 73631 588791 137037 822810 53973
776986 847829 787809 592128 450024 733294 125277 891232 135244 621224
607280 791502 44598 524721 843062 100818 64620 562065 305794 173277
989183 777248 161006 303948 607314 417888 782086 903285 972134 897348
329003 171353 506431 781390 707608 394411 632898 219357 72526 571507
953159 721729 351716 746319 403690 470350 237998 973415 239 863773
560105 434585 31589 46604 691110 18922 856151 795766 497897 917927
38521 325551 314196 974473 583763 551838 511886 48393 904870 341809
771892 83070 326192 821286 494593 73005 965663 645058 493902 968201
202568 790041 355841 167349 325471 473315 626816 406236 783882 305627
706066 780099 326413 637000 773437 794788 905581 215061 817381 430830
835432 92561 859078 54935 177109 214381 459770 190505 684476 66606
974128 438947 789690 580368 153990 306173 63569 140488 987525 299648
136914 984751 185936 754020 57416 572529 403726 5287 524550 599960
13722 31781 371234 680079 659349 78161 982343 793705 21722 486692
561142 80404 409965 425857 245478 540607 368284 248771 462374 890940
557316 717499 642816 821527 263500 526322 787172 713915 520546 888796
193002 485032 553389 738634 231603 129982 648294 85883 893237 73835
582623 824289 58153 337313 1439 555716 37529 680914 153078 314268
472320 476984 490819 87583 407925 703255 965482 558707 885765 624875
682511 736236 877031 808158 319955 905357 213253 289472 302294 861288
148244 639193 727022 182338 870274 521245 623084 398591 476563 984010
254934 484222 292844 568213 805437 140954 966220 351619 768539 484125
647013 126116 711856 504340 615583 575958 937029 83999 174586 692153
403254 83252 527439 109017 784513 687583 568345 443910 688645 250684
394520 398114 466288 742571 238867 537070 779586 589834 476112 928139
476762 60687 469773 747578 173057 451055 969532 583702 598190 527733
988378 252715 517979 512340 434563 131149 751178 110053 871606 451889
501894 869037 847661 831077 460705 821397 823404 860573 498467 69548
685026 620139 687560 764873 486672 91951 834156 486618 50716 141370
221861 624893 467239 645406 681929 351718 442788 560027 987516 602226
717734 661811 543972 208194 261596 261007 413109 464729 23129 689840
7950 770373 935367 798109 648163 543958 762463 294087 798700 264061
846117 615542 357490 426619 969234 734067 776847 156593 555326 669509
384404 792794 881878 454120 407550 834296 172144 377156 95201 449825
506886 812879 133835 385503 223695 402767 308011 279723 489052 68670
324081 760451 354594 7209 175517 931465 368585 131983 530418 689274
630349 939698 270913 437409 642482 843606 490863 13708 570997 169915
314505 614344 562525 67301 931856 995953 402845 40731 16134 430546
506944 582236 383200 125054 882957 581687 116142 938109 960833 974869
575043 20304 78962 971643 509696 414126 515558 193856 693610 987204
645860 305732 226253 436582 480254 178912 354428 664903 293133 913617
935016 280209 723860 810350 730825 763687 763718 16673 14959 362191
614595 502206 473840 454288 485867 637906 734807 91602 3430 911333
218325 318293 736998 79205 187255 10406 454943 780337 936512 473056
960199 552898 155941 576143 984659 859557 829406 793228 515534 822805
518470 515062 166690 904827 527103 362702 627407 564332 969441 938032
688810 665755 333772 983975 223292 783993 833630 819180 176527 825420
690187 643598 993314 534654 111638 462385 578399 752946 103594 698264
74785 574796 845613 733073 231223 541185 618864 626257 248270 621837
404974 356863 171578 541179 68353 864401 853025 200250 176831 398561
511749 595148 829174 463797 850960 801196 778584 434787 276238 831540
746862 658838 444675 47195 635739 24759 854819 318767 150890 91236
202495 41604 790695 975527 527380 365179 977863 713558 281473 734726
530922 855066 548077 93018 160768 968397 299488 645602 22075 841462
529834 806672 90906 534224 394145 788815 136450 248469 165943 51942
112111 282380 635714 979512 428405 707752 372038 654198 300522 2531
313771 658414 863359 125900 661446 775846 245698 885943 999389 438395
430038 710356 635571 800961 676250 246674 453367 993650 124589 767752
25845 475983 130176 880020 369550 76769 633422 402321 59388 851314
403036 583808 699039 527731 886431 775614 298978 64578 775771 367766
83556 190012 721714 429267 9557 558449 294909 840774 862369 274745
881287 527739 812894 246179 703519 34156 998955 973099 521392 684660
288448 131649 595891 41244 118027 224875 226565 768152 846241 481419
850949 275707 835853 400525 29484 321239 583067 988304 490357 585831
520843 277576 673628 893547 749865 434224 480980 523516 246185 965672
478615 908228 566922 876917 941847 551808 116360 830979 63719 567317
729173 650660 148385 802441 963996 954535 672417 559288 872500 398114
394135 150951 348020 148776 243402 632905 782962 433826 21773 298740
919513 994076 908558 780636 425679 891210 352698 796252 280976 570631
312594 16202 359386 446611 668813 345365 585636 252224 826143 827906
977661 938801 476944 488586 83463 621561 938966 145945 662749 664645
602731 270171 331035 834433 332021 7854 573625 935971 238006 126271
671529 853016 963744 521363 443976 473553 114479 306225 342041 147675
68718 85532 789408 405501 408084 168352 106321 119878 995442 38727
459210 832568 159106 850666 483410 160727 769004 289855 206608 181057
772236 284130 237299 587132 565606 839560 215851 624658 417546 915917
527048 276767 312524 521610 636767 168496 589312 409941 232415 16022
805502 212573 67215 829474 382168 32658 580540 596097 959483 904113
323861 926212 504944 854273 690522 954812 423 46606 255448 982200
170732 391503 283445 256759 966326 376158 680887 373646 424938 727694
386139 951653 859261 585991 432716 191328 244033 531977 460715 825863
516935 616739 299924 212832 576390 30882 602653 177655 916766 320911
507926 729941 610636 107027 96508 736075 251655 998739 720961 708662
102937 158071 89485 44572 232127 582583 480569 184933 458335 128773
667699 567671 740619 11258 894046 569496 112080 7167 404023 551595
562837 121812 698252 148752 175347 261882 162220 734392 481534 363164
457575 355071 683704 189702 802983 815075 392109 112906 75700 779434
703279 839100 556253 526247 17451 150156 17122 951516 608322 575939
542863 47669 961886 932637 716544 902811 434200 133175 600593 406752
406593 464297 623284 155788 335361 386565 350229 465951 186541 680166
12649 995422 898090 247553 194798 247524 707707 155912 382755 679360
699818 265942 54419 158673 760020 680332 905844 372348 595904 251568
34798 588266 492996 799555 553653 452384 279971 869173 764301 532092
182003 701479 626374 993499 946479 614860 391736 589899 554209 613544
774243 393850 586172 798611 499999 866694 857364 548668 195512 472355
180969 493672 489828 680121 736180 759608 417416 152062 214989 575090
781793 743559 729412 167843 584921 375674 182832 266173 489476 4534
57885 15192 192943 939572 86452 377217 446906 242913 577502 729586
783984 23927 247035 425069 574052 978300 299338 368744 950095 680623
696502 341767 497869 440028 266965 527985 882285 470524 479996 400236
965489 653874 204047 870428 363312 977546 758050 863154 275858 165440
824939 492351 665863 724355 444715 927361 646105 17563 790322 182410
528662 202712 475192 307881 658135 557277 907116 877189 7739 736036
712274 134823 118646 978309 75000 300568 864568 250176 801941 462238
858403 296141 363769 931205 549749 533375 801634 240137 161146 504812
284905 518421 951272 74579 723174 747856 869972 511122 998427 406888
666144 791757 533253 241317 867234 67481 833530 831257 706354 122348
926775 645438 72847 437170 681812 692058 228858 449190 9725 737123
950702 695609 249297 109279 871431 889954 178271 362552 754255 757713
894062 663336 980361 352662 13036 949946 275794 708227 623742 543583
701830 372459 529168 406083 557730 332976 460311 282034 903261 560380
367599 311657 836695 331793 320943 413039 215745 243650 967060 218395
999600 940996 744318 81975 196849 278758 393750 167509 932197 322162
377213 820525 430107 386858 265237 168886 215656 424036 5886 306264
673793 491899 962208 138203 368576 86689 546676 2211 338780 403789
306238 992108 65456 871762 580816 778813 537194 151536 16354 646745
521596 496208 753074 767473 874727 70379 569263 592653 623835 380606
956946 220502 733044 733649 889817 637035 163193 326974 861570 416138
571238 374638 411958 484127 934724 116647 497998 582193 430327 954272
781765 797424 742829 81593 290455 940509 49383 168102 431536 724270
892565 313844 403818 111254 117696 781468 851846 478687 817728 551131
522780 494329 918936 437859 346216 974571 677905 10632 489130 860355
853606 830693 978410 223392 792822 527204 352676 898529 285698 653976
823450 570988 375423 936665 237740 513592 522338 246215 756491 46717
971867 435967 117406 234125 11246 861839 610711 264608 660707 739953
748193 2884 469505 746014 977565 914910 914727 164894 593816 328411
695286 377849 350317 250493 307041 799796 554348 107290 979650 744849
195651 399976 496002 672515 709078 662472 64996 861239 623920 643637
626485 529963 931572 809980 474029 376231 971341 663322 616020 256861
221470 703394 697394 988965 898963 132194 364108 134556 934163 675111
334304 835026 65449 627545 347835 615141 659476 92985 481405 925936
523047 370251 914641 372344 331613 957562 21898 37239 592537 420491
340432 575996 145303 104102 51257 278989 664848 677294 920342 101100
559540 124116 505919 335071 808423 114118 105212 55275 378461 338364
388078 751756 962980 814830 280237 67929 740973 991832 278469 378404
335288 305817 633444 972969 794044 929982 802859 907184 120634 965746
599611 839618 256088 416277 709109 534074 145445 831001 603670 495848
205862 336432 993701 16080 628008 985343 926237 532957 412647 955499
788710 454436 568799 587711 160406 488321 167475 460878 334138 780196
776424 129497 917153 573027 221720 12275 206681 297956 654353 758127
840621 33644 163688 324128 795414 164424 999040 771689 373829 584817
976366 592513 893145 526329 437976 377766 957149 696313 17438 183072
78047 73926 868608 198444 786957 119117 53841 623557 271382 190030
904534 389438 757941 581838 168383 378765 277370 594588 446107 883403
979438 880575 780337 865738 599637 489789 501517 47979 912349 761597
96309 852108 111177 71338 386466 54546 148975 938023 525719 543728
474604 42161 901310 197319 581342 361510 816534 739641 165748 853666
38184 22780 116234 368605 747630 306330 139981 261856 556191 691065
246883 481855 513447 279944 758113 645658 390181 57684 351766 936023
598878 972913 201045 598680 18427 98961 796117 793598 731399 296300
565182 299447 146259 846752 260232 813317 70 397422 599198 108493
801252 855079 591622 114388 99374 190684 459168 881000 48812 950214
858836 109822 917699 319660 756968 913166 671462 722509 1854 782689
11341 453450 589166 558506 66849 677301 347654 147242 243658 832335
92428 748552 863423 591918 266368 332378 262813 865638 493517 633902
926953 705420 233556 470525 868462 411544 776916 263039 115512 393253
93977 785277 333543 662119 82425 733696 443170 741753 68656 962211
962037 652314 608261 392899 569338 907889 963222 715618 224724 923231
50753 532762 961901 650934 29341 953710 407647 307801 11171 660697
705329 328173 210167 241146 655575 334832 274394 453022 839043 283823
776282 538671 167170 709702 125176 10257 543759 855516 198642 486144
91526 6039 332224 622756 338058 983228 971538 972569 409428 901540
989131 801888 800462 91603 358858 748649 452131 369777 497859 410319
595469 733600 190191 136735 527080 121783 494795 304583 877343 735816
173027 210390 2928 381931 931353 291600 502678 501817 768183 310755
208576 486097 527730 550242 939950 948904 836681 345284 175654 872588
424148 394744 610144 58138 390425 476389 863398 27743 920232 713775
379156 57815 880516 921532 714053 581836 983674 452692 543055 896974
466849 948774 491800 597660 112287 523116 675332 995893 251214 968357
896670 353986 554160 869506 989329 232623 586163 420747 434385 56021
770301 174396 276736 598061 969900 232122 933287 10102 495033 474484
50898 918345 861173 788792 152592 178667 351335 811248 55246 698925
625033 998310 620360 152489 472871 857314 421435 236927 458277 609508
481262 150580 498837 740784 794062 810476 314620 233094 525434 838179
589783 814337 268139 889405 987127 553395 579826 96876 504901 217871
188391 286844 153850 712345 247234 907715 703833 497399 162060 308289
600435 861274 859271 642453 838870 550517 512778 871757 838118 513278
716669 952308 113747 55745 551362 772942 418375 560250 857570 834381
78915 454463 220160 12039 572000 821571 821823 456491 832082 388382
78731 971899 376813 253884 934414 107532 974793 660954 939325 477972
675011 756624 644420 763338 22683 373516 422418 330792 303965 392932
658497 358246 731452 297899 503925 676063 483886 375462 999266 790786
531647 317722 384144 990439 620639 660411 518295 714950 318594 924233
52940 642933 571816 10503 19310 858003 602188 221925 55545 989205
360850 423363 453463 174920 170030 587219 734369 381425 256600 770444
945962 795569 658467 663232 721187 467059 944348 442696 335198 116614
526492 153994 246341 2364 971638 551075 342595 459926 196976 245962
366635 749636 267144 342019 142519 78258 43138 844183 76447 605335
786081 258265 844113 182239 4205 15444 912413 902102 775669 934293
618115 645652 56520 817000 776482 463412 12581 214492 483970 773942
393518 451886 300246 886444 649209 120427 532751 963485 942879 598757
916794 721011 479494 749148 453883 805211 385655 259789 679826 662642
959454 808317 689608 566468 223231 183105 119253 171130 174719 8088
834051 241905 103842 982987 289651 998058 388157 453361 603147 3873
411992 228346 89931 244678 692977 236026 250909 119663 853896 985236
816470 959909 121499 932735 560667 345791 991122 591743 723810 468019
14703 44284 383107 820060 65863 15635 488919 421738 437397 257345
593464 399911 701014 901162 192606 201776 86672 837364 276686 302275
249601 174352 362050 797010 809931 80666 17090 837625 331981 116994
543972 320683 967421 606939 451883 26191 908053 846875 336206 974383
820990 118098 724618 351255 384069 714634 338530 600739 27671 585104
653677 55292 702184 837410 362984 924934 885709 613611 473023 500113
530507 177276 755597 945881 994229 619694 525704 465612 842292 586147
988046 595352 387312 340084 521329 620170 420683 755581 340536 825494
222094 401622 365257 307313 109315 301591 836305 393854 575527 513227
817493 66474 237254 885008 717399 307495 478453 683270 124496 46869
599400 950384 247408 342292 781150 285215 3629 380380 996374 420097
671822 633380 939631 182172 84417 483157 81438 430679 798915 157225
576960 526827 139302 539632 529165 187403 736367 135379 350605 467321
395371 203544 619064 659625 77941 530696 651706 714682 664890 263653
682348 8861 114561 771302 202551 258260 573651 77109 97268 940676
738616 685308 71678 196762 11587 394944 644567 586396 106596 818134
618913 279529 637913 64558 468023 847381 166545 323558 974088 207128
80413 200995 128111 33823 738334 859979 929523 181222 391212 789956
663463 376484 133524 131006 479912 761361 729702 341488 389031 881682
670652 227548 716745 341200 602271 814697 888924 935356 723250 726831
723303 129381 940641 182681 585664 84036 698161 112466 55129 645356
765581 960065 245922 80427 774200 802371 415853 89075 128213 127356
371437 992720 11565 325934 981064 547399 857224 373110 165091 872971
681438 909459 967624 876655 625766 839446 583084 208833 745200 844218
66278 676189 487853 618221 392066 842119 303879 299448 524683 548144
135791 504898 387308 165003 458064 583395 955071 920590 522637 145601
940722 656425 978580 870816 385860 174107 631541 448051 251423 414209
350767 983847 205562 25372 443504 862876 221098 319224 455514 699601
770445 514302 861348 150358 171536 618715 655299 591461 328672 225069
874219 845881 810742 272752 794681 222787 158142 792183 725966 355005
232465 390575 496655 881857 513235 291197 979561 839372 886622 75566
253769 959028 755698 456846 505013 107855 43988 846658 688431 746972
639638 420392 589053 209574 564221 552384 523961 307261 553796 890337
443584 180696 896480 746870 381189 124884 822874 492587 912052 456576
735171 667100 854698 338890 826756 694919 651707 786237 774114 66922
920497 747973 987087 190841 953639 735030 765976 118379 205564 903714
979352 645391 789679 549320 355783 489466 605495 827764 222679 986144
769348 491044 635741 48101 847181 587019 171559 682651 176148 316398
338358 874460 67625 44400 102111 424852 602482 887107 372892 548429
243318 105703 735971 775205 133839 998844 491351 925407 573537 311703
693170 903562 666961 814538 140064 120682 628047 832901 954811 946189
3833 934502 720070 921198 770973 886378 512415 163034 376425 708435
563703 602781 16808 367889 410841 629321 454562 170450 344274 286177
418246 258919 795508 647824 168895 83216 708837 156309 533702 256105
917106 239712 510125 152825 343746 902036 933497 445261 270087 598526
543224 782160 596020 944716 526171 325081 634295 736996 617935 152084
525146 538051 841267 711937 499128 14785 207649 694768 805451 892405
447128 597852 354989 618096 125743 977236 669335 189462 39014 342065
618880 98302 945435 702187 68801 697949 239941 1923 780995 936459
570486 653812 176372 751799 326996 630138 210394 589475 217051 95513
160086 587541 289912 282351 80076 220799 567363 703377 354530 141733
260131 235120 122963 6962 768149 203677 994354 779235 234214 725483
751810 45394 792975 538939 181441 137669 101944 457014 43521 391510
960787 972281 586861 279053 949391 288574 156997 345211 85499 659403
121297 207852 859406 305952 372100 572807 693563 949957 962381 106787
234311 931130 295456 568546 112335 797487 392165 440862 934073 363764
278563 162227 451397 603051 667874 924207 601028 82912 636123 966257
400138 685920 444262 202563 330256 662594 580257 34714 131897 158716
487300 181957 645613 889472 548794 672697 144431 695783 954416 39959
889723 635342 953414 152922 967771 683233 769298 878993 985781 664862
156552 428460 102294 301989 250486 408178 520291 367182 433258 634490
366809 249019 463408 100513 893659 644679 220722 789261 439618 516867
274606 865076 583800 927612 391553 526991 748771 217621 176902 970494
108259 420655 884368 657547 307385 894678 252307 923391 390185 638286
66687 370899 757671 243169 884917 228651 799628 888198 746717 451236
904486 520355 634369 96047 346191 686656 229507 646045 427040 886914
11744 886166 216504 981877 302109 12592 411783 950526 696562 441143
401762 656299 833300 313026 625844 405 270351 335448 664543 423514
477808 113729 952829 814848 24771 685327 412264 693810 460181 718417
259521 432540 520942 115338 899396 244089 916488 445522 608240 920917
625758 926448 804702 231740 649985 895749 507459 91920 50298 483360
679910 897761 823447 147051 777678 303313 329431 769951 153132 648297
312400 931966 324481 811921 471388 381607 649571 931718 521926 530135
153654 493107 591428 401309 27862 49313 867628 232485 778416 554989
908633 445869 957435 351301 220562 682840 575702 274874 907089 70836
321012 300302 565609 130321 990259 787104 892979 208351 23202 141713
447744 588388 708962 207961 229040 90503 194961 297817 4291 969789
424776 621032 263152 91017 200389 936932 873243 960782 505622 848153
928279 993930 168124 854311 338695 884464 829437 334779 649092 526513
252278 364006 72671 923558 393854 433357 54114 723831 280730 835537
957225 11440 824933 492568 860651 724631 713320 761398 94511 700107
624523 661494 546307 688733 519007 859618 677719 846691 131492 971477
439319 668515 937154 880370 248708 161910 893164 969346 451866 853271
601438 701731 986472 628998 156366 474788 42589 530724 174156 455462
884196 786043 289801 284173 716272 622348 702647 76670 977590 453523
50487 387174 310363 303135 87358 186411 316874 297048 125988 143847
63516 668783 139212 124992 527718 800449 385166 305286 169939 41552
488293 761969 125282 412578 458245 709977 522128 987123 403552 954467
314949 734813 727311 721315 865140 339432 351402 952710 963680 647269
248466 985095 179993 287180 435792 273233 401026 472337 426098 190996
233079 658584 406646 675577 187592 829321 743701 65506 936868 224319
96377 894753 392037 621884 298171 238378 488132 965973 592122 857914
884774 448559 527211 602323 733635 3087 387375 677609 564272 306575
568811 819562 11316 149325 35219 158429 520666 378017 416204 515661
375417 514771 611259 202425 373734 986529 646318 980803 91859 266597
821798 163611 71910 491573 484202 199589 732979 776760 125772 613621
648810 182587 172559 153952 577913 351598 663319 891020 642071 9990
125263 306700 140518 362705 951356 536818 337632 133293 805613 936148
245615 959106 177445 348274 982864 516071 569509 747284 535090 618488
522300 338966 630354 145928 687799 719726 241730 826634 271440 887440
478870 159708 82982 545250 752536 141775 127338 670624 508011 682141
10195 866331 474400 5169 163124 898650 300169 990486 163554 960073
329860 627094 661559 367494 424088 481792 272344 216884 774302 362125
571759 549417 633528 753815 222149 749680 109175 331072 399826 457042
730940 661123 243534 156467 721449 820807 215945 380078 832040 709875
362606 783881 104984 862919 772305 303032 847747 42575 450673 885087
954828 408024 293500 45479 779218 638047 327541 430718 670849 999434
142946 793416 477505 610879 367016 89402 949807 216708 63259 410299
410024 129210 346782 821085 205238 653006 362430 704471 303544 11301
394344 436670 206250 344639 881512 718686 776136 871580 338166 95633
386508 812070 87585 644591 946535 931488 856215 683790 170152 863000
249186 616926 417096 942510 380261 499773 924287 140050 652648 525362
518935 294290 75678 537333 239921 856716 633288 548369 86081 77495
755394 479267 221807 478111 517988 620189 698815 133988 878653 435645
825703 243644 780442 793717 542086 337362 743069 724356 606141 843812
421825 171447 42560 553641 308541 432759 858732 637295 301671 85539
872103 335780 581522 1508 354752 215605 892492 420061 970402 564088
738025 841696 645544 517765 331840 454164 688037 765582 794380 520280
399030 944724 665748 548894 2581 837401 876157 541668 101739 282515
610874 769725 932468 590542 207872 641563 158468 581075 800889 245592
313401 776584 685304 337687 693665 422536 668452 260279 544292 283425
512985 794230 687157 63148 75764 957690 863078 630787 904050 324890
101117 198668 63458 485541 34329 579663 403651 702898 23001 254321
623276 543711 590463 945181 835762 586583 722739 831766 288425 989923
208140 333679 552378 969606 124547 887652 209489 33155 808944 761602
282635 403439 736406 178151 160171 986608 459091 501462 541105 761079
113592 646653 276897 535042 994343 515918 890101 886839 644521 799614
84641 412578 554143 566317 515275 759999 799030 662068 389543 27738
680953 142857 90915 77445 7570 119788 604327 209833 313235 81273
188630 787250 281049 706062 672628 90438 283846 326293 280902 54294
778259 355778 124414 795293 894729 234058 735921 124801 48896 355083
509170 212356 520575 489735 542045 818061 972778 229125 522056 219197
148333 358026 70903 881696 569244 993486 801993 829018 793398 812448
730222 770798 643724 899650 311620 691292 799861 650945 32631 214903
995484 654314 209698 433898 948974 378444 103140 339878 924798 859596
431697 16254 821435 368427 913089 578534 800752 250138 158254 27139
663961 624613 312825 993519 163530 90925 583825 925431 218637 305695
108933 114661 767076 113587 117933 388262 795626 380008 433371 813387
496591 852579 90001 101463 137688 414258 116929 167804 11689 136914
101953 71610 881858 525147 613796 519593 673216 935983 682336 534431
602339 844276 378223 866617 90664 599431 974313 970533 223630 710593
575169 459465 555662 967070 497919 370876 661533 814252 592792 362582
21922 13933 756245 530183 538251 267864 936887 141659 260130 411919
2154 759661 739859 350481 176967 780889 551397 861290 97205 254409
357111 411993 880392 952721 148093 984382 847571 75781 266884 550891
962806 370698 10630 809195 144896 851237 263657 48473 845809 527734
234899 453486 528361 334211 871386 14396 243451 239480 877050 371848
608749 99999 784148 839712 769783 97231 996793 121719 566514 854386
653995 480873 792046 685330 138171 679357 396531 910164 700444 624653
449578 28782 793895 130079 812464 919483 381904 760257 258752 885747
86367 428236 764511 599098 660154 260252 637671 83470 700545 70140
635818 887729 548157 137657 889918 665656 528107 784314 164072 107700
976472 752089 907389 951051 332853 513605 57695 615015 684835 638602
434031 477212 614947 176993 683287 569375 343831 277180 892452 251856
285820 232748 684057 993849 27794 738319 871663 247549 251812 394350
536652 971027 689665 294575 261233 494319 432750 969220 625469 427511
353106 694259 585656 810332 616772 75939 128716 268881 676051 146647
385480 46070 719063 539130 111411 494742 228867 377332 211749 783680
211807 937437 525068 357075 983818 779494 724397 838985 687862 456642
380651 223040 348522 151089 56750 924410 3971 789966 695975 618130
225109 430858 417202 739701 267306 363628 836726 668318 959515 998779
839138 759313 277313 924795 673497 536662 666528 115831 392495 336072
767944 26950 267909 661916 874418 445397 594295 504478 431382 100014
156047 226927 959095 833442 169977 583029 21531 880608 673067 600378
978746 515746 913173 223730 14623 944587 922547 793191 750624 763863
688293 644527 915909 929829 975996 412525 947049 335751 795153 306447
677447 378884 692011 804999 930991 958749 816626 120759 887188 406863
568258 584797 877123 743693 851750 181274 954949 224298 547802 13843
910923 823821 787261 82145 389014 544088 139097 636071 904279 723060
541838 718366 468215 498564 593202 803315 878205 12694 740710 75318
869692 466163 115997 174745 657938 744858 158523 287181 453723 701923
263058 574370 479526 312198 87811 960515 266900 301362 866691 501462
586184 800378 338164 228218 338472 963155 872696 626000 732419 924588
910228 732041 858257 938092 643887 202005 211651 31024 9947 222802
987935 368425 936511 226095 879783 209403 844272 865666 395434 253479
247561 114975 714529 127523 246440 395715 478142 74201 21183 241013
41965 971048 320787 96781 139513 627354 29531 110830 749723 126393
90367 340955 40909 531366 161581 241829 448363 751254 560693 670757
607489 218290 457373 928496 185218 479645 81425 238852 215339 450774
996224 552397 659910 462460 99121 428310 123591 773224 807338 269657
901071 784439 754190 767845 486368 584064 720593 60526 535811 911507
923991 575259 634734 782237 570191 380493 869574 180562 740633 152941
111040 362447 986586 729405 826876 88896 662544 311454 963584 883385
735899 940094 531889 245544 28601 941376 899367 91888 350724 623973
850358 847570 293674 310583 710620 5376 736391 906956 433400 952338
46531 863966 604137 462539 293037 935358 733844 85657 481258 74481
88940 528376 20905 639017 695691 355063 865894 745388 482993 867529
206307 282169 202103 126195 504299 837220 851347 545785 566591 977585
654146 754811 847291 700549 241263 236269 425677 341099 137289 744124
239271 383738 280892 90836 260268 25982 290928 682534 90431 498772
73988 321377 729282 823811 379641 62196 714159 62203 848721 614409
429117 454716 289752 535655 347953 938165 83583 214842 644389 586667
944076 497679 77864 651594 816438 523422 532904 352212 216000 307407
304283 624136 860532 314608 509437 660219 568476 930069 251779 576877
301273 666858 726803 535408 410336 54216 844156 19748 761376 517052
465817 797904 722703 544684 34915 34033 333475 265449 652063 971345
116208 625908 919102 268195 409271 474224 959321 670915 655883 119109
314482 278050 854182 446743 202098 566316 846271 577004 67081 256099
34044 896813 665563 118341 547376 550493 891033 260758 937058 634791
121386 739846 926614 179934 907346 637051 784205 367523 650105 51750
659157 100404 40362 482204 759945 360924 44500 655722 792776 563108
565860 296322 236468 465797 430271 546806 388886 178941 528040 639848
360140 760738 789294 415362 499816 2649 649196 13421 948546 451200
94284 612612 228764 577313 415599 454273 603899 27566 241514 663617
807877 801147 183037 376381 762300 132438 252640 96445 391867 991116
9781 364309 176693 961453 252730 158996 163807 999526 187056 172839
413379 593853 375626 50686 528501 230198 569484 441944 500715 325533
468780 539146 422572 889761 991679 101279 537463 759374 802329 409448
769391 551211 715839 627160 574598 530246 243941 895821 591553 851411
978123 349134 72322 447061 761207 485222 794288 198856 408118 535529
736930 567014 923292 13161 607023 514427 675673 425763 149312 3510
683832 959592 911911 713998 191402 402782 948030 659318 765367 23304
976465 248631 499542 429704 219936 278818 56919 282042 970669 82595
363241 947680 76197 949862 307610 834769 184126 374407 591635 553298
795848 251254 432424 914259 78030 62654 692664 744178 719507 734937
880501 183755 970948 456919 509063 302903 688568 394458 59336 832816
365334 755608 433396 551252 941639 882136 193243 306949 797390 388818
250621 69450 990381 269170 4867 67821 791714 428389 577882 177624
864262 922397 597840 292042 65672 410978 286008 519018 986545 901033
552174 34397 374577 334292 52922 965786 863261 466915 302903 855982
625652 791356 898505 779293 915042 193313 922184 512446 350344 546892
474752 788345 98426 717989 903235 848851 452269 269917 219212 32814
270153 555463 933919 150075 71730 696079 44467 90678 164996 721285
383028 22835 728690 534844 287163 97265 994056 504291 937194 995667
829596 878362 261370 873432 662118 373826 631509 909349 634819 829323
792299 119807 899048 224788 333716 384149 796290 832291 239732 805018
25926 556946 256259 266229 316758 850498 755176 222783 965738 334597
775892 276064 862405 336898 615832 58738 778083 733870 799439 67798
590813 138589 348480 177813 986783 984480 904417 763 693113 998962
54507 149771 551921 750944 304622 498132 1953 900066 92183 368599
22725 642510 355812 952953 14548 395181 428389 713244 227842 908603
226138 955137 966458 82188 558503 886912 509397 993513 155101 876391
719136 146536 646942 142351 630802 283800 86404 620075 677208 387128
399936 966105 784325 138871 350848 150222 915914 400776 982329 371131
502621 724861 271512 59947 900004 573499 552927 528306 745323 223211
174781 435822 462320 588808 277455 916661 614398 970403 985230 348442
1176 68096 449045 621136 418930 448487 651604 661668 125076 770154
690532 520391 409392 176303 654603 464987 417550 376494 165661 309312
105625 668204 207347 220402 214526 116183 166888 232009 819944 325096
362872 274666 822728 815415 967229 54766 620966 191726 798942 973574
20953 916192 96511 703456 883613 456149 458283 532506 294945 816703
916025 507230 87571 587581 908121 565131 98944 539356 472002 378094
154926 542283 535822 107766 813405 946491 692602 124945 33969 681477
493169 744849 629510 844156 843245 455691 631433 614417 155264 570846
555180 308691 260861 434943 557554 6079 334226 733985 758411 463258
992563 167637 231359 803931 984161 773625 928206 315685 167922 961823
333349 744815 18789 109419 904533 85094 604255 340534 834139 984546
258928 743139 332295 469133 836192 362927 131233 692925 411307 391200
257770 366603 614781 107598 284498 898809 162309 420653 349505 87731
610840 825658 617776 537192 907425 652559 455268 106983 537128 680080
556586 725992 911689 736357 838224 794296 344059 952941 742826 252013
763692 454888 299526 125375 638509 341499 490995 722183 765792 882333
286970 917037 301394 121182 38606 896341 656325 65711 842423 312988
594555 47992 436272 814395 173373 194538 244757 263013 856039 609340
291881 698129 682975 607645 859502 131378 469390 113172 108210 514576
483078 296933 943286 123027 832887 79117 478269 704122 362320 64925
676743 104774 168374 542952 48080 928463 1421 472795 48495 787799
869495 64869 277355 996960 630612 969149 498367 191499 867129 999931
245118 961307 560112 886351 523139 418593 943388 962383 909020 818119
310442 936462 805559 599237 638930 566607 669727 917175 185125 758527
129986 584566 315623 164392 386415 357113 568699 81960 315287 875120
824267 373553 571740 75041 544693 322428 984769 129162 126783 742401
828250 136812 238750 394992 953115 848608 100508 666979 76112 603595
942045 844538 229279 180919 935030 736151 461215 936218 958936 376693
614939 790222 321193 528813 416629 184377 247920 216220 133864 816942
192159 638203 733049 645672 768632 653509 738611 273230 58051 969099
538830 67422 565766 476288 877956 204273 175136 643975 849021 85647
924308 52018 218892 731251 875210 651018 44660 629297 141456 854804
164243 911174 192393 597032 130122 26037 567150 504946 986870 569400
617191 816913 387276 290967 451967 391863 725514 779397 724427 491606
121753 399058 364328 737235 45965 493866 375515 533796 183960 311990
248629 280992 404252 872907 662650 635618 443940 121152 279622 757850
843034 409701 588251 519918 147389 152394 128738 845870 670242 691601
904608 891438 631658 167897 92093 493168 856443 604520 922200 142312
96568 502904 638376 618711 137250 220820 84893 41963 812034 196153
110441 628100 70079 874063 24187 708731 274647 268754 286048 649116
433693 746199 592222 592763 899037 261643 890754 980003 294061 17493
350638 513340 304646 78489 599941 335363 789937 662607 639638 337776
54782 530848 825739 660585 632446 643064 717617 484443 642247 414481
545114 353919 515710 712199 464543 573666 852449 180137 679744 877665
699170 678474 383976 275872 384878 967637 481870 46070 941214 872709
674941 240588 38649 672847 662573 70642 43070 687595 837680 447850
513647 847078 443477 798368 995946 853483 579920 817203 20174 481081
364979 326751 416658 742227 350609 966911 919210 186997 974155 684209
592677 650187 320202 160147 924769 466351 106226 628854 817424 957178
87866 788993 678525 717481 5430 145695 906938 890391 221305 641251
899027 70310 7845 722329 275026 922670 795485 331239 157406 561305
751311 977295 851443 275471 413332 329428 928917 677607 130820 185232
118821 775005 135358 872155 816987 989250 588463 236753 483439 757047
216784 649506 845032 288913 441599 102390 955527 60513 135833 682467
323528 872943 41406 565771 3491 675224 602130 64416 118738 109097
618438 177424 649282 914925 982804 852786 605047 226974 697247 670670
422804 332520 490927 155533 355650 666216 599642 409322 345169 786425
951183 283768 391242 306015 302775 843070 103484 649391 977260 820043
689454 942030 665316 684847 819767 814174 450185 504221 503753 998243
226283 830185 266798 426795 321669 789525 815594 995114 809699 150755
859487 636943 220281 442266 610024 885873 366494 394847 863884 51492
218957 541134 284152 875091 76471 771334 153811 489547 654972 979832
826562 455606 380515 110315 78402 528858 501694 160065 345230 874940
74518 940601 611625 796623 89670 799525 614736 437087 53565 509619
199131 768590 336342 202844 634959 130066 912453 495934 608066 720587
451038 496500 565607 561240 139032 947795 7881 332745 213040 94685
254736 262832 896399 626360 601088 524668 206320 463931 881218 248065
438951 95442 934874 698754 782419 573797 769462 87185 423672 109860
713015 32740 307311 523440 428755 307541 12574 9784 198094 401453
553156 11246 52576 133334 872127 384459 839489 174111 381115 533750
236858 83460 242225 125079 290794 89638 106790 397951 290839 53711
935193 495087 234407 21895 103448 857540 19977 783038 636372 240868
751423 272532 499823 108028 168716 101048 978868 927756 494597 603550
818051 706207 462984 40989 171901 361923 856780 704760 415311 795376
120093 672898 430587 327254 416326 428440 33922 216327 561782 85292
595129 616826 396562 804607 886255 650000 697603 450259 173478 155049
162546 714195 582011 102140 672320 131831 927955 825318 658022 580229
191216 119839 18065 371153 885342 822945 446953 908974 956020 388356
20812 511857 609860 109768 298503 58015 447570 134711 400978 10115
177382 887611 610089 795806 630871 351470 480463 584224 653245 475900
150721 827774 385862 340123 259558 324837 402312 501460 307421 662377
705962 126005 94674 685336 945542 514520 615867 640280 442788 317713
500515 181996 632498 480911 823422 223344 874624 926753 702405 494020
769113 762590 270578 26172 189008 581584 116952 263382 390408 813044
707512 45390 677561 102862 384243 156556 896378 699907 195808 542955
794481 866860 39979 734861 251090 877586 627683 740420 736999 674186
87843 728446 784506 305007 865109 191453 362572 713997 547391 538160
904963 818083 433839 371262 637282 680222 793509 49803 337909 790514
34608 139308 320448 453893 300446 624021 377945 315072 140956 527708
467685 33567 578818 846965 431253 901170 384310 726717 947998 650644
96151 444355 462851 821609 405419 903605 294263 163201 967871 546228
602774 692428 444730 528258 349007 120257 95602 726786 358099 65117
374209 992569 716870 408969 460104 832489 577936 236694 676961 963037
35837 203867 143250 198564 412595 959082 378121 835159 844392 242221
645044 999954 236047 926013 153284 327086 775789 888661 386011 56356
42906 241200 815777 46533 668220 510830 321299 400636 339872 881274
850468 521464 420255 285396 425643 1880 275429 138194 91118 790840
861917 37184 565490 218058 970720 383231 865548 324578 334089 206909
839955 493500 570993 471514 931492 638950 307239 295847 951031 15850
393970 161291 536666 426210 48740 937314 42908 379169 872830 446236
478334 900045 170562 536820 577636 2106 421126 6302 651083 835614
100246 95025 91117 657030 890020 985124 37125 963676 615339 964880
937214 202766 993028 682295 714524 575151 73389 820317 481719 944444
971465 269197 939790 500069 740763 595861 457558 742357 22736 290404
461198 642623 461105 16614 486676 357788 931943 490288 220886 468589
364638 462920 266580 211535 756709 993609 648166 327808 661336 866595
832749 677169 829508 319659 920652 53843 502831 720881 454728 356387
90203 423242 721789 218013 510883 189758 952474 488738 955157 647949
508624 769647 962150 591257 801685 91547 805279 7049 678594 6008
193220 363140 873856 207429 795594 223699 767297 770571 98116 748860
562002 171596 785607 107916 542199 530482 495366 872593 652573 420300
891353 84897 724114 11504 841734 496743 1004 429116 971570 74924
855193 95230 521651 89494 110747 249408 774362 874255 187048 873327
676991 335771 663868 921547 99901 939909 139665 810652 54553 461749
28700 75081 536712 93676 85518 731143 787542 966392 48531 106646
825615 144941 717072 391467 7110 692988 144568 308134 787277 130500
870485 155853 282761 734502 604334 677289 514255 171465 520510 288635
559593 710866 849531 543363 962313 936859 985070 896294 556730 242018
136539 378153 649215 598644 123313 758892 629292 521252 782072 190112
674446 489148 132098 997878 223950 776772 616295 299424 766055 455824
294901 244226 551228 206015 955179 440639 823053 822405 659811 140378
895358 381957 868213 38380 2720 307296 592853 609595 63594 641946
618013 66809 476354 675729 256955 961137 337304 403034 572582 736419
86087 871439 280320 199506 938666 856789 390854 289715 282432 96589
502298 638856 435830 74094 26293 732350 782983 468816 20673 259982
124642 980406 176280 133272 302368 763461 187248 433885 421720 268867
176268 491629 884950 603125 244230 623017 230955 916855 874922 927876
100239 28260 674054 440679 242834 987551 570140 49036 755206 174218
342926 266205 931971 815595 635808 98683 409546 843293 655073 798915
95369 686379 144427 989946 290053 905109 364877 549211 784615 785656
984772 618328 434795 17716 519743 236157 360870 175113 963106 659801
319100 147141 275756 286366 506013 29214 261751 322028 898628 835834
517718 154754 817875 386079 251552 418135 238408 836346 424170 978430
604715 255150 509630 23282 622432 932653 635690 623763 236841 71123
627841 774165 813316 469683 470779 260743 37840 854501 580247 45625
571446 52174 854475 185732 423968 235019 726901 719437 949815 560743
695703 601902 553464 352100 746523 7702 706869 695295 2503 116199
851638 272300 149310 553362 101546 215518 98953 833687 867941 843078
382866 377327 537655 232267 668350 449813 695784 204441 118937 434276
465794 314307 929384 378267 947134 224335 230851 860472 102504 79931
348599 846222 413970 713329 640688 907235 12897 853776 368562 866778
309110 27558 988090 560691 693531 336448 3751 172025 204722 158661
790854 682202 869427 970964 916137 550698 353317 953621 269296 398880
439535 518065 833300 458733 432641 113891 198536 778287 138163 352357
157969 323212 809752 954899 869741 945779 201852 663255 807118 97238
963083 95742 946258 31665 106613 358769 951800 522936 15300 979467
308734 990391 192031 108910 113248 813043 397652 402310 648977 451057
282093 337625 579414 606485 206562 116302 732673 915486 714993 457596
145082 551322 425804 371414 789726 152512 554028 346111 357019 668961
643326 205114 716525 777564 774207 871749 336535 76919 530333 974576
686214 630740 182759 231057 340071 579539 280440 799999 622478 18710
195479 925724 885974 448925 121657 94367 932415 314200 438145 491082
336528 18242 437132 381457 832572 354763 26907 415339 959687 61736
390123 994334 560896 531361 54459 118353 673402 368613 19050 172715
482221 69131 101312 810122 896880 917880 393895 5172 228894 965291
600769 749507 428135 549868 63788 421133 170929 523351 853231 458423
232941 730572 32767 236457 506964 198374 544705 978613 563603 213439
867646 213792 539710 451391 767914 52667 121134 858247 316700 180558
207244 223296 926259 38856 172021 959804 977295 917478 795173 405171
209725 823968 783954 665296 767571 824192 557962 970333 378722 568276
410374 7902 964520 49323 715911 491226 809577 891227 134602 4886
544039 998764 815677 743165 290150 692606 402799 518494 491249 970338
777452 426287 976607 782791 555508 27859 404258 484796 175156 557837
904551 901596 897059 978327 780020 300228 516670 308229 695611 822695
739420 734679 948147 184098 217057 688355 457520 93650 583023 585998
715417 807528 713818 671346 797433 196086 413266 602116 528370 33164
618269 954882 417059 862686 54377 122380 439277 407503 951575 638225
133742 694786 27083 903089 695807 27624 262276 217543 704493 450808
902877 148657 343427 122527 105493 921326 21061 806436 238484 345643
625988 469207 218923 691751 945706 727483 516328 885603 846675 952029
861041 906017 88896 57332 181026 602161 245272 549715 137119 456738
621657 760702 456995 466077 242389 577030 125606 180699 313943 538903
183359 618849 635798 209497 588041 772415 651767 590929 747488 872174
259728 192925 745208 829565 763620 88498 898676 436621 883333 2979
1772 573028 627723 903181 754041 783447 439781 547023 93365 746191
790458 944666 418861 128134 444975 1755 602118 190919 359601 849754
580376 50801 868350 990714 63743 455092 141818 776753 255365 703223
7050 17989 92691 924059 539385 675747 467920 309492 815440 974434
4010 841837 888273 770742 203902 232875 985449 292123 26434 847368
739962 920292 775361 383161 404005 7636 933694 936588 965985 377381
262181 42220 646035 89639 164693 766426 163017 271724 149432 967131
586201 671858 21468 483852 584661 213591 876910 669604 324482 16233
279110 600045 91243 207732 759100 867026 281567 847729 298631 949672
354122 242116 325528 44165 156829 118405 815594 693284 981534 150430
247136 401551 650264 407423 364816 219125 333992 603934 838894 495047
923562 462726 871475 520671 727662 713799 375677 36953 450131 711307
402586 131398 526818 493826 87304 90494 470583 710775 221080 960560
664720 38542 25140 340414 522759 141363 192964 327309 335857 477483
593796 177394 349492 705377 99409 148878 463846 154429 976172 927699
733387 424393 239224 979408 792182 446132 114950 922644 17623 665861
256989 846304 100061 82258 247757 523417 674831 560018 740865 468183
472150 705674 838997 527239 693986 487292 667862 491608 224116 927851
130281 640007 463649 330527 870390 709348 478939 295070 163062 852889
270213 35824 724061 413999 906943 959618 531118 84351 952853 160260
866609 198648 282415 772981 613061 162077 496739 877931 682824 53824
60992 611948 785038 41087 578947 728470 126043 610011 76709 153174
157960 947729 863674 13871 533650 695137 616535 819033 301880 272861
982978 540134 909182 298840 52132 774100 964968 737180 762303 111878
527965 831607 405586 971245 274600 670795 462149 41029 218272 405354
365277 18118 245230 392315 935034 928009 899693 320713 671917 706667
134012 688452 907416 629573 652408 717363 421301 857886 800684 926111
92728 858677 537956 55267 413190 595738 784966 917426 807831 785094
485827 548179 683548 183012 359855 390827 20908 410032 367900 165377
915245 156522 493329 757672 436356 406791 534276 796620 126620 522287
489731 259565 963503 310528 614496 67332 736018 229443 162472 757944
123391 656439 93070 154557 185369 801491 338695 734156 647091 775796
329060 526439 339397 490753 452975 407654 880897 340244 703219 667174
421471 222195 711154 739199 195838 837449 393142 692912 132159 92894
938586 962053 630050 242174 550606 791809 828755 246724 368812 268386
76596 569044 647575 280223 380295 160375 772400 622812 605546 688855
342123 581632 133216 94039 993003 180704 219108 920729 182128 50232
261970 686451 13184 535020 24527 418487 655237 694727 505969 114846
863899 768245 821649 511892 866852 686948 530788 60020 301398 318050
226280 761840 806477 905048 681412 138365 138910 246978 464048 142324
631816 328164 557525 360692 633236 174590 164007 391372 356237 124487
823738 719268 825703 319732 166206 674935 771072 232830 830349 975822
338782 265465 775520 117693 477242 841228 394152 987538 363868 594598
943175 877675 360709 280428 408742 793996 345610 679052 622352 262067
130851 138050 538160 491823 9002 671139 152634 615048 492334 313484
716969 966643 323184 390820 733557 873790 298297 520769 355444 190115
489548 181663 303126 804793 303678 652575 845408 316200 450874 550123
14611 714659 719633 902223 679899 328491 390 753064 577597 405628
829555 298351 214673 48317 923700 838377 894003 808151 879670 653478
702335 512188 686974 139542 864838 925745 835088 7865 655629 739126
462142 592154 868393 679012 836408 368120 275389 215359 475902 441684
624024 634492 895627 49625 696543 964028 547665 733445 581503 868113
156822 553778 942312 685449 366772 347459 275705 74591 18338 349948
161427 770804 15027 9908 139371 645577 764523 434208 272520 407495
137280 120901 15257 260132 397094 709972 543941 241718 44765 801227
810398 178701 570677 757518 357882 856099 5147 264564 716720 329393
741564 983002 654895 28765 942986 128096 878507 587817 612733 994209
970565 815974 2261 876891 918392 435070 698759 833907 124410 130082
938767 216657 464318 188502 258306 679397 668425 908254 345940 532318
414802 608441 692693 580002 49605 438433 929866 461617 321897 979800
521467 538221 891395 150604 718576 544835 447106 589162 836581 670662
569176 550592 302750 225474 537122 614953 451034 944998 982936 968653
614934 920176 954274 107326 289148 146798 787162 928737 295814 618685
90454 674920 634602 155356 22346 801308 202489 503983 17635 814771
558970 828453 762624 254985 289378 116084 905348 583670 551729 26097
534772 868430 539906 243685 955766 666670 324749 13695 197004 299013
100663 513695 889725 912282 109456 397337 67139 501416 535613 461269
187729 564748 22812 307086 368817 777609 736305 696102 370613 503868
774759 570420 112240 31916 202988 125609 962066 391942 484056 139711
503918 247163 858780 725694 436952 815652 567348 855116 606404 707822
352234 188035 792773 979824 773468 481060 708865 931998 579266 100705
542632 15729 306917 997565 212375 455077 125372 169805 853715 419014
361729 526575 257171 555215 49420 280811 37116 459681 794143 558764
92385 304003 523544 107860 852920 643459 510153 586464 888938 649714
374195 565750 870753 508349 905073 824580 73009 114637 5186 554625
606797 351948 798929 560668 185264 626294 433511 263952 750310 36008
625718 47835 201543 753528 431400 269929 126895 907350 471085 73753
170202 178122 57555 4310 719877 520855 975199 570962 305521 563535
171025 145006 819615 479376 173462 1094 176847 34498 837514 112649
512252 776817 611552 515063 790748 875176 883251 617556 167137 705609
441423 635350 851474 827355 86320 757619 136761 266361 520363 838571
486915 133723 723178 562620 312450 109243 375655 374092 899145 853533
140147 903493 2177 735987 514861 128290 385995 726385 911499 847638
86890 317616 341787 993721 322561 39384 573877 693301 794805 534126
428895 238401 932653 876298 943780 700645 865818 587459 6131 751435
508561 273237 89546 703999 226801 820144 934435 240806 862346 639896
700700 37784 226524 454597 837380 185882 573449 378211 955888 690711
263551 395285 367184 314255 108526 487608 519667 539876 439638 503923
155324 496262 2062 351813 938784 196011 360748 367987 962193 898480
110118 207850 954934 885346 188631 36109 663672 547005 173661 839357
873095 572690 306425 264477 578798 138239 214967 355810 456411 866878
405556 982547 360484 229205 133900 334259 456873 484646 364835 158270
806703 358162 976723 165880 651999 680333 381073 542382 630640 335205
175098 438890 620005 111518 789912 993892 979360 927143 7037 899941
976071 118049 298092 145471 96520 92664 636962 281244 121344 741709
487632 592743 914149 21966 166896 122424 42684 283723 388856 307772
64818 764937 654542 504824 286088 125678 304459 476473 573883 867598
566887 834242 723808 81991 340282 214254 27185 215574 846645 233740
758526 600897 430239 532529 603561 550525 450836 370684 502505 781328
831320 75930 334357 468689 898130 521717 966382 962471 970000 243411
47744 851726 432592 231977 243450 436354 350409 869078 963941 348633
806481 569491 752869 431914 548577 327787 90378 769911 198996 993384
65433 264083 84448 946079 93209 175857 765563 60065 994371 91638
422026 622567 955436 992812 903291 387987 233130 62021 724554 541617
914837 277425 928126 301738 607944 460701 890317 677119 435489 728296
496447 353463 818870 661909 589070 505006 288487 462996 864310 917871
824422 151201 694537 471118 704460 232895 760275 435483 66477 298349
166036 666786 65145 676019 144264 536396 329882 787568 83608 868654
44857 481686 86479 207947 260059 229525 155678 884035 414177 187321
439579 148886 46653 687759 243589 983775 111723 839233 925923 235447
286426 649422 618735 687322 918545 2202 705114 151475 66968 556639
115330 806793 762900 623377 414766 301075 905640 484868 96473 223161
593115 511754 215095 336866 743481 445031 571719 505676 496586 956442
482967 289208 734078 259587 317731 177974 419531 202966 325859 112350
397226 573082 744618 808243 669489 460090 461896 644157 312309 420018
15844 899369 646914 805458 475821 219700 728686 128679 332293 986401
961628 141271 902263 66637 968687 814777 76117 705534 444032 347903
355365 18378 406999 727794 136751 4942 481213 217907 813794 315620
937706 754567 765737 183515 333682 693410 442500 458284 481345 733146
880869 323711 886816 914095 690105 157066 273057 478703 138547 606973
462923 521813 724735 361536 245820 216867 532329 707609 843445 89385
22388 971160 376610 237893 497175 504623 696830 897089 116351 713376
761561 38269 39526 72817 631089 229211 555023 934562 304466 488129
637709 363948 516673 538767 131921 506418 710387 144158 763927 200557
846608 499864 759363 401058 353630 466814 531900 762410 169900 609351
915007 239209 446084 199415 462375 210207 991357 235081 6151 192823
754563 183599 799826 989324 183470 111989 205903 628629 121636 710786
359366 815825 914047 581532 146989 322738 259588 941905 405529 645418
638559 852420 974853 155772 424665 82411 755917 910467 320298 895496
587705 643 654971 529839 918094 743247 170074 186091 264568 833686
309894 540857 484648 812669 983123 559486 329666 61191 431211 827182
864224 31994 139191 79192 286034 707747 782035 942223 256192 163985
598964 633456 212218 170901 364010 434750 676551 595552 870419 503855
695349 501586 319034 594409 929351 302712 483580 897745 414693 305540
836990 991361 951444 69760 451827 296629 934528 276055 424481 542285
65548 429924 690924 567011 639209 513778 993991 711705 331104 938277
685398 47264 208580 173608 52138 289081 367012 953869 109134 653284
259718 214972 184357 681235 544052 844596 189181 393291 543209 730869
838749 678194 289745 973825 508115 611718 322446 115296 640832 850417
956659 613134 615307 643353 819764 917953 949296 55958 1190 613443
298294 808113 116194 585691 82745 978451 919133 754667 691779 771799
482167 999524 210864 446880 382408 913234 25832 675275 642051 791136
697840 115816 623207 374183 579767 796395 883084 877777 173894 569100
168555 907418 357833 807164 553543 454274 714698 364706 59123 680609
153598 811379 365004 413964 72493 695932 871191 44469 207559 901160
962639 734222 518158 139169 921557 491188 740861 746329 115274 473606
997897 352353 697576 858642 416877 748124 672852 364400 185528 166084
298669 9429 134486 685972 494222 165176 683011 990833 872254 689724
366317 409549 977784 815875 485286 444075 435586 699415 775032 959761
742031 463869 507782 24126 452377 409451 514598 669477 742940 906158
299855 665514 480901 700464 759573 566178 909718 725702 425479 570110
603418 888077 758155 48983 689950 188181 72278 577372 606422 805659
227126 431156 316037 716134 864104 199043 625109 890470 554155 871696
974418 182956 776038 991853 187529 713798 571218 472741 196221 94588
860549 118020 306770 507775 552124 303775 573076 768872 605423 961476
580660 540165 918766 865296 153376 226240 328162 588546 875970 562841
515604 947426 3020 107814 370586 722752 888186 871577 795650 865713
908771 4887 806381 432271 83389 296013 604407 309509 968966 18514
911527 632785 318863 248657 237234 2504 182947 707955 637794 783778
671875 747573 631256 659934 741524 747081 773501 144843 188593 647773
174973 34715 577179 427515 141536 873460 526074 356328 950594 67560
194565 868175 907463 747846 543246 421746 645641 131790 615982 692429
681596 182715 884052 710499 695652 367657 557473 565066 979966 579775
371829 710868 667113 144913 735777 463674 772302 224638 212891 878719
485711 159782 997200 744591 542539 269589 507832 457778 677821 243744
496144 960281 704798 876180 566784 440987 437873 844383 875669 794465
323322 565315 999740 603094 177818 264367 949801 908312 97483 772671
788271 794043 890594 360865 244355 205042 163634 818914 295589 375046
960898 117659 230217 335110 356583 793997 297967 751672 678421 62970
512209 652906 370721 615576 280490 361694 833432 635502 473010 215551
881445 229624 216495 359795 924919 909712 340112 625121 520622 654296
21759 572457 965527 80476 939098 457813 211260 398250 583458 595016
514465 363685 443235 422840 113234 55747 932839 300632 837512 720200
573107 623746 501596 805622 227047 679437 541354 42101 954451 30667
620571 828880 784611 896329 447958 709098 971743 467288 125731 9599
780700 519025 191947 13746 743225 493145 375102 156552 772437 475165
786635 830320 284225 423294 879495 123993 427701 193403 752762 191514
45305 530965 905416 279556 471462 294851 793965 384322 145282 456229
132988 616945 396050 306271 116666 920416 116411 469102 618850 651966
427569 956756 882253 997422 270459 420664 40281 944554 558248 848780
919997 612265 925974 413608 135312 193034 436774 25852 778102 102791
356249 615927 104326 254342 615136 933213 550985 903947 919135 765101
839771 166265 26204 615915 376331 652124 119988 900687 77652 897851
261814 44124 654793 143431 880672 675710 347181 212888 650399 169632
911881 580385 853588 896583 369483 514420 760919 484741 876589 402407
684159 958006 68972 32608 221634 961383 120474 185261 96420 828333
739203 566167 991427 382425 874518 930926 265398 946654 601122 831355
615780 392787 135771 169488 362164 594319 968890 455526 6891 518159
634049 554704 663864 252721 79386 388012 475023 320396 748167 630292
276873 86799 388162 502937 373779 927362 115486 736286 55416 169532
602593 744826 644038 79764 638167 523851 583058 53987 571262 811621
389200 983733 829978 969235 583121 164937 876885 189611 75142 606502
117864 597722 698870 611519 991911 556698 87829 142149 221262 11923
133990 68736 347594 776030 46380 26226 616726 246577 401987 625074
320001 362459 456961 390990 824492 141175 216627 925868 133978 391569
970995 701317 510010 763104 813836 930277 32143 29289 511134 454080
465240 362301 422181 775357 586826 578409 509919 16964 121231 394824
972170 115315 114080 76161 520786 320466 592817 838872 493300 287751
57671 561278 323826 182369 926822 678284 64523 258223 111351 563819
553321 568903 634384 849651 396831 932017 673900 268829 878526 855158
253842 455507 795508 977686 814432 754339 588619 831335 327941 950111
486163 318765 875673 418882 874239 279725 375199 995576 203944 897643
25000 782934 685056 614017 91806 945778 571865 469523 684638 577968
183246 339949 263057 307738 749025 981961 269832 649267 17566 256423
152869 498597 327699 535102 779959 434702 244107 753444 812093 834689
203987 527134 551286 734531 791434 730651 385541 368387 449303 410657
586619 76704 806062 506386 301943 290703 656100 228440 121137 769422
728020 922288 336141 56093 455170 121569 490033 356956 19487 926288
971004 522223 988086 155437 602466 685713 503147 55537 573905 145782
741847 88933 228238 904238 9096 249450 539474 134433 121563 442045
852469 695574 530925 976043 15076 820188 676680 515137 828575 307862
944552 255413 81457 422433 502310 567313 630886 647422 451258 469121
262122 92112 64556 84755 203670 556377 419006 455642 247856 925190
100075 82689 243996 798492 756839 438991 12999 372142 565781 468895
314118 749139 863572 301064 882273 754476 944145 104998 109296 636586
86114 268255 696138 921752 182017 521537 318631 39001 259859 339350
121024 387126 881588 955870 497226 955462 596063 597601 923892 792492
952868 74819 374446 769914 948028 112666 643484 199230 359810 310333
416776 541903 138647 791312 566197 340734 79271 562022 153434 227504
588411 32689 308448 875368 516442 422219 600011 394360 237417 542875
938919 225803 137275 526360 596315 919637 588076 451010 729341 835225
489086 791960 881861 516532 820904 601921 284534 466576 612532 599045
5770 16109 750424 774855 712059 345012 753932 290569 343201 298775
877926 383441 2613 856863 442194 195298 143377 638537 765603 724523
718497 468803 324902 247654 463699 74982 567739 621728 617771 181350
176605 172330 293730 248302 483277 79557 326197 557918 884876 986509
517645 958528 393323 330324 820332 544747 442415 756868 686200 326087
741533 133457 437643 763879 78836 848421 776452 996970 491808 576815
87972 546047 687668 53266 563733 71153 340018 614180 982964 465925
934677 411530 996715 951752 250883 879958 509241 722772 13948 432951
384255 32946 955387 265842 308454 434981 918893 761244 480352 279484
234355 272854 241193 987196 208993 62156 152506 680642 248473 678016
997459 712158 914965 345318 390990 221394 984159 279145 43247 63147
221415 457951 214157 759477 429978 648869 432266 881938 185866 529136
958285 994570 865575 781190 495047 792801 33186 759727 261546 183905
632032 453698 176042 212732 351555 304720 209286 572586 925318 489254
992440 436859 46116 174783 255208 369970 989106 499887 54964 280448
106151 75144 223611 817611 602595 992921 271581 612388 307592 89375
813648 638453 471980 720444 525955 528385 20749 540834 275855 854672
475510 876815 893121 128768 398728 701872 94210 804495 870930 244768
8055 578934 247722 528690 518082 216736 162354 283468 966425 851881
372616 323498 632894 24327 56703 264959 856828 628465 227987 317037
651941 239189 773282 217180 10795 672890 236192 868273 148988 733394
153167 958082 603053 532607 278092 451379 570215 638348 207232 480891
665068 3687 129821 635648 923911 898567 569030 601937 44844 663520
14983 700739 474746 659644 759023 284508 880351 272015 578124 15999
271937 408121 802649 811045 598646 403034 497053 164376 200721 278056
274132 348577 251036 590177 825421 526857 845284 879492 566346 108486
985869 133021 131280 704554 862437 832357 902289 662378 879739 658928
206820 833292 193780 887889 235284 401366 70924 379104 550060 896261
605436 76139 847548 29268 365657 615979 453377 325852 142032 153203
690819 55628 510351 558050 922458 156532 317085 865641 513804 708946
982026 436505 773740 220329 777327 410856 731417 628956 17590 158315
934017 670542 986341 849699 363006 908826 421792 896542 408465 931306
836985 839352 630995 982722 78665 868232 836164 348207 256256 866262
250727 452194 658715 415616 598432 792031 41874 946171 583777 458027
41160 582264 642010 75779 887071 187213 356910 320923 26207 181486
416374 174510 709829 615940 43223 177658 47932 613765 234477 448328
7385 40232 314931 997551 42013 948408 282940 437155 325218 659174
530164 170266 546416 132206 361322 236669 875181 813815 849180 911202
468752 265375 650090 579357 179170 845203 708023 478127 3719 459967
654977 302866 770329 612759 864693 81008 426097 865615 866315 552494
112577 147245 411298 680709 399341 960706 763799 581559 8759 594350
923312 178990 913025 214073 448708 880048 135856 78362 263069 444663
717435 155852 977226 516131 65669 88452 942483 143811 525576 801753
57314 689110 512820 285161 157965 652404 232204 306439 853259 856222
883361 796659 81298 800790 905961 613830 550970 69521 173406 54733
683380 676950 212025 78854 655337 266220 51139 486476 855437 883178
869919 176674 908201 214936 83494 668792 757971 294701 485705 628952
887303 769499 597291 353972 485569 939664 759075 662157 115153 968767
464936 127427 527840 789776 692709 923669 730041 192340 5158 36632
345832 294795 822542 817266 379073 423194 892371 502056 517550 938850
924439 478120 591072 635146 229694 57407 782565 658788 933698 365227
148361 569947 300969 690314 429639 231672 513295 598067 15237 758447
196671 877377 273254 825353 999793 651351 587478 860209 284642 55946
14154 109684 553956 580313 684052 551434 874547 86574 489577 265691
393426 584644 900470 19962 434539 933678 968881 906033 972129 432544
400890 131634 102409 642337 729823 907422 722805 561236 268236 350952
190688 512631 956561 160019 297473 495312 567458 118098 181141 197827
749615 759441 871198 607525 549106 412821 487080 382568 951282 736788
505594 755096 719928 85055 319256 347944 923798 723244 43844 993160
7212 84022 193479 103972 229951 245256 435716 932404 829195 263863
955086 355020 928869 325824 499449 114989 56630 600743 437082 251874
240766 725368 267167 172839 685827 686155 396673 785538 281300 818452
740349 730571 20945 425511 511617 757794 40861 455833 321554 109981
800936 99356 343014 217564 646828 823714 738793 501950 473027 600615
638125 109718 181886 593386 61014 215874 552091 642999 224565 479894
49524 784944 896125 300248 664389 78558 114147 40912 362307 265301
732891 844862 245804 952447 350194 374156 21234 807841 122365 133058
917797 300181 589543 668001 52268 224254 76996 293764 205142 705896
551909 243271 959418 554273 402755 528928 406525 33115 450546 286232
803575 573742 934488 590079 844600 927538 835828 151220 192224 620922
508968 296773 18868 14742 726827 310955 939905 880883 100679 265220
915975 469510 186699 306916 879051 103188 166797 194075 799964 785558
858299 213483 249806 842740 213500 482630 826511 674297 528202 976636
147768 415552 826075 981731 119450 792343 652475 479832 107409 658089
309657 49182 253365 587475 288494 359166 259758 44792 348811 464334
231926 454571 62904 512396 355610 67315 172204 735246 792836 797205
383199 46280 694585 137113 8702 933554 407054 255574 352426 523235
734631 485773 661009 857372 583666 215823 952106 12922 181408 882161
417895 45478 806224 75746 115662 368716 978201 915755 371595 585921
223219 148526 944643 704887 845343 275759 51777 230683 914291 811540
468079 455579 383854 200714 203868 564789 345734 502902 800204 695990
811181 290099 365394 803606 817338 116764 42445 965531 983946 297232
271057 496684 818185 384266 923509 285599 611591 254427 846506 326327
90244 486835 185354 955564 896298 377659 761037 120095 143889 203084
266088 318246 398012 408614 754410 483714 229218 423434 169360 624386
756470 902502 132123 738382 922191 622059 582700 765867 762358 856486
103665 198296 926514 964293 183375 821160 799440 545331 911597 706604
936736 231772 344850 622845 875153 702688 804177 382047 783385 837996
205080 180045 519372 908023 878069 979752 926628 981058 114688 710720
686540 983569 124123 141603 432338 353313 396934 325041 106519 95583
801353 11367 250107 359472 727712 298097 509608 330566 581044 590125
491874 697577 601369 293748 242574 23820 664798 7770 491983 836668
151074 802140 497405 667049 350860 327076 568228 907344 561929 637540
204219 401126 956450 295096 891817 559812 21644 162421 89533 490256
649272 99411 286918 982381 511830 472345 729218 103455 502962 991294
163306 671143 86815 265080 782850 217866 390747 901621 438947 744791
938712 739136 833591 676348 381017 196412 943034 40009 923123 657613
54688 67307 253360 700629 520221 495330 383027 90885 72737 950061
616519 34050 382187 727127 637355 132402 92032 844207 602075 399528
278974 261047 660407 114172 684552 699991 662521 914101 328084 43839
130404 143629 941822 645289 252100 208479 769064 673015 270959 317863
960499 578543 559475 607279 727109 927475 703413 649631 548746 116799
818033 769427 378731 994585 371497 594918 452349 670215 937660 560960
856616 997732 550697 596873 369230 70485 585694 902165 286363 208034
882664 469768 730032 165648 912894 289649 21491 767564 764154 629230
114016 434647 796461 314746 176969 486883 337892 784280 839632 687559
278058 33608 878399 455680 700930 667427 914582 217704 110675 128091
174977 636089 480508 422161 396503 915707 676290 693047 612722 90900
469504 14331 527474 384744 104265 70093 432011 667995 213250 428536
933397 211 556019 384574 73269 900634 654906 16164 977051 503637
57179 667622 855153 93295 14480 778771 713664 321923 632908 38449
269944 482690 966457 436842 72625 677138 384386 195048 105897 346324
511919 688700 887762 308840 696902 964216 663599 433084 136635 611748
577476 386362 637181 897875 890505 362296 49965 478524 490809 469885
799591 196171 808738 204550 494873 97267 179218 908145 334833 119510
329820 909091 462281 331226 164761 438790 585824 231642 127912 910939
411523 262826 335641 879025 574661 843870 123203 404120 772637 153494
849039 935269 194283 720456 191320 663400 177968 981365 345096 479685
970890 457821 240874 612716 920839 960745 866069 453665 39546 593799
134483 982415 818463 448156 842351 256927 285470 606455 230686 597486
229977 827681 224180 393242 668077 97244 411980 766841 402104 50806
719855 403251 676966 101123 657880 15471 879048 136123 424075 98913
296095 57210 5590 938910 770840 155698 119587 541773 913697 304392
341458 993353 766721 698890 300945 886325 130264 449152 660213 463391
680108 401736 841804 462448 494481 620230 48352 901010 226323 404279
992893 275479 175108 336678 136968 654461 878579 660712 429170 555116
589053 810153 172847 478563 959342 837862 143141 831610 582285 731581
397210 393892 316706 582033 66410 413128 208435 534684 77700 471021
393167 81167 211580 667522 711986 26292 126611 770103 94960 36043
29110 973029 289353 887822 41032 943702 828753 129125 320230 508177
216218 369297 208247 390268 610351 504955 104595 866348 552160 694694
511657 585735 447127 393364 555238 235191 192954 262320 768139 445949
706452 980835 922117 889490 346678 5787 236930 713080 990028 821722
961673 85339 147990 327725 29072 410290 423203 716534 223757 210005
220857 791106 504428 625808 798030 661618 388254 564127 503555 832412
578595 550506 391456 35865 826907 633092 501657 41082 875429 258927
720897 482962 963072 98217 222745 708852 528929 373859 724466 487695
285052 8427 246231 30044 504131 899424 907973 744643 445402 828005
658202 531487 719766 115738 966453 842326 526517 783876 117540 649752
443098 499333 822282 735784 250464 334286 789154 210286 468720 383656
935255 222105 533582 798737 761521 178704 317992 999744 961877 191479
432865 943481 667813 311584 725538 779532 924088 110222 824340 142166
670922 259528 536282 660241 612868 243963 576090 800231 794902 44867
737526 264250 368301 340171 357783 6199 695478 599960 99336 603529
564889 119233 107811 987188 914691 45734 502607 927180 979046 469012
881291 625433 945572 694495 631822 252588 703327 436531 889521 973516
175135 196590 282114 839726 79629 90226 303502 40527 837062 964791
110967 959254 699974 386292 874821 955385 405594 551483 174721 77965
68126 761442 32351 362529 349543 318872 380266 475800 872652 97877
32053 245103 46000 296130 971750 609816 817696 711421 23253 905656
931076 670317 308540 646553 794976 234464 444724 557164 775102 265150
390287 867057 480779 830822 274911 616250 836837 854117 178446 992423
424943 231219 647946 553264 295490 583653 371170 40397 500199 681972
485902 153612 953122 982466 519467 393200 267361 493581 233371 662532
105802 528850 335174 56071 293651 937573 686086 745490 380931 338458
310969 102105 684788 872092 466640 726256 385937 762922 445022 143477
750528 947656 181187 258735 821891 636863 920341 114905 314708 222987
248894 882027 101002 818165 320944 994961 570377 355495 510647 909477
746264 785432 893494 201577 354809 91881 353997 366662 481221 823985
812652 363806 318244 978922 254364 325997 187341 486358 731803 990182
432594 465101 6650 574471 247371 654183 787670 433280 218209 687316
835338 476119 299195 553251 891227 241464 3985 259584 354805 645479
822239 575098 49764 911174 725111 389628 61758 673309 901867 948076
90920 241133 768709 502958 327563 302882 81340 233888 288383 290236
311337 13269 131105 940398 648731 242205 301910 539366 360392 928351
257252 711139 84225 599143 315668 757700 299986 131416 182953 930230
995113 401526 203413 516187 669218 447674 85883 885342 376938 581884
492246 508992 819747 244071 874547 801932 387706 843523 720756 999841
305125 817493 662688 593415 110490 444466 796561 20390 586164 192839
63700 490385 26086 430848 496736 17586 960605 175744 622941 204948
284316 538699 214711 716936 181808 848799 863245 581870 178310 834493
144029 716263 10709 844392 511567 385871 400282 682601 810495 673967
755710 472800 902952 38393 997288 831523 604177 712666 888934 9085
154192 934615 694290 990529 740568 209174 926549 256614 220527 138542
675009 124674 954880 214218 886143 523998 895635 398796 791246 531392
403982 9310 397939 1082 907150 276164 349511 861673 780500 656733
299059 887819 563392 151358 806147 362647 182890 744831 680218 37078
965920 620971 624910 130956 45938 153082 317029 740081 806582 497170
442681 764089 863689 633567 74506 124909 540338 813655 213856 683865
447707 639147 819098 549232 209400 927549 659048 508124 377015 948878
618832 372558 181675 160342 798148 342040 946864 609177 959804 910608
872195 564914 900276 587713 571765 902759 808825 321180 742400 610036
129150 810025 416867 975417 274937 781816 287138 781361 609658 711577
262487 474986 968745 171123 648311 712742 608574 17051 503474 386472
542478 10987 314938 405009 587839 196564 153012 677500 445501 175698
350816 880646 785218 555615 935111 241149 588045 651898 446090 391102
626622 582717 33335 285835 997410 935247 38723 474383 766488 325340
740858 201387 675294 159385 456594 473290 266025 431299 336623 500931
464753 984931 772621 643013 566709 444792 931937 940013 684129 104690
272465 955285 954241 765721 956920 538533 269194 4039 396658 336172
31725 596292 61443 282065 732814 264515 176580 725934 55566 287432
587582 649952 545479 762916 732188 647257 332519 584548 693659 82707
205004 277449 794714 950893 416189 556135 71801 733223 663288 497914
292361 318016 848502 345192 169009 670333 105368 814983 620178 2816
837670 824639 520144 988333 785055 566423 162495 845891 626844 590276
930849 205589 726926 975130 529262 439032 571713 207533 512736 351737
664992 700877 746638 563032 982627 375773 160163 887415 223958 795317
206210 382267 828276 975209 173980 128250 134573 228302 437825 19920
734572 344691 582321 253498 547585 148802 327941 21097 736160 677340
307569 55917 97333 274332 952820 892032 536325 942073 517576 375780
450813 509816 654323 564607 841416 60619 523706 439330 402195 589391
932793 567788 935578 202982 415469 187009 549837 230003 687869 246913
572513 489954 30010 684980 255169 775278 698250 823932 351352 892731
885387 654047 790865 749156 245373 235998 272171 575164 162726 678889
930352 699055 883963 622530 389567 61505 174669 208235 179081 445258
764978 956630 831384 37620 9147 60201 246131 246761 140393 221100
104490 682581 797633 987221 593468 316148 125426 329546 483353 746387
77701 939081 537316 675613 990165 533819 888134 628758 637359 562786
471065 399016 533297 450832 144427 906707 731671 979621 810330 376976
329907 797775 703632 165904 184546 797649 713203 794142 34782 820331
53453 469912 479704 294201 703129 517425 258727 37978 780468 636278
374186 409262 343649 529980 732797 910548 66750 416105 800379 243232
144023 958940 736828 645058 905072 225909 311693 736124 48303 161844
303717 949672 880597 713892 200436 145280 513045 902523 568563 407341
568773 360176 983371 680884 318137 598684 651944 437453 275638 625351
332499 589222 991420 493524 142054 348424 802434 787478 369898 303831
981512 719100 631274 113163 556835 984779 607648 687779 899281 479594
30241 243070 459961 379635 767915 76133 424784 606494 715453 643671
8399 267130 170807 842090 152100 579766 38278 540678 631563 803543
191208 259663 75459 24053 236191 18525 226588 482916 213009 145510
778587 951528 668169 475957 711496 210792 381434 751049 462081 309436
342717 57463 221650 843193 375787 948301 164098 386064 853443 740105
82883 268541 470937 102295 357858 814525 97474 396944 357802 419725
425276 669186 359149 687724 686179 209802 462531 635293 15120 810028
366048 556619 537016 774491 990279 515654 817964 904348 980110 793652
968239 340569 115677 200772 458211 253734 80750 58574 508238 60784
831049 32722 638342 806656 529810 142344 614310 186372 923245 945756
237599 399385 235308 776410 349229 230545 991710 80539 974230 778392
552231 415422 400186 990039 878924 524463 796142 433696 191107 24401
170291 548073 796311 511209 845575 134002 19589 404384 308302 707566
75172 970762 132988 338196 547209 438080 687737 378651 430476 873568
417839 505663 25 364559 181681 573458 45007 365713 779334 564120
615087 623257 163562 732283 956207 851911 746859 918936 533392 43090
125805 703411 454724 308983 534479 668482 760491 750468 678701 646651
604705 548663 643490 949190 243084 814004 674821 575671 173703 925931
625099 393974 658284 782663 613160 902599 300969 672984 997587 330020
841376 189235 740064 400592 822173 149637 521821 788063 635015 83141
7144 459262 800882 338220 37512 62836 587863 748449 215347 412966
613226 437613 154569 391247 516314 991777 258393 215088 188807 288627
729348 528398 837386 457112 135107 638966 724883 676366 156715 792282
956230 529502 151526 214180 325981 227118 595308 968427 926002 270511
889771 763784 346116 532912 853900 51351 63224 537321 407649 857861
295702 151278 277701 215800 443767 501974 99970 768944 435921 888989
520241 369349 907118 32006 414016 24923 254541 703785 115365 219079
717739 727651 475483 212375 937059 166619 966496 94174 904647 359676
214280 612312 274197 239582 44227 227601 907857 706289 308840 13627
959643 648053 704374 421214 182426 262848 435759 314359 680790 45245
733755 994741 192584 619745 507396 287845 188880 268525 43675 204783
210875 591270 649802 470023 376517 698880 654548 768403 211000 741028
936609 797804 203916 16098 644768 481942 609119 453890 330188 955735
515764 806235 412773 681535 547694 500025 224217 89150 137346 280126
402392 2462 251896 806171 714233 754295 670534 453776 337155 565037
892099 448452 426132 714978 551377 910769 704691 877138 927345 734920
72123 91499 499932 313303 630957 236607 315518 866848 425534 707461
182508 535537 655326 580924 101046 756081 578750 593253 13466 44288
408069 58819 336048 819745 554360 355488 495537 775323 853963 432739
566528 664364 797660 139637 618294 440927 640181 84481 900820 738611
833678 957569 620849 985412 5913 961830 190689 410451 867009 388800
582773 738613 727619 440941 716315 419386 706004 551446 363377 185905
190103 211157 102583 666327 716745 770776 493842 358254 623695 787468
358555 346212 34631 477570 126553 669676 178281 874332 412457 868918
187154 983759 71281 164837 792775 269959 806045 817368 778823 866200
311454 375667 811942 179125 118314 713634 27916 511238 929466 246929
693530 321432 32655 782818 862446 648588 417010 284585 267481 593267
837669 248167 825896 855378 104364 386802 903137 770871 611343 618432
486346 793060 118074 810679 207730 774367 819258 74635 898389 544863
646718 514057 87107 383564 560333 421456 673959 858723 736974 206567
533677 726619 717163 232337 715961 108042 942284 679363 991263 774858
104972 871251 486254 261048 216674 996345 118761 107975 110492 824481
406653 170018 465712 638505 952550 144746 27183 512204 39934 528208
572750 578070 148095 576997 640605 607373 656750 790171 801704 906005
444173 349654 918333 976525 66913 946294 109585 630220 830632 569371
854945 709914 56357 340176 300426 726732 863751 104318 482773 490408
475120 420381 825070 104364 261254 189737 92384 776628 733255 229676
216144 269320 735668 87627 449580 17643 765982 264190 322568 87279
791379 638381 685099 163822 263484 234230 338592 304384 603642 459853
518378 996957 717376 404291 174550 854227 893924 151538 202194 82446
618545 756889 867458 234974 381194 408865 199475 216266 469231 999346
456210 146218 174438 904628 83471 71600 484201 548070 575979 771239
42946 394481 776406 520726 372521 60772 319073 605515 79556 555109
702314 525597 395931 473882 405999 839212 766481 572576 938682 379513
820973 613510 245438 818769 445040 273357 918352 491932 970135 1789
791418 149981 776586 157305 578011 167341 582060 29052 137372 737475
429278 7645 691371 463730 743842 487356 145291 702265 603441 4102
121692 488116 152191 134693 51135 907019 112395 83695 877800 267130
599666 22051 664059 868972 401223 371801 492505 105878 67214 347002
316280 895906 431723 348009 114208 445649 215331 307125 59341 767069
43132 740039 450048 688464 327515 170787 807668 62124 414083 809519
983378 421999 199481 681337 111515 527272 42746 888937 788968 341334
162842 836297 123764 221222 242485 533793 596516 519849 381026 571049
303571 17531 668618 547048 823339 356482 151637 724328 763367 407967
768231 764607 460386 465977 162400 540778 183287 514611 416486 885998
507887 407088 441174 240758 736353 894990 378797 697747 966851 58004
850481 494691 757443 96734 241408 130188 393579 82886 141580 693137
484565 670560 588342 605901 722342 794819 202655 173870 7464 905668
196678 103592 826725 582266 903959 22334 384505 351822 681358 826152
226869 452807 761899 220004 151016 292256 846936 15076 417539 292775
155707 188108 185365 400508 984335 554511 699616 267157 458233 418551
798772 556425 656224 638579 617288 171029 858832 353866 966390 146411
78388 619006 972881 463599 542672 874824 984416 861660 366023 485862
66118 972922 251789 209414 280000 92772 779669 781264 476758 736865
808708 85441 510223 774076 712556 753956 612521 721889 311733 302501
780050 549996 284871 883965 839061 919963 185980 668790 183395 686925
436305 713833 435092 567819 795930 756382 953568 411712 816921 988549
668195 28241 310059 580835 243387 376135 828486 547191 845106 297393
908543 341214 235637 755686 502043 211681 611007 11064 176708 676609
311019 712131 36442 249582 195281 15469 252320 340452 764176 30674
604797 407740 864827 83351 753761 433324 342582 595854 728445 863032
512159 409812 183050 343385 339632 315481 659307 302122 674852 117401
629778 873034 662130 391739 945225 35021 404662 527965 179855 462941
118287 688986 368012 613145 255422 584329 629998 430690 126327 235377
925706 946278 572813 823655 870848 713641 49590 161327 997618 728767
551668 357771 507863 939089 301669 488016 552957 494821 462573 374770
385892 100705 802773 283771 442312 986189 167736 24083 888620 445249
101840 538 490780 359955 953255 85657 554081 515438 420767 911996
533119 253881 267779 798234 632947 457938 807874 790103 432528 850136
57633 637653 90281 780781 786906 748901 819797 830223 680770 516222
397207 161835 187957 309618 672293 424341 228869 225818 501174 596545
510599 423786 359134 125035 249569 792192 590967 991254 514086 836675
224341 43623 719748 449247 679712 453574 816647 739259 144326 859656
342025 367418 503276 843118 356500 176879 992768 828780 862850 578883
983987 342319 439418 547587 777626 619887 219538 645399 575470 143605
707534 191005 103292 492824 575252 491087 735694 630550 644522 644991
281492 95276 463152 640972 508467 188399 422213 444756 62685 519419
802798 947738 55215 454899 68876 166478 61096 666509 175829 687596
973720 481893 815103 769542 362513 303871 623160 828139 892872 871384
727920 889392 259328 768049 816575 357537 785915 266490 6260 423851
632613 415049 304026 471470 874336 657047 259797 609241 259158 745943
821035 489525 309381 259592 470485 684599 97076 268078 17648 281056
755772 119463 563904 103159 433759 931584 792944 654078 568367 914157
407361 625708 282557 304827 549404 975216 161468 952421 439799 257947
900639 338448 416518 214915 900364 131808 278105 531940 313748 403842
601887 242677 968265 892381 68658 463212 519801 218785 801104 910789
142167 743558 632410 630463 844184 768211 945860 505755 55153 128560
753709 107579 782862 576011 232741 987054 451336 180043 109854 681055
354665 77262 532652 33534 254709 208778 295935 577393 969490 300490
155540 956313 836452 78726 993099 95258 121592 724743 211572 45913
858763 100219 122023 689837 188708 241240 566260 705617 382746 416528
143978 169616 834970 639077 950676 305838 890970 563011 906346 591020
84704 91655 829405 545691 550084 434033 430927 956825 220768 650748
140217 666221 939036 699577 305348 580213 523761 910162 147516 708736
270596 951817 819554 775366 350534 525239 247541 730805 345901 178689
178524 2182 326858 690239 844275 84207 424069 992567 920384 307083
130639 716840 552261 466097 583055 319333 279529 134696 530613 288819
162519 668191 916366 652025 496841 980665 629513 21709 565762 380944
294177 517610 966909 622058 353477 134109 523256 341029 287940 331990
633208 720924 176084 433784 893022 415318 856359 910780 877846 188717
774297 132019 575512 520808 325941 32810 252604 446476 152531 920999
958706 794432 367245 488512 514039 966051 396783 59003 26296 234511
709955 571530 878949 36000 661127 68378 236491 245595 174668 131305
282754 955388 940707 461493 180123 17547 529132 57268 470991 40302
704719 892773 491476 814648 915609 924006 464313 851887 123654 631179
317460 839882 565723 96604 782234 607833 502192 990385 400838 506304
175891 198623 837360 567146 441893 775871 499333 553402 83974 308724
359957 42701 314963 563775 804287 294278 91064 249189 634831 103084
545884 51377 230087 578478 669751 800735 893299 616080 76025 347985
345151 473013 245482 610340 710519 487270 37078 737585 35541 644004
348939 525952 991908 428544 806951 195335 487684 40694 797518 905691
961449 834150 648068 417256 318898 917054 264782 107322 152270 501803
164674 487283 143302 324364 441984 457105 878750 562925 299322 552229
915966 775584 952908 338496 927604 894355 452050 323702 790218 96410
807398 946305 550883 681476 880513 396088 921306 916039 214338 7745
983894 869790 715384 856689 652263 611699 984950 113261 519428 16116
376082 172013 121177 384416 28261 821344 350646 905575 462731 7767
974940 988588 336802 4584 834708 643120 92283 775154 858078 466520
116047 154392 901365 76940 194220 692054 935659 134219 616689 222161
41108 421688 381750 379041 611126 142157 500521 414752 794674 187973
363871 107654 568365 656204 646763 319718 810523 872497 498422 31181
936091 667696 353119 358510 227979 823551 316961 521226 414502 147129
225908 772851 550479 985822 193495 514947 261885 454762 728077 722048
942755 878941 792515 777137 922817 5628 397738 723828 683149 903856
632549 732994 676011 144240 150627 754833 704732 578086 195056 143489
505673 577419 735981 449038 333626 881728 157964 134011 89376 174090
932908 114089 779791 949091 958688 435282 870724 216252 933034 99289
602389 814715 464004 715186 834784 530492 727628 668867 684985 173258
147282 801516 644678 931308 388648 335995 371727 542115 353391 847437
222886 907347 817423 642116 597577 551828 127985 419599 890293 788043
721429 784934 688084 286027 775838 573011 705888 564138 763900 749815
70155 983964 705296 657619 244691 605435 323805 534239 103147 570754
944273 925597 770561 291015 786193 988357 340621 369701 447944 642014
664457 754423 229829 241388 736769 146787 76648 520083 316434 901974
127096 931247 286393 514953 735055 542334 795355 338598 857511 705856
435898 787097 242779 683619 105703 775734 814171 163559 780336 829549
524957 654849 434646 365016 430420 707688 673001 642530 670746 659796
128103 360549 377967 910627 125735 541406 290923 52717 691221 589791
568454 723133 970748 102982 507727 528869 814853 423798 497508 29870
635808 544285 199655 390038 893821 780802 83127 164448 186011 476691
501080 582881 394837 831566 367040 190147 545039 852143 934228 298946
779788 292843 349002 674703 575830 234230 714469 860180 643534 679731
299540 958713 816462 545704 352183 609394 252978 568696 273117 218290
609136 299721 526758 255648 66619 162727 412418 888298 67023 886298
768942 372315 644369 384326 495708 401639 123011 403056 884923 414584
819366 294824 606341 575294 226664 795981 415091 822426 310359 578898
882483 595886 233073 372474 419725 197723 363502 80591 794441 206628
121357 80354 906987 939116 385743 486288 43282 300353 782013 673195
176817 229694 883778 287621 610046 479084 66296 273647 995237 463504
927163 427580 861487 581282 666687 890902 754060 965178 483870 379676
621665 501029 595007 46715 514865 533616 989719 991433 177329 513743
305502 450578 364462 164590 131042 561094 228535 714697 992199 101954
373178 914143 548160 91371 666981 929677 919777 578444 568818 824253
830210 999146 246145 625771 101920 421893 65829 697179 654052 554650
622325 516567 930362 100424 856006 797397 537926 285768 24183 29112
506808 559804 947511 473230 862382 163212 287386 64598 279211 382237
873760 73701 139792 882781 74503 128561 287702 860468 196067 678475
93064 849799 523349 360639 629596 600263 527352 234606 206343 240031
82543 550695 283080 827182 668266 711423 612813 691710 319010 690554
964821 811846 972304 663399 892641 874640 803429 406058 833231 48690
812517 224469 783796 673485 973612 429102 983922 111946 998575 251470
211214 684189 122988 473614 460237 873194 989024 762685 626485 430311
153788 910876 863131 874778 326670 74821 81390 342810 430849 908578
737113 181443 400748 365269 477905 776861 495189 836218 37757 357258
700358 293187 975200 546717 997798 341533 885018 363831 795110 699731
857683 843013 760661 101180 953087 588823 852803 337865 367227 948273
220730 563221 422371 187922 36705 163547 869037 289153 463635 970311
262132 936124 460931 982796 430213 596161 980958 308468 447474 99437
957441 782401 875051 654836 687983 309148 29159 91039 628660 634044
532436 185277 938400 23400 58984 995975 232823 424051 858692 285808
75044 732494 206390 695062 530511 19206 562089 376158 600844 143088
255866 999496 315733 713565 643615 248467 33209 345121 50199 843806
284642 225873 95259 335008 611676 540492 40903 70274 712568 725170
368858 981678 856551 443555 910753 572546 627975 824247 808369 361501
608203 958469 335743 912059 974994 987157 640051 592163 508897 701777
704778 550135 106439 478949 220556 839296 156491 291001 823097 641797
485085 432721 435394 336577 26471 956125 932420 110504 201682 498100
738838 94340 860986 231167 286781 143969 496145 85402 412030 959655
164724 319768 155139 324467 417410 200760 889752 653222 599634 26329
98362 718202 205873 558939 323116 609564 46886 944413 239310 496538
555901 262781 986600 223397 931980 377471 137179 603898 532694 438373
940527 436870 398238 22987 403189 41228 139688 850118 473704 819115
926389 439897 301456 105360 116638 135870 805845 119713 705766 937655
868127 260066 524295 860234 763727 711017 14297 748280 265456 904381
802416 816085 61410 376386 261293 665286 188363 249248 912615 419304
247659 757059 643371 900979 714363 397658 229797 694038 148065 775390
946714 562380 889320 825263 46563 930181 177773 244238 440849 31769
688223 351343 939888 132090 498328 638895 71670 689630 542164 284687
840897 53717 892792 608262 850595 766248 569300 713518 279019 770158
335053 221347 369100 937563 741060 99899 370115 715833 128448 567985
301606 38395 513169 882777 582492 619027 758529 734657 529409 440896
311030 645157 872655 917783 325648 309957 411734 948276 107070 553409
411298 449900 586898 738189 252176 70737 981663 509830 366593 246132
679705 825162 35618 381659 964943 784536 242286 973894 737094 220438
536691 744788 437168 412719 333098 559779 98707 396275 158025 765436
182664 468404 706133 670529 156721 120043 419099 464526 860558 644436
672625 149694 718381 402978 213610 145732 121165 646668 721400 357064
885302 340381 171582 53685 740120 503802 644410 961858 988778 927365
979374 753 874022 954801 611800 941620 751314 683773 275878 89428
490055 237552 324251 653165 807849 656933 235927 646586 25400 734609
528911 433418 753384 232367 823241 643297 86730 998719 87666 304644
319157 344919 622631 332156 948155 990981 294676 749620 470191 784064
829471 554465 707134 243318 175849 246470 357679 613408 356930 972542
367485 493177 187511 878090 533473 77580 921859 386554 307369 162069
521122 794375 181942 634628 604253 217447 99107 301358 282831 193272
690914 258190 626245 560452 345079 255086 195734 469999 769048 241047
744171 933810 570694 571797 118318 916854 903816 412267 30728 607325
738259 973640 327666 203121 324661 936927 864187 509214 963219 488016
430750 694135 617688 481124 996057 830165 156305 709034 167054 553759
385957 99614 821710 915857 826131 720138 215815 639863 264349 962931
67274 970299 639906 231286 602480 820304 96012 191478 904211 285380
436463 233078 591797 628672 647578 719606 776774 668774 22696 146786
71460 707446 301013 275510 528823 476721 452342 879720 769207 271201
700090 122843 110266 186361 12704 648753 861248 523346 805009 344094
148379 745966 906683 79029 599780 908509 468586 383041 390546 283681
76209 752748 743573 511455 567947 652995 352539 878227 907475 557928
421381 435154 665801 98575 558207 481297 834524 492067 566108 596136
338859 912969 691851 305043 669790 300072 16373 971540 232481 477568
15241 53737 866938 71424 660920 468548 702098 709819 232976 720997
978231 838809 442543 458761 910390 823389 95533 125508 770152 523665
616717 459152 869332 324882 771807 598954 562079 172801 928320 273627
773867 237414 347814 238761 892647 651179 402244 973654 303209 607595
764044 151816 356353 457088 911986 142479 293806 706686 997077 461856
348070 115206 150773 827173 261558 222588 805103 566077 750432 978495
612716 915333 912958 994737 464627 544405 407910 935636 92597 501739
51166 846379 529274 94306 763243 355802 557590 866919 26134 711791
815897 826505 839575 257618 708487 865735 491110 187089 496117 661737
176607 900861 118438 985806 870038 587090 656983 862062 397823 486797
42455 196883 764887 676496 777853 325166 690790 321904 797263 224422
410984 929803 567290 910857 111335 869287 107713 651146 442332 279029
954449 866906 557352 33348 126043 428072 652046 795050 682356 924279
225501 961942 357108 272045 278324 7024 391816 254267 624466 924590
13867 864993 488459 643291 228375 936223 158741 783232 290285 967553
789695 924831 171060 493435 657476 815105 984587 862133 872744 691632
495382 570143 493837 748774 520979 64078 124087 192598 376009 119422
685532 610676 591776 478037 905088 833651 549601 9775 389667 582538
713052 522931 221367 149009 456668 714173 398777 507146 165406 917918
505678 840005 619851 174070 365523 568094 465146 9600 660257 730703
972958 344269 705212 777167 881472 754344 913797 993525 875293 238676
500424 351135 286337 41571 636797 402021 946343 722742 731674 701063
75508 824513 642196 996606 477433 328995 781662 332406 815668 576080
62228 811322 267923 613480 784692 569458 229862 279085 403277 1973
211277 113183 770632 252457 665923 420483 352176 468870 92605 112962
673176 754300 626936 679064 766138 732945 821494 16042 52463 404377
342478 501770 427224 822539 740978 219464 235503 874696 981484 890040
40710 368971 519222 246065 236293 229427 392295 588920 625509 78904
178291 257574 678237 415270 856136 182135 501553 381294 139720 729193
913399 23401 720498 415156 914693 544459 704240 506395 326447 687416
631879 862713 170450 601087 520678 496461 604268 354363 896909 495832
726378 941669 428206 230274 846451 699386 681237 61226 842603 672124
261597 354359 324217 902968 152496 672369 888075 970866 996707 600893
161336 418541 66837 578842 793812 728117 497597 444091 24143 976148
614568 83002 701370 418460 361516 207621 52720 685759 26573 164845
784482 693180 402597 29754 306677 679669 319142 661114 844837 854695
828304 125747 862286 276902 363621 765298 991320 271349 5871 944321
8983 453288 474609 280079 447259 39702 207818 970276 340766 677245
593167 446741 142729 106774 523505 56155 873764 906078 515793 732571
454323 592808 580735 973746 425058 735223 543708 548742 392372 819034
16921 813989 49949 520656 794197 684593 789174 91739 295530 321189
707962 140482 669628 733127 463346 629189 412429 720795 549034 595805
505521 134074 473689 221160 548694 611428 670216 887027 924898 66857
510858 821622 588528 111744 268672 866079 738504 19011 750678 419290
972653 941926 153645 147407 943065 124037 989119 594097 854548 987190
870865 670686 872757 564917 480165 498620 824655 979649 22871 327294
649560 977183 227970 46155 742592 800069 248557 409220 616305 731734
690323 37649 497698 643983 9189 136331 870893 895608 287996 79499
273286 820212 148546 659195 11565 603506 542828 522622 535416 332163
21176 413548 717053 840535 779733 882518 63781 317635 739909 547075
202410 345229 524737 760185 983597 637266 617716 352899 183182 775143
584910 272304 665490 430306 64549 574857 52350 733865 137794 515103
367864 988895 90333 110568 656166 697525 15225 24444 773679 606664
523607 988431 270336 11668 137692 498531 789282 60512 433470 893851
439869 391497 51135 468306 704945 279984 953328 393933 461495 797442
869545 948597 277225 162736 854856 411993 339611 490861 94837 82096
174903 315552 615248 282358 678773 957284 463154 411956 518472 706864
725803 694064 312931 52665 58321 618918 840964 117928 183397 351120
354683 889309 711791 986693 516782 715676 551607 618883 867651 635883
473033 561132 621093 437347 34590 43237 582297 988859 426879 933831
874209 69251 325839 846572 106200 976921 142358 875118 191254 254570
827476 161731 331906 754398 938769 584917 158079 700028 211436 674959
321890 444629 560562 548855 75304 770642 788814 653567 391450 293802
478831 297496 711581 256861 10218 147677 124281 435151 116953 494975
236815 783529 607728 981748 871903 127563 94358 465262 245301 528877
456159 493043 409517 687958 970528 951181 253575 49722 250144 491260
125940 98237 992808 595723 47004 659169 656960 54166 206716 706414
30215 428139 595128 963118 911899 22827 245120 559405 798400 203706
571859 682641 920533 804626 28215 70173 764499 715771 862111 42996
536061 358990 986518 318510 496633 536713 215544 886127 954533 661046
973167 522722 459119 840868 662461 14961 533646 138821 616648 469567
573386 622146 427740 241336 113744 968421 340757 311900 313185 752595
140142 130222 978848 771719 662819 758988 832284 753706 953684 975047
370543 478545 949617 212958 893396 520567 713777 800840 566899 905653
192587 560850 36091 46226 351431 663991 680716 439025 769846 528286
921554 541376 550896 206025 122163 822899 646665 794296 771689 360101
722847 373671 382357 238116 623860 481441 434706 642283 291423 231476
590741 167671 490592 22729 514931 43353 697769 482645 68177 799554
21281 697846 652408 848678 674090 595754 282362 945571 106690 24770
682795 392988 218003 303365 665233 544284 425181 869332 680439 593306
753234 818934 734438 161187 142364 832931 226926 906706 713675 746591
246985 780509 683853 733251 542186 606045 695410 562879 14960 960382
168926 622141 512428 990700 261857 659002 217658 435274 942188 411959
656344 297190 233449 787572 548318 337446 577914 552837 726757 540544
538591 935577 359408 479878 574414 584190 161801 364151 978343 979408
296083 362206 452385 686446 350001 131357 924973 380775 75709 886051
892455 962099 959068 883264 46607 137124 405074 153048 122603 568335
945272 928075 367919 563104 627202 558194 237704 187692 677924 316429
525168 966971 994453 528402 445187 178793 766417 684501 490624 366123
705295 566190 253215 922923 487131 681589 538307 539329 157886 318742
211046 605824 685240 355046 980021 866290 485954 152609 108533 992769
450166 36613 373886 927289 615865 915496 416207 58862 669269 797332
421628 652294 273396 739218 241618 969686 261468 612352 77103 444266
557090 193493 251468 91908 740117 748409 804721 604556 631056 901752
42083 204047 393473 497569 906509 739798 841628 229318 90574 590840
213732 683311 875962 549955 39823 394608 568448 652086 201262 199298
606862 354678 7425 75909 936511 187693 222302 274999 639387 244161
773094 536321 297901 197025 256414 192586 461487 189555 551500 404517
874233 876274 212338 180679 484378 940977 70390 330231 829575 701689
595904 136258 353695 393746 937668 508673 150250 583647 661340 234971
635074 293787 332974 376262 547740 232190 450453 501414 964349 874706
454663 971972 608986 388197 922853 665990 996241 931825 465904 601176
344605 923733 471890 490648 6917 591463 655797 401777 619378 780554
995342 162534 493440 351851 797269 181667 522541 312584 159301 599923
119737 884932 182911 957021 935362 888220 932167 918000 804735 11586
833675 183977 459526 864250 459060 245112 430158 505688 230825 131195
355621 255406 819499 173241 759812 721815 913259 791911 476035 717564
800102 712412 434370 952159 790476 693730 368558 341363 328139 371186
233782 186989 678145 521204 70199 440682 759872 960731 74486 239790
145429 624920 323424 160694 334572 962929 404660 241246 209768 32535
861221 666660 272352 491890 797865 266393 50538 108197 358612 29251
511868 454598 146796 109240 304460 444424 755325 315900 510238 415609
668938 533065 732254 143794 542177 739335 682054 288746 267519 279988
956356 681127 482766 284229 409997 828766 613742 348216 54924 167472
526945 329922 169743 792902 116924 469897 794438 614303 585401 802365
160282 262915 126447 363949 206316 926503 514254 862949 142552 520671
427146 83134 477828 312836 560974 830540 246650 692295 37232 466287
724274 134250 31924 888196 307942 166243 723193 955407 978100 273398
549250 466910 355196 743096 443185 448513 676926 195772 6612 953842
74847 957308 436021 543333 584497 304290 957582 520810 560257 3465
280930 904092 289567 878531 201453 468614 409066 108898 830812 258132
405487 566048 216406 64121 415384 872117 694353 758237 380859 705971
224520 9685 84709 739545 453813 57238 930233 92095 23973 391869
630784 338536 516701 653056 424780 955552 901036 566501 505671 670463
755476 737086 666107 669219 938650 25332 401284 943517 138283 490471
568914 266167 222278 602684 482977 933181 363785 739660 752726 440313
429773 108643 299096 446658 313783 951267 107645 479266 137660 163438
749766 238314 427905 773312 643811 336993 557625 667282 89803 171860
118262 427649 668972 526614 28509 900228 410750 410437 654823 585777
850886 995839 757393 479589 877095 986721 243971 787337 634996 277981
29770 7476 208219 453269 760991 116737 784369 965675 89592 661841
741156 371631 850239 697154 360530 124889 403824 192225 30755 508324
608178 44416 938940 876800 186852 121434 327460 988103 672680 301540
561131 547852 301791 310196 191357 878613 459756 125004 762851 333962
135644 894340 188768 348191 718689 183889 798694 747421 657607 480353
333466 835755 424851 545414 334482 967226 89676 155180 792135 830723
93289 378553 216220 952178 743773 774833 832424 239045 828394 693049
536105 224834 32384 262249 329422 847760 945676 832458 748950 305308
741556 576948 314507 260656 400914 962652 771466 385262 341769 349545
610766 410553 988471 212169 127869 743933 328470 509343 232775 26336
956481 902148 407715 325417 944880 830328 394203 648277 411498 527284
351179 461928 492290 322594 489133 924754 924370 573974 356323 962184
909682 856153 811238 386624 384325 447588 736966 927087 431593 660123
334100 650425 417917 10966 626266 737447 587885 945293 865310 549394
605370 183041 71774 973683 630984 510768 793073 444258 725134 947106
657560 422944 209764 495971 86196 165752 311421 824057 866614 703212
836179 897036 157747 250363 75195 991116 631299 205027 148496 941636
486767 658540 789705 741690 403675 647286 333981 673912 555448 997019
671601 223057 731716 515978 832731 72211 3620 320705 69109 564727
294078 548901 539972 714725 402139 607859 92607 239204 170499 79554
385827 726268 613104 94672 804987 325672 277697 600925 538814 981409
125230 915882 106486 740994 435494 819104 643379 509634 902503 82438
728927 515103 30531 223583 451401 217383 650213 186418 795508 984804
845020 650683 349864 802992 970987 498185 579517 411362 748135 96797
365152 899883 649260 113388 269253 99496 740757 144809 264796 427671
961780 875309 5043 949985 725193 334723 606321 954446 804156 592464
998469 377548 448165 194223 994413 73999 861775 191076 751902 287242
724748 743847 133833 119577 608378 725717 521511 512226 492748 758423
660941 910319 919346 944777 979205 208385 613682 727744 453291 12305
824108 843084 888469 409824 753819 823658 477937 254299 155764 512027
742958 246521 212384 517912 508262 536305 842818 361984 879422 931122
940887 513135 739109 7943 37252 386081 339258 880569 522691 71129
873564 604409 123502 684417 253338 37378 921249 335971 366006 304348
741527 913989 917878 481745 334136 540819 118112 135409 95560 190184
428070 42202 254266 470107 698274 672774 181391 996012 593533 331928
351435 76090 261410 935492 142939 988047 910557 809823 513710 213976
179588 43489 285136 264695 962830 243008 660353 185341 877364 726358
449173 278241 997567 553566 732267 787991 802285 176244 18857 615866
733360 217516 844367 528387 433315 955871 794295 302704 295868 813663
623502 583656 696867 202092 682322 408325 99508 918545 209481 412198
869474 951015 3369 582457 12048 906487 734156 436466 400840 789179
483211 552465 130045 878046 922166 808829 45605 954422 907842 64571
732036 385140 781379 992791 256492 50754 133579 6882 606558 826625
313049 546959 229717 530172 956510 468575 152329 283525 593324 836850
376553 814845 195975 364647 903137 996192 922596 194612 532126 834599
550182 361658 382322 364380 559298 975156 954345 120342 471574 977099
522053 516346 649583 409154 794929 484918 200123 887234 659523 558239
686625 34602 804824 333680 529127 661850 189227 354522 966760 576723
31202 862190 124345 757542 853178 65369 921956 988038 405890 635579
937134 295114 100063 318610 927949 423089 792539 880540 957701 447394
701368 270241 289529 150024 357481 29799 409020 644798 872006 765651
342006 316663 473310 184092 791339 976684 487169 186269 191980 277050
778115 341279 35355 400943 645302 983036 434177 558526 920101 631518
222511 235180 649684 8273 159087 710472 548777 382004 278399 487587
888831 309993 580271 301934 850979 613037 796170 425263 920603 531401
324279 131253 142691 920854 894535 652714 603722 557409 341060 2252
944546 371716 16484 261554 12916 23764 329978 141890 21955 499091
516899 847046 966213 330387 126006 613560 331031 241353 883754 806227
364905 74879 803736 538035 714667 965723 120343 691882 401046 3588
31938 510401 86543 184654 98191 252615 305223 929027 653054 555737
195405 912584 856274 80045 761944 54422 408534 467696 145750 268987
558666 621350 859490 772388 46757 855914 278004 716129 154484 856063
12176 824907 240259 798789 890327 618752 958822 43139 766396 980537
397930 418844 496837 35853 400338 192230 998891 892993 701689 154677
372991 941653 102921 111354 864425 556187 602161 386488 166902 970446
97949 850819 776823 158380 241106 628059 958105 376159 964973 257097
770033 108432 87710 83283 209676 604483 627259 317436 194157 963066
720915 488122 982980 59654 985999 167932 4803 112894 767703 312527
802316 59307 936483 625548 973999 173258 158025 848353 622298 483793
355645 459993 704017 461752 48879 746459 736983 571160 697583 369694
581126 226452 788647 720429 857465 30147 890914 155090 795276 408290
134645 903474 280285 173167 697308 478396 12997 467609 655889 599315
112142 473202 798601 874954 994448 955285 549435 844346 419726 189776
106572 483705 174423 917158 878078 921431 222041 687356 215034 388761
166596 238800 547791 560650 262335 615960 870285 817992 844398 207040
54525 677748 856264 865328 489438 590546 465688 872504 375200 247770
6607 708529 605595 764384 294231 928476 762859 461616 748819 13431
817861 409034 466517 163064 438345 591268 855914 879622 264870 691457
892591 180657 944433 449682 348505 121897 939873 162391 641486 329374
963042 538774 778717 377094 485247 774450 180684 610276 951223 621680
617383 645200 384583 584776 94569 308016 556498 678182 776712 644938
938758 567835 769587 721950 43520 241757 898447 94309 603182 132468
222853 600125 674711 520791 78608 306806 57547 928942 674228 953751
788736 157249 871742 259161 980424 195240 747888 200646 60569 790870
676395 616644 495847 583473 910740 72240 542924 470522 668674 228768
676483 119064 902442 55890 420785 84117 433502 306210 373832 851599
422022 758990 843301 543866 726273 943098 755078 888696 334709 853624
89963 983750 879080 650488 802500 6445 378808 95794 5884 128050
708031 869655 47983 302555 37371 736613 590216 992474 293890 422141
206875 878049 284899 806193 666910 356707 271946 461762 393079 129394
402535 477940 49381 200230 157294 203282 710522 460312 781285 401684
65998 476739 255601 634107 731365 402994 207426 240878 93957 266929
70976 24949 918703 576857 899186 38065 358491 869092 740014 55141
985936 732279 50753 205782 42841 593039 161067 294351 303688 297434
985663 432041 188783 333085 327123 788987 305305 543839 194479 541390
565772 667128 771980 927081 281615 391664 38288 572338 699338 962918
302474 283895 241074 161828 261383 526977 12653 561311 178634 443782
30429 234930 396665 907354 421841 599632 826493 726904 69366 656187
374285 738913 721654 703197 365 513992 530311 645462 454094 509319
162669 457317 649683 804635 137168 104134 366445 41825 168884 905735
531486 713209 996358 899995 131301 189401 631001 411579 940650 619225
699845 296730 295776 77876 791297 351959 583579 927629 196849 420598
698449 958537 408703 901176 51641 537012 914787 946069 524666 95265
491372 383493 157922 836252 156435 446669 972794 288036 525842 205966
144240 222218 944696 335123 525252 116989 696860 73522 787854 503280
562323 507699 332365 111997 468515 445309 9519 868250 285353 823543
179195 998964 428933 661168 520327 596075 361775 638239 577295 115985
543418 524134 522237 205499 377602 672988 697710 564653 901337 154420
316 928993 849379 780412 738949 633157 179402 512439 789890 158162
346010 767993 33467 345456 197650 61020 746351 537781 949441 476148
615394 540397 865992 261062 67408 154828 123398 773689 236360 377815
445786 678278 833054 494885 51604 709031 601094 392453 709944 518221
246741 223867 28239 840974 310662 361773 138884 41733 690523 898972
704031 956352 104326 872518 605970 761727 910026 905753 198344 890852
377159 716880 262500 724665 161801 50732 466335 123297 863941 121894
204788 518649 826112 811710 265024 200070 668432 153796 67942 30857
119457 341331 298317 474073 441407 814186 474742 460816 578075 618640
99803 919623 183751 64772 801010 216664 268502 994089 405423 918132
922069 9915 286075 768144 55045 208582 257408 897139 261231 879404
144556 556928 771943 588893 85338 129315 344021 46392 751912 858770
900443 617116 398221 718382 644754 765115 546668 773602 375734 841824
820139 63919 904066 644906 717997 916965 948764 608363 454028 348668
651295 874912 842725 477213 368923 226689 361774 449968 103355 342540
140451 893908 174520 172539 2840 676236 183818 412919 591098 127765
328706 13894 212159 382636 401481 238892 954858 167485 591385 301665
556868 281060 936846 866136 19694 286170 591618 80229 993224 931040
198508 363444 998743 6290 562737 686209 22966 271197 649478 735357
782643 530666 478222 376138 959163 160042 664589 429948 100513 415626
927728 898752 372845 656199 788583 895375 922963 437782 830899 663499
147814 929989 781277 590553 252433 947414 132627 546307 812668 54862
608637 101621 695753 985079 438154 574854 623341 184385 433056 223005
649942 970399 133002 505077 90002 354347 932236 867102 993627 348413
284155 594904 57305 186803 811575 21775 853510 994234 95033 18354
946017 653954 707694 537369 29564 255817 386913 933700 290060 807231
373987 495535 892563 621242 238167 469870 95854 671387 289162 490637
891271 76101 908810 697169 341803 848367 706375 644760 747683 752288
579613 153274 789173 708529 557867 962371 675535 404022 473557 567668
778253 960103 298377 892688 142701 957747 196957 835840 938816 472047
450459 948101 199269 487508 830881 685101 703752 290357 620090 390325
915806 912135 536570 578378 958984 928368 708490 213846 406570 985066
350970 179102 841660 39341 115041 163963 178784 467128 647214 435871
599161 364752 467409 169093 450778 193618 663484 72065 596968 243620
593354 365599 761181 882548 709687 542011 534850 738301 946761 52108
103033 265389 861890 144861 958980 170884 958029 817391 264403 645742
419406 836043 126592 619337 497905 978329 38210 991539 339295 774831
696901 406878 23684 517304 447873 814656 675770 297983 746845 574384
111063 308207 347277 318847 13762 21247 458283 763718 889632 663683
793388 939532 461347 58876 106077 797398 996036 923327 336565 345320
521508 304019 826399 920753 892044 488052 206189 369582 88816 165937
567118 240803 519160 755375 852579 564161 982225 758657 952146 470353
853677 448334 817725 390445 415045 932306 565757 581689 351281 379771
68084 105760 682871 563453 194136 221246 135805 529064 451254 507483
818586 631523 550079 353576 337969 834790 789232 76307 967681 111537
866951 517497 911257 2430 79272 604075 685021 517643 982868 377740
408273 75204 120810 565310 703463 492305 730005 795495 173808 318046
10275 880699 826443 8210 500968 438540 777960 830653 499549 471373
202254 849860 382617 753487 71118 575067 799765 963790 377954 170009
326008 619892 187604 193922 20492 181267 332381 294121 291759 625423
50100 936538 916099 722108 578857 69483 470938 700742 250839 143127
914295 166237 14724 193650 769201 217626 845908 460475 300104 795195
450705 822537 18626 983203 12811 542545 100432 240652 125610 394492
283906 401414 978268 213406 318112 376829 255826 428292 760147 685231
790984 244171 153413 41886 71394 31231 509265 496583 762070 839489
702155 827364 994587 327699 529240 723088 582979 999921 444782 139108
363396 957392 778781 51109 39758 191127 109964 957562 280724 346387
597144 337398 506897 498391 411777 988968 231041 876765 375288 278485
912837 446912 316051 704219 640940 107872 740467 548358 110014 29370
874054 926906 82031 333467 949918 208706 523054 554103 856800 581234
657455 714736 899357 280573 939715 328460 24521 779415 326570 675148
285091 572434 780954 548839 357742 73983 554585 346059 530428 758543
85994 862808 469194 250947 658137 208626 292344 771445 312758 123282
854526 944188 74789 504857 916451 39808 710739 984869 649253 870781
161762 709907 96192 298848 430009 479845 516669 177532 700513 627656
535627 518763 302058 802903 671625 109797 946895 17653 658562 903313
742145 190577 759407 577615 925254 275918 90913 369801 288515 650048
681053 632738 500464 938433 713128 865784 2284 196732 793855 294524
282742 791451 916621 6973 309906 174687 639448 646454 555122 271900
561111 355958 103270 67438 377628 221880 747734 796170 372663 897787
531011 437315 833247 477080 40704 367658 67075 98799 518998 518821
517849 472290 577793 85977 393701 596076 505218 797001 256819 965468
588635 119332 613713 499386 391675 657670 341113 853587 720260 702647
142277 239332 858538 39185 438661 434312 643893 447307 313976 154414
76192 451862 657276 188456 263951 161656 725356 468546 673555 262882
278647 571947 828541 722105 669543 857590 292362 205412 947636 99462
679092 763700 320487 602310 133510 210912 874691 594784 62072 487215
5328 575108 780118 636714 625761 758452 747561 988284 251005 652447
966145 723313 987808 131460 142607 507864 529892 560079 188324 134292
153181 518456 596704 632745 564475 962553 10051 405709 11974 793982
516645 97810 369771 667956 190014 18600 643969 933558 792230 600252
577609 238955 810042 596797 905830 623015 723653 859138 751010 654713
123250 874676 479933 260457 635478 410773 250730 924230 173289 162922
531240 416639 592375 236014 447550 94747 733163 879300 186420 48050
335899 593397 84972 208418 977911 31068 850870 225765 340430 381607
279048 722469 344479 675602 217626 656919 917209 230470 56644 473212
616516 581910 121604 832674 13771 55507 661148 490882 608364 673057
301939 602025 171257 349753 822614 336840 556384 282825 88122 18901
86489 415474 928259 383754 329797 657897 63560 789624 659516 257566
915692 534450 478153 554661 886027 560842 738767 722107 844141 270641
206345 559328 350649 785184 776068 358513 256186 281477 182492 672916
538603 304637 832838 528537 337374 777863 494403 794018 344328 39684
206608 149931 786146 201366 755482 737143 734277 8791 799142 169160
312679 263710 798404 592101 687690 486829 857197 307935 144839 9517
195208 332202 410293 507021 581273 246532 345646 926535 294434 50648
162577 478234 696201 399382 218421 676283 957129 279510 455853 366128
446636 643639 414414 875956 383812 628594 240569 923484 896379 648826
970257 966120 943414 671192 187822 416599 717105 966444 677339 111524
916468 523734 782102 528636 841171 739090 726991 851505 910572 997514
52793 557580 13014 413881 869971 641596 929232 185298 151493 749692
84059 425517 46269 435362 580958 570584 590557 376611 267480 666766
14097 6053 472505 737586 771988 191829 300881 643457 96245 886529
993548 342623 947325 961449 932353 630782 965752 715825 94512 361008
611145 598012 716197 441600 6186 659738 348631 453610 213506 829041
55452 33764 448049 212277 299381 548237 389801 953137 688074 48753
584106 40772 686757 377381 408267 338737 264175 776916 850916 555519
991358 3501 132760 648272 354231 771899 466114 708850 709497 487850
860009 30594 199504 879147 965017 990944 955008 73259 143557 246413
320871 731083 931785 538345 611649 275088 553034 386532 816869 783656
984107 207313 660048 395902 214992 201570 847557 420351 665681 122274
230287 410154 511329 791652 748909 733224 90903 762428 266680 966493
951851 254416 306412 614349 869193 489727 227596 484869 620753 564808
836255 257654 751972 563578 938452 484938 367023 499076 181619 118645
479759 37407 700784 55333 503384 91040 387214 568539 573074 363362
937902 927345 432801 924198 286219 641770 593576 70415 752675 277648
960708 649541 425782 92454 468379 783681 201148 323689 943412 274203
148822 4988 530797 348485 458398 75214 630952 77624 72135 638835
979133 726148 859229 193597 827076 382717 398487 51172 630022 782573
626760 423551 135419 400896 741526 714771 957159 154539 682705 511179
504069 203670 141062 156016 731523 145804 168492 862226 927314 856130
909800 917210 597854 750406 113251 869908 198243 498118 164058 502924
703362 169274 476910 183750 233299 784136 859811 234345 952102 329651
758754 829453 55337 810042 653654 395233 219992 639320 537888 310061
512355 673346 919847 176073 676263 811652 354197 657478 218219 506136
505825 499631 765914 576142 352985 282899 376641 137814 295268 288644
466960 951206 97121 983999 968816 143334 188611 33047 948393 289378
186717 504708 274952 53894 341111 15333 698596 430291 152355 764040
711730 47325 345689 85625 669218 9030 467385 582042 403489 730492
236362 243229 633696 932559 606147 721917 987198 216463 514417 504187
962751 39289 476814 153214 311376 630090 268710 847844 612092 953805
952533 392565 780880 96311 625529 491423 655020 343268 994937 511774
424761 293661 933103 588862 312543 447272 168695 548516 603403 775950
63267 444629 423738 907285 327818 783273 658784 343129 28308 752344
285903 646147 937820 986470 232674 71653 389467 789724 555461 474398
942923 389445 199320 613190 441388 728729 263855 446822 514612 103619
311465 790423 731833 514263 358064 947301 711307 914856 336842 169637
260442 168674 836470 865290 741590 675037 238812 728016 28665 112117
923604 845198 373235 538812 126821 96102 270780 807779 882050 25040
346541 34712 153693 465543 14412 638411 271952 314406 248292 952219
988814 301030 620824 738672 55274 6388 901297 218080 172467 746996
600428 777275 409641 859218 974337 931680 781183 451615 198138 86634
225421 298236 116373 563762 884440 985725 351855 511294 954610 385964
445699 259282 978459 86096 677662 239609 388761 603588 285053 405038
786532 818013 187401 728983 418465 914185 909894 353756 769344 300589
965421 594229 498737 45943 470008 443348 944386 508038 758730 812124
913235 227941 840629 682123 420295 186219 669459 900400 455171 594647
57278 535815 556945 450706 568793 193300 615847 462175 175284 299958
66608 932560 78771 906316 676886 35772 738707 397613 165145 841792
730577 493594 941118 521454 781374 141445 710959 809661 426202 650143
767148 813274 418132 559726 260663 443395 849797 738132 233849 207961
604042 699360 404639 932422 762664 525803 331471 19752 463474 564132
68896 135253 186056 746732 5507 248752 569705 169110 816336 606865
972732 257211 241723 890100 830274 161469 585566 668242 66248 722064
444623 135054 441199 186109 331529 540629 726982 723765 820261 823971
271336 863260 292724 630439 335665 411304 634723 993903 973235 510679
844864 297279 39803 360420 525456 918907 926226 40939 807847 456457
373881 612688 990334 846658 592798 667600 906776 518821 445837 332386
127257 833590 673729 202457 719179 928080 197517 878897 826851 281190
357265 718673 1813 43170 973050 834324 755742 687617 40791 338488
893945 193988 926540 567244 288479 974243 968512 418839 738306 99573
420965 866665 684726 569034 126478 152798 120103 253372 467943 2067
709098 626359 345002 293846 929540 225008 910328 292980 512920 53543
268173 727518 97952 9592 338204 365144 791071 10012 239561 585132
708032 554229 601045 292655 860007 365117 757295 916697 880047 708886
52101 332929 231013 284784 308854 899809 901747 356173 105060 39326
493630 228907 321597 9189 557209 76734 167895 313954 154448 953251
585320 106854 67210 488147 342978 600284 867972 269957 676771 718808
142865 882497 643143 857054 994666 425614 273477 217023 351800 184803
847130 574052 638033 547684 82594 288458 933944 938164 91243 227269
899381 948170 196891 621853 337760 401424 451759 218885 605944 431736
3499 294521 14834 564090 396224 88863 367503 625616 546510 818713
297831 27303 104928 485059 522095 975440 991418 545142 796908 370623
275889 945172 440703 874733 253966 489875 268782 381976 898741 511079
289216 748802 990362 268684 270046 761121 248859 988197 850688 955400
489535 228481 911984 345105 751762 55890 63635 909874 555937 619176
473018 293012 965698 734647 57844 814415 421485 582297 62403 95679
254195 641036 130338 627520 807717 667031 240756 69923 481102 983036
900519 605343 705995 25778 656512 321329 968186 106520 631056 269114
701516 266893 964741 717571 769121 760772 337318 784776 791613 738096
318203 64823 968120 799902 930271 810297 784758 249081 206706 729465
927925 320742 301227 477765 447873 905921 257803 720172 710889 864329
934131 400232 621744 164872 439083 866667 411469 768650 479221 774712
259432 820144 813930 620178 798371 948842 941055 692080 445884 398313
446778 864103 774251 366663 363597 789906 113230 589920 634675 854517
79627 98775 125941 924709 736920 606703 655124 808178 715788 519369
37860 572220 972728 76248 946606 380037 584384 245201 420243 92875
899512 232263 261746 247851 511522 863186 373504 889748 580447 571948
747073 846980 411679 395557 3879 732805 583383 984613 112785 852237
539994 477696 348755 996666 943083 995530 287051 253854 181803 959777
496053 246196 96232 486154 152772 312977 968105 126296 665146 61745
62181 897340 635883 114184 841997 55932 51233 569769 110791 137748
385450 443827 979097 721747 547323 109572 167852 180410 240516 115551
899847 324334 426747 254685 211463 512216 819874 70781 89810 951554
967299 755088 361972 458870 537115 590576 777384 63799 143482 423546
870885 602057 761250 432048 66022 986423 251914 753445 870534 443992
223070 30592 83281 1778 503372 558113 856745 28434 618354 793322
578408 192067 875070 761762 479241 593120 35336 445612 601038 307913
955238 686306 652268 174206 670831 987136 802835 415914 657598 661481
173815 516783 916715 50705 133302 149961 464523 981078 41860 821120
537225 398581 428328 467471 417857 556064 753664 455904 856428 888673
235175 705179 882293 481369 253105 693965 127019 648397 936560 634457
123338 174494 663225 168051 79742 169292 919300 835946 694239 215969
490630 625154 130183 452068 492598 894397 796802 504309 556282 791851
325383 31798 717382 113136 409250 685592 142589 277030 810532 903377
787103 511620 768100 663240 451223 645372 65618 5656 968469 351606
472860 62691 391315 27435 909437 727673 753816 973290 790500 996032
137866 488307 365160 969649 996625 136860 662271 22475 476147 634932
959385 903736 74031 529935 885665 708520 24577 123407 312806 785867
989442 347613 681022 744697 562485 55387 902015 954827 788418 716714
132244 334202 349748 630612 97836 19148 731771 913885 888538 120510
755090 447968 494877 153739 51102 878044 24515 732546 289698 672040
623462 899385 684901 64037 620558 738215 311034 343990 66053 483659
39268 401138 709936 1289 169209 180091 863330 96615 258029 135260
105156 327878 37742 340614 109414 314677 195177 671223 211851 998589
888766 102384 337728 655855 446509 224752 877950 993490 468353 684256
268540 565227 997956 113438 566189 319903 453959 135116 688439 876042
526473 734384 391498 908643 847113 981452 511967 607772 841154 206275
767506 471235 13258 827725 487624 184786 943868 794555 969191 396749
552343 515455 281219 408435 95473 893634 405832 687608 50654 46627
57092 724860 813384 253479 556835 848070 500481 559179 462686 887982
770977 91070 889184 350733 791705 434971 176542 61793 595698 908035
391716 562305 78318 859811 474705 437121 745699 396747 211651 482164
29450 150154 703966 378393 239770 516271 422563 372998 900874 810392
971467 244652 205126 628915 498060 919273 533058 917670 742093 847068
462094 582541 643975 762356 955293 640898 890341 797968 30001 95059
885025 391377 609235 208949 37996 322079 975732 318651 82826 154637
634399 309442 852286 1975 422440 122598 639164 126961 942819 38025
628073 95828 410003 578381 530705 731612 643406 30316 284807 790315
381230 425819 697478 580090 951679 212276 482435 721770 610818 482581
972132 908122 368284 389178 810390 596350 207523 194316 918866 903034
813926 112041 503162 868619 392828 926271 829489 97640 730955 171776
362699 665489 724005 357919 515430 586071 483096 135643 451325 589532
471451 969858 278680 323566 477606 400130 414269 330327 888397 737739
648294 985636 865745 601847 233231 79568 697575 239624 487585 307142
784362 326257 313986 640366 223630 625414 826405 163756 144288 920581
686229 181766 901522 597358 838897 123212 932947 185497 976784 660820
254571 903160 567077 59747 195866 314390 789534 708496 183056 204849
938299 538483 843604 378223 478706 571611 956659 890186 482484 415469
26298 288516 813154 277041 307651 76549 814845 601316 381600 520443
259818 540351 554129 616550 868314 796812 231787 285765 471059 920307
403317 817442 140034 730381 790842 443044 64883 172585 433845 971315
368677 248016 128917 450669 405958 538728 947585 473516 146359 875325
359222 729447 872961 72952 805264 744186 10133 652246 967511 152525
719981 373679 341573 183788 943623 878417 503383 787045 228490 209230
266166 772968 850908 470625 83033 136436 502847 874150 341721 414036
307250 136625 338785 515105 681928 213351 462244 430458 864685 834703
680661 540952 642012 937286 506131 743367 630953 597139 25490 27820
341442 476210 967321 966314 675281 147668 936731 1479 769669 938038
694036 127108 863438 416912 507951 350821 535328 307668 584605 128405
433305 768465 491891 257550 309350 221755 871696 530303 199055 504234
620342 829458 134325 481283 405080 271109 735007 77311 38657 269775
789278 496028 349006 234561 718312 601967 158586 372289 510167 253360
986969 895598 46393 134085 573670 810783 352813 968450 767617 579244
341994 324706 711939 942418 100771 516465 528459 599140 366877 59621
478426 223185 128887 481240 46135 216173 124434 435713 361249 245727
811863 390149 467208 196907 27629 179346 950340 126769 75608 611976
161565 511678 257900 149130 624902 364452 320332 939265 857470 834801
263311 883868 827861 917741 646071 132570 307245 766619 905943 95704
834849 213765 955331 802997 38459 158877 976537 416771 676397 281736
730934 752471 53 315037 621859 949795 499811 19918 21917 303125
184375 713951 812552 331937 555956 892381 100115 819090 777706 136668
685036 436729 155082 835791 974556 336766 259422 302103 421727 618735
850945 179000 820043 434728 739395 339103 265464 402411 164180 303554
754856 77975 251210 274495 891228 985381 274419 145730 667621 372222
449897 802498 499224 408378 708555 233096 357250 803758 547368 854399
554989 306597 714347 710392 668273 749150 19371 591260 797864 328954
21747 350980 803217 621794 770869 939645 325694 860559 639069 37974
968233 578497 706342 879523 517653 680432 440543 544298 425117 969933
166888 517937 496956 978537 756903 404712 880961 822828 471633 376108
176526 54613 904030 170384 914731 204802 839690 712878 624167 25812
494015 497523 957627 411366 28620 337109 39426 620542 859869 418139
494868 419802 74927 944064 69119 594183 666684 580432 759052 296201
526558 322288 446322 192916 12007 13530 34776 149044 296348 448184
67383 188492 503704 249209 475002 58957 119796 757280 596649 32189
646816 976626 910832 383356 36681 79051 810769 583820 300776 801066
860331 984297 299437 996331 805120 365765 624158 2101 530065 99634
127873 772129 211749 523325 869368 444920 513427 453497 953197 313191
429856 850702 730048 88140 420444 712642 384441 830726 45708 689926
365373 272399 932116 685936 420129 368161 338281 134316 646840 95571
291846 442197 942401 51696 95840 138117 425404 652071 54114 52933
704263 643968 374531 555038 515968 636032 529606 549122 50383 155010
665685 147623 790042 17798 901201 365028 669009 872072 50414 816163
304597 115176 365023 230910 959146 314559 736478 423446 999355 586390
275232 877857 368252 964727 63230 302240 203894 482278 535335 78142
82878 935246 392892 463974 187525 661322 589839 520768 982400 334281
946863 975122 127110 971502 254790 638607 467581 576879 525262 605078
348491 176536 467911 467940 534724 403948 919240 999444 105274 719937
386813 128120 266083 912344 98117 374049 788622 59429 590277 958713
220635 159925 302506 88359 733656 915391 490468 784921 246698 285048
396861 870954 72497 378163 435847 119137 888895 388119 180628 252395
355683 719264 158985 340770 165095 798559 942480 315121 524889 608330
288506 331837 658850 295758 308249 2662 801406 510479 662396 245990
790122 528765 654132 881776 593405 284633 616098 526003 664515 707418
207409 949627 858282 980845 538770 711848 872492 656408 607931 816657
127824 463004 43208 138914 593498 190669 775806 142048 637459 873695
560352 580294 595759 506148 172573 545916 308878 976135 245372 468645
467302 905585 665779 149219 56141 415855 733820 812222 207175 359477
160663 408464 624985 221504 460261 197617 803823 339251 353435 954417
595558 52161 132752 810094 561557 14819 710109 263365 319107 671115
877730 716020 466252 691477 142128 932840 988649 867353 87221 753394
11525 342369 333662 420872 490397 885797 706246 297745 222326 966088
723396 792832 808095 16186 478376 510919 373280 788187 498919 891027
288116 48820 912842 679206 504978 543734 399397 809114 258266 802416
435484 823227 697419 503667 780496 813361 169860 153290 33023 414264
930924 179652 795499 337757 383599 16026 730211 897602 959529 898382
766223 589436 115155 218402 873559 742943 364241 968713 568877 519339
26619 296379 769434 778086 276214 23390 88300 791755 717751 993979
446666 186475 144949 709512 12113 814436 520601 336600 456178 26334
814890 220447 976455 176698 322652 446756 238403 790998 753079 780277
324421 484490 169828 440000 438524 198109 655688 156588 45204 284368
646639 990344 818350 279735 416442 182695 310245 805455 762112 963483
631622 769985 702513 66456 49832 331053 39098 680151 500538 813553
797247 49632 877385 631495 381333 20043 6921 409936 757412 661874
940094 437563 591775 144066 539594 900924 101150 878551 217764 42761
165609 151756 452303 417309 854719 627850 341350 716982 147466 385510
847768 18989 665391 648100 551108 702779 94006 604958 481901 431116
364210 772658 145 821709 483045 620728 781007 781548 761906 446640
586994 9728 623658 662550 613696 263596 564663 788996 492710 9663
29470 654096 193114 964955 450090 347833 840599 372515 805629 50283
379215 647947 286467 652931 878699 901988 440821 23533 443626 879081
116186 602990 426940 69555 46169 118526 743242 298057 787704 570063
225769 971712 875223 34478 255946 809842 923754 270725 837207 166220
981322 614448 720315 41006 549330 475505 643765 147673 536992 369601
652670 434628 618035 808219 139358 324572 698915 59903 101898 106959
759425 213010 104625 462800 621422 784062 976292 374421 929840 986118
443673 191850 267619 185153 98170 779162 406193 655084 649131 407169
761623 146664 77474 206441 310455 306076 330346 647275 267652 267183
196928 853845 106886 232387 735602 748418 218568 990286 281766 911972
78950 105523 494650 963911 856321 679721 522913 250923 59830 429352
591105 181865 493758 490924 657164 944245 638855 710758 284773 744562
292431 493971 774496 405248 146826 42821 197284 396697 555311 450834
758590 848192 997459 489462 688196 369470 991892 700100 128039 776416
940561 64537 891812 783229 965458 643083 843423 597179 755827 541882
209396 259776 427631 441111 531127 960537 363871 150972 356314 273329
492949 157457 549778 767842 409075 276388 585349 511822 885277 943980
145753 419411 493055 849285 71441 789891 964431 301261 502215 69714
3323 573039 619642 729946 72695 852619 724694 701939 474643 81183
581515 426312 604656 436069 344126 527629 621701 59709 398466 317809
705882 986469 85919 536325 994619 522107 961156 717886 261039 800156
390357 54601 687114 916663 986115 334106 774737 638794 528030 25915
500171 504543 952025 198170 943559 157969 938236 121473 146299 543997
537235 348775 827360 161877 689663 749930 351151 515795 404472 349196
582670 843731 296129 66213 614281 332590 361189 176261 134451 872497
91411 397822 347195 591074 897854 15648 355773 95110 613985 301027
551248 373703 304830 90211 908531 862330 497375 281064 709926 209661
8377 275480 857526 444545 336304 927053 555009 73920 165490 524204
745117 729379 550397 922700 548663 329033 107164 384770 454126 493231
602201 146481 578406 247450 444914 971104 996495 475702 614330 844004
919018 992227 424359 267792 903494 929533 863438 760650 828081 535595
331750 961499 899057 530542 620406 564752 72965 169807 248510 277625
247721 6519 982728 669597 616346 423953 12188 14029 530865 21070
822890 28670 7258 689031 290830 826061 895343 404379 130665 325742
324538 338657 494490 670657 275137 831649 517747 336857 21812 623104
407140 864103 650778 824357 743907 99966 958666 270299 748176 872154
437652 789081 816608 602492 641658 791297 948379 988453 596798 222321
954366 195576 183098 288548 14697 864267 246456 777651 872966 681623
356214 278719 335783 329485 743842 10571 740556 100405 708675 911317
684838 600102 784517 825016 818731 750452 865581 203630 539524 333443
596012 172501 5628 990784 659076 389518 839826 944164 749219 610542
279584 683111 237818 185936 464979 555325 844444 168437 814516 562622
660024 724378 358351 44780 398873 368630 673001 414207 421296 853313
81856 56010 582450 484014 442455 326086 717385 213055 748189 896038
839756 126110 87423 955771 99545 507486 843041 939308 336599 866677
465779 660069 543650 223602 687645 50834 220075 335732 949724 820567
728532 525332 179929 91288 967486 416633 629254 645193 457935 638764
671287 102836 735812 217606 440713 408853 822632 309621 482450 526439
201504 635856 382123 134252 961759 801734 378705 853704 639460 530063
167012 381776 433826 119242 293249 646109 42978 347160 138312 902943
347093 294685 431581 788141 212879 155395 841618 987439 989381 745428
825095 110190 60436 548987 869028 570541 439095 571108 103173 169665
83499 205578 733527 513210 716000 63277 935978 372799 702946 205366
80138 897587 369289 922766 670420 50662 105096 730768 880831 683571
281869 263941 941571 896391 921072 128620 957168 305177 772820 541754
463719 508258 62520 320197 290618 910069 961720 391334 74861 478171
406957 72720 983782 508294 901378 510576 493073 715988 386579 184865
666989 932898 265572 609934 537330 653133 649815 176711 606065 789897
550318 596864 475482 161543 632491 207274 45341 975661 563558 78881
590656 919163 62013 592197 567985 1742 537050 16774 250650 234958
990462 536403 442569 801353 599450 211126 723419 613269 532641 661897
960277 262032 628008 224070 930000 53788 672125 587988 403983 263463
737273 758095 384401 667605 713484 758219 146874 381537 225013 386242
599775 819107 992711 523508 701572 551185 144659 297931 624786 595887
237295 10134 598793 682511 370191 417254 331026 818995 681783 328301
683386 915535 152211 941585 896312 959550 949850 513832 46941 813308
593003 242529 987783 728603 683870 279330 921817 871636 636225 75250
851365 429546 628976 505562 895777 278429 190247 474146 395775 796306
726870 662414 371730 313066 568143 628028 591907 326807 977138 642048
310548 141518 428416 987313 483536 2013 742098 85742 11228 903000
96067 7513 308916 858152 694478 145292 591663 394772 992321 918832
926687 224706 97210 957313 195479 622416 760324 632758 151422 189032
203937 655017 97653 348805 298935 758786 189170 342509 113289 388085
760615 812908 540703 230228 271755 595830 140670 258583 478198 602097
321217 200508 41803 50087 433193 289328 158699 648075 170500 578998
703997 5725 683963 410472 899809 395010 489077 93699 535262 289486
740843 496177 11971 622315 619554 884478 74356 908198 224941 553840
525184 488068 133390 395126 603184 475930 149117 107056 140255 221201
518379 293159 552292 989313 996272 662878 51211 499740 98952 860192
637475 952235 293798 266202 479945 203967 630539 452240 749118 624270
478658 936313 872965 789987 509205 143344 160744 529938 542911 963771
197044 850873 400324 539635 539013 193296 865490 530998 78286 572428
147556 693837 310447 734717 171303 96180 373256 608660 532944 256833
885510 107254 147550 190566 267484 462688 733765 505106 907220 818327
165753 440147 515963 785421 868368 222318 478330 685803 270088 426462
559536 835934 89188 746508 107316 360330 823728 559865 793315 16976
478534 667849 789208 657028 916615 347847 953814 469476 871604 637887
465579 375183 560157 357314 107278 106839 427353 991325 909790 555910
344938 302520 368696 770660 214725 820457 262567 699876 587051 215461
273385 386038 564365 954896 595908 735988 508388 534600 660459 497743
492656 616043 94095 259843 553929 628780 221061 451251 428066 675029
895126 324711 75182 207598 774220 374430 708696 659499 998944 507502
603111 918521 205337 942284 236769 69606 662588 308123 361744 507937
526845 268050 423556 782132 870543 819834 726162 976380 151298 239127
641067 88530 909873 85853 96053 634548 829922 388606 217002 489600
266851 133884 349780 790508 558406 723061 936411 579606 646332 698506
407312 272210 10157 174966 435738 240077 762151 496637 44345 623116
702205 558168 121065 941004 78794 395111 144832 539143 559469 179596
932155 216133 718120 463724 206841 946708 873601 412538 849720 105159
622525 944244 70594 721263 421367 432612 954301 782428 230896 682183
376746 568708 392463 495942 370173 154187 885947 34857 328952 450837
294895 723308 475689 573346 685404 922878 195650 320498 642371 239428
528640 972545 676975 976065 858983 89503 311364 221672 906911 500051
493306 292323 158164 28531 686783 891433 22367 788146 303403 218979
384689 732795 21790 395685 47366 122057 438377 342500 820244 835789
682847 122697 847571 468719 774629 304028 182288 302830 724213 25390
590224 613594 885095 282017 251914 21904 521363 126543 323206 747601
987672 232509 824067 286050 204960 497064 927966 967015 931179 95905
75750 899272 433118 641701 595451 884777 800102 841245 905951 871316
866215 375033 263761 427150 372780 909262 555516 966767 48556 601251
972966 603403 493262 720649 261961 518705 430792 924157 368685 327049
767852 87260 774505 269291 214416 109984 396526 507517 576785 648463
39767 765712 253922 10002 642444 228355 982472 848177 296761 559844
350455 376842 871 608414 975273 305238 316667 607486 49875 941349
161196 23949 948331 768970 716057 403112 379217 476692 676645 866941
139551 789960 675753 484378 842050 634910 127420 397712 493665 500182
880353 826815 301182 440270 279528 536054 855196 506316 176586 5770
759307 792437 847053 527009 489891 456220 231264 159746 793514 290127
550648 655248 737573 223232 258036 93793 996891 91218 385545 475874
742276 492400 736730 17516 745586 877154 859142 106064 533549 951594
496673 505211 740675 326511 542656 438237 89108 106098 911958 294366
128044 647738 758987 30810 453129 246178 252508 981722 694275 33757
871035 434453 48036 341769 466019 541847 627122 988386 389138 813235
100851 772154 353827 115120 447028 938093 831068 16706 809050 937710
954299 217019 209360 87953 759878 189760 275027 784946 804300 133334
375919 132799 883105 870449 376306 776884 328439 231694 725252 845744
775459 516193 882026 27665 864606 240682 81978 688816 958012 506170
762799 667401 179379 393370 758250 415777 738060 587888 140055 265579
215377 636858 778380 602177 705096 300332 277868 390707 469682 123065
919104 992098 829570 325153 306931 795377 298173 374860 551612 185047
37754 926320 787951 563408 884100 278457 765542 275604 263812 19640
178146 135184 628789 913525 856188 406966 213968 213299 386528 952421
931732 103398 981363 565177 730682 421624 307364 686651 403953 126409
633420 103161 905892 48550 301952 768507 360290 124281 304588 123322
277 63506 543744 389730 787424 302939 570696 338165 534936 775822
577146 536085 698839 438841 297471 434826 283658 484506 717037 719481
554185 662845 700812 721995 152650 973114 764 532196 300499 741146
421861 510838 665363 660620 739981 550082 289415 840705 203944 599320
637856 469199 140303 980773 381387 737901 219170 751653 497353 81821
330404 683063 564291 335462 625507 697990 836698 538766 992187 817163
5425 682715 922304 721159 34962 38571 139101 267555 795191 995091
139545 103219 331135 596703 928194 886950 309522 494616 160872 62189
871021 755538 243063 687430 105354 26180 328967 494863 724132 633521
463097 31005 317602 752186 183175 673589 489362 683191 122832 260315
943661 584768 878836 739080 850642 257239 933177 764947 313546 623109
758650 820390 616061 887568 17394 370075 7930 680614 128173 78316
185733 120491 323987 624572 45457 135023 820608 517767 192740 311133
661084 422454 622146 136908 578830 938024 358275 444257 914224 674488
998268 275390 62908 85433 335880 106944 950543 743947 504676 535696
734695 282292 426724 304717 706112 190523 904645 73233 41139 756308
808288 905784 346615 191999 659447 698988 5187 763040 569055 461557
870730 732585 767868 944603 32850 944511 929836 877551 822 244879
755043 274052 132701 314140 161505 911837 273525 122421 610382 905410
467365 664309 226604 678052 423192 527486 848368 790956 769308 687887
215923 109845 221653 909191 912135 492209 797561 864698 9492 12856
457575 171421 215749 384120 790004 119934 376342 823805 238819 397022
456909 449961 625970 168418 447730 308065 882643 560367 209006 335913
391280 691363 590937 732021 24859 32346 182365 990956 450093 87855
665399 937301 704072 834710 678927 971183 34697 7886 205164 874137
302391 863193 460071 231663 64211 674983 395384 936829 900398 508862
987470 946082 950946 763862 225189 483747 743372 421578 787188 100695
696828 267125 555767 47790 772778 293452 302297 725649 588580 140785
640638 672860 787485 366406 151556 172707 957890 644192 450645 387177
751408 534557 71382 102192 687835 408551 701775 478110 840518 580897
183354 450462 556902 308643 317537 572287 123350 841440 884382 545930
286124 708334 384088 582653 620981 980969 299417 540998 374458 668102
112587 739253 924502 941937 452292 77402 577653 279806 510993 909779
910269 162062 297726 405753 489584 631180 32005 327995 849009 150604
473133 248580 954393 617699 168068 787888 94598 645751 583934 167265
456941 833437 553816 314708 546026 280636 782637 95350 455416 472022
133244 416403 561376 811994 255869 894416 337573 347031 984879 926457
864962 528228 107834 264930 503433 798004 836967 839595 129904 16227
17372 456107 95899 789146 182498 945957 776222 537069 438641 821703
296398 752979 339872 594765 172949 982228 751823 100800 185477 326323
18571 540140 706608 451580 563532 137576 238055 885780 837132 952852
231626 991935 865881 717215 214581 26050 20672 869346 319039 70104
831380 831732 220989 242196 211246 991436 887982 351652 988097 170594
380812 810734 963036 879259 16400 29256 288675 984623 134701 848132
176406 878521 983278 294574 997866 167584 974883 423302 240529 268802
10761 47192 970333 938802 30922 102106 995285 536260 156386 671574
326789 368305 408897 103560 637846 72403 316933 922231 885456 406402
778289 816269 640343 604377 962744 415570 415514 475299 870503 766709
901451 217238 334083 6581 508849 329287 202875 737955 788814 612535
739567 115495 476187 676616 131705 786067 497570 142025 211103 295522
864696 407503 479419 431326 878101 766182 573079 981086 90712 635515
914991 493692 864130 323902 889201 888608 388391 430023 593001 570511
551013 211511 773232 737550 301240 308030 574851 701676 160222 650767
840486 93594 872831 596485 281403 990679 172381 131440 574116 562363
104193 274698 276424 911551 952139 414828 296967 601886 568240 66517
569062 233650 260742 324985 85198 353982 298817 647624 52952 718711
964025 284789 648355 847392 661434 3655 405651 916528 69929 327185
247865 486750 707491 398194 221168 722830 706882 84222 10806 570340
712266 197650 884961 775786 602537 7033 870392 442237 18377 740987
633843 787192 969484 833876 36044 520231 524777 966079 901881 521601
465016 144231 679921 847477 272685 892480 431397 142441 275040 204640
358995 673803 104605 136050 706742 512707 484996 974092 315128 839668
320110 450983 938633 149813 571546 588157 668841 422546 177303 158735
980896 535516 917711 700750 33022 495961 48735 879857 199777 50280
852143 375666 364269 514009 739176 517197 90507 575521 936823 919475
575799 573880 703078 795169 358100 858133 262080 385114 760230 154616
876127 957464 174743 400251 277852 244567 894853 241023 225178 696733
692484 864902 738026 13525 96549 322676 915907 315480 428744 392194
472297 67804 308644 654097 430602 811664 807440 905205 997127 344390
22604 615035 852790 695505 599793 105134 865631 443122 923571 978988
237252 18376 839462 410945 341100 259829 522146 714901 26833 44934
749311 538401 877973 942151 837509 184841 396119 701424 812497 848331
549926 523880 831551 966113 951217 296115 675385 601309 387423 165361
699488 336287 865096 385040 301039 598298 759128 334143 818334 12210
747026 143070 967329 659907 791647 858885 262360 338103 675087 227535
201273 879052 374816 719197 683733 185378 568101 913734 736702 259393
203323 73366 297224 805200 793623 912583 809137 537522 908263 297984
532287 681165 718095 939651 614 564663 589560 583054 420245 648122
680190 258611 521644 521083 879004 219498 341723 39682 175286 264422
452975 81868 869002 345592 127411 35500 477424 860707 731587 837035
201161 281371 229054 498416 274988 45755 263740 912377 870105 815913
408718 796302 623010 539024 763828 838061 969135 689079 151217 652683
671672 65915 630833 463161 580445 339428 502692 613755 877338 732635
549169 763825 145011 455183 41348 327989 329063 578129 608889 663422
642059 791759 901545 199201 362255 630851 124000 432299 756810 327369
506152 418978 550148 450674 90985 52092 739097 533965 693648 317828
710896 132491 977605 115554 330514 396742 519589 732506 359175 842836
571836 731670 533784 485946 294460 389488 561446 338928 453995 647339
4545 228051 273490 568752 877989 29652 687279 597158 161049 730554
682652 845077 960287 207826 652666 182931 235565 897958 239344 19066
894165 210226 310572 919141 334649 202809 975056 674428 870829 782581
186386 18017 37558 208393 357050 798115 347392 113578 923743 447699
856658 937130 165636 90529 942945 411711 439490 689423 288770 302442
935957 919091 528222 487720 315785 437677 616062 274736 354384 331921
583945 883333 792580 864940 325112 171560 540147 650014 526367 166941
997890 253898 332536 836621 645821 903624 125699 642556 198343 972460
50082 471564 473744 433296 300005 565794 893092 522336 593786 18536
527309 955671 718008 166072 875168 693406 862485 6001 218556 857421
7105 71158 978635 340731 248146 884512 938024 612666 498620 499357
489078 803227 304563 875735 807579 727236 478632 786574 499476 357540
243499 792142 404008 666545 555569 752077 88371 90698 820207 6822
208767 385742 77628 966584 923735 42049 837657 766123 519166 466517
549178 426503 383105 973070 297573 515265 552168 577185 178535 653475
837805 567652 925729 683990 237350 258234 696061 433872 624032 892012
224052 211798 330443 267211 415537 151258 208963 903671 277684 91263
970764 886282 699433 521603 63901 734034 652537 479120 30605 70429
322137 639282 397055 660243 291811 811058 931798 102922 832924 270329
342514 851962 969621 865818 46967 762041 633595 938698 122482 862323
67426 17568 330712 800785 318972 730126 725718 611106 64051 579740
364535 669981 663148 329749 58221 103504 744962 711093 642597 560503
63840 250174 289682 923084 225196 97303 329273 955040 570860 462805
504178 587641 51215 305008 477335 862244 599030 363023 354758 975448
161488 143258 338831 722662 637673 407386 145584 863286 807836 988931
592003 168706 145586 877985 275099 425520 193742 152885 436769 428020
852292 756124 347518 788848 819959 860226 532995 569512 855450 443432
207055 560759 306727 540332 200790 966879 266010 210561 502226 333900
624970 257230 199270 663261 822 101611 15323 383373 93582 832495
466922 896942 24089 763351 298631 53318 185617 144670 351297 282409
280506 46275 314295 210369 440792 5190 715386 778105 320929 879095
374975 232354 636686 861871 239901 496509 531523 47552 753056 21985
329027 59851 694466 183406 270143 795664 242495 690585 166465 639173
923801 302866 310173 765277 577780 576830 941482 593394 380189 833697
593957 906731 192218 318383 626338 161338 590615 501054 287529 845921
358153 258969 477168 521835 552924 88361 758168 127235 658266 467352
819764 135944 77 135805 325005 167229 711454 999316 754433 835772
18659 376187 515099 131181 187797 237914 946830 899756 511103 648139
226504 339141 798622 574429 798417 876033 499033 603318 935065 360209
77105 506890 990676 261894 361282 779016 514079 442456 170542 456652
201280 644259 939591 787601 210144 247905 352606 131556 568460 708305
191448 417067 808200 20499 830114 472985 635997 953742 139534 355445
891600 67454 976261 747944 596669 854507 622086 904239 95720 365987
321455 355409 734988 600407 765568 707995 413126 653519 313439 703884
781694 870721 18426 800378 278637 211260 110632 348608 609985 994190
397843 979646 359896 198402 82571 597949 531864 400070 414376 410515
797677 765510 667234 142367 21366 448675 859561 215163 776786 369064
21393 459844 729225 435471 810826 768526 65342 335366 829952 942477
208054 647209 485672 689039 262122 917954 421670 46438 590800 510976
295648 168731 231072 10865 478882 200222 993660 787724 199976 248529
686326 649204 660573 224388 878337 23503 405984 130238 266971 174694
57422 121815 845060 9114 26552 624414 605919 964469 37872 751081
340052 173277 547379 748890 674965 491003 278627 892685 471138 960697
340862 236490 687404 608882 494909 899649 217052 927470 91809 826917
331894 346066 987411 827117 530092 516387 146289 117226 921651 479128
495716 929698 872723 514678 42659 614456 706823 957004 842701 588997
290389 905189 353974 200676 542575 919131 741270 983128 596763 780310
847866 110366 217725 713836 152575 791597 236150 892506 635401 840999
310392 288699 928671 96664 707535 814269 680680 249627 48866 140766
700978 933799 475582 618192 435750 535608 507317 120658 347374 168067
716808 260356 566543 570790 84832 461502 799862 60801 922042 455441
687462 257020 492390 658851 554999 845526 861384 600168 64757 412004
509871 852385 477392 519029 284490 431798 591321 618525 568165 329886
743137 216192 64826 965578 477484 901428 171782 566536 706503 66335
781461 100804 201730 128642 854708 348570 153284 363065 943705 172228
378590 504418 429904 775168 542332 375286 116697 302544 219338 312037
681185 388958 883267 305804 513479 726488 645982 612759 346898 829965
230431 334333 118237 450378 39130 976978 586493 219594 194377 284793
311515 119236 123443 307021 467850 579251 906934 795600 299854 657977
89061 191110 701867 822880 283494 745564 877636 709234 639088 975636
375785 549804 432580 502064 178154 731356 611211 744712 163266 428909
148709 670212 187093 400077 431247 846828 993414 289 475487 855866
782590 823472 577202 586161 658385 697723 575281 943754 975950 588775
108965 656397 311470 566477 135822 890037 435012 351995 79414 27857
646906 723833 464977 966872 651070 716404 67830 334198 972627 541270
509281 461506 599246 444606 38083 553924 332431 516363 486917 962240
910118 428190 900527 405010 440827 277611 300908 456044 257010 91171
439225 561490 952335 21361 121868 401904 409073 638619 445370 746715
702040 645237 358824 351477 910009 64698 252106 348349 982479 769764
646193 389002 209701 130944 30742 413711 349856 360656 334960 827890
904017 486025 298578 9571 531975 238504 966150 111409 171659 767225
971304 604036 31319 702352 238965 809003 160139 62780 521789 22305
28729 563011 320446 285647 859840 534361 507517 93999 892132 754745
48576 85049 812824 167241 164262 514659 958744 207327 991239 916633
796491 390050 847927 485812 216331 61170 381282 537221 151575 955350
834276 506725 598843 626128 329044 52581 675544 941678 777731 744784
605399 727114 713534 961738 575103 252586 846576 408747 406340 341983
312923 821112 687118 461933 326263 634259 86398 100082 408386 140409
45489 571010 229398 647504 589085 649975 293500 423548 469586 627379
822181 537911 194547 620067 921683 689965 211011 399948 891519 470981
823331 985011 322136 438050 304503 833459 404870 517278 555866 110270
822022 976147 529903 696817 608539 71355 318261 275081 733871 67731
832858 291876 932285 425041 762618 520102 971679 646043 756306 824836
626757 885099 376070 846953 196213 65378 935868 171013 281032 104442
600140 265183 985626 921608 116512 152470 790110 939096 18146 263090
137264 503061 987689 976128 341887 667878 312821 59864 829727 37081
334600 52164 241454 261319 828669 179151 547266 846549 359172 894538
835587 775622 608684 766287 413431 139065 55661 603814 739885 558173
365390 126963 462580 688271 367573 156990 914688 351973 356258 466944
333492 868406 601363 416283 758717 196096 139795 786113 44717 54167
923602 511828 351432 262016 908088 457954 238806 727504 511227 68597
790378 36229 717799 123788 336210 59407 473220 872833 228491 455023
304253 426001 757110 716100 341455 67474 722046 852986 185476 585464
348858 680484 685175 339542 147136 850194 145840 917926 828438 23518
103323 660729 176096 833799 419484 854142 869493 470831 810801 468456
113289 682702 642312 232944 825109 507459 467016 785759 68220 850171
251554 181534 512920 422987 236632 421177 906232 712909 559471 192544
616028 259176 545072 766392 891159 829075 655365 335336 538860 461598
997788 428859 169289 532334 228629 564450 945311 582929 718576 592535
919613 190971 343201 617450 257816 347851 855720 67360 312931 871117
269572 494214 814594 722850 653353 211715 223596 392845 515924 689496
985696 210073 232779 164765 178965 976027 824250 667715 910977 461672
206083 43013 987476 63802 918873 657135 128207 266656 142728 37951
173955 20566 481728 955097 796733 613033 599077 403816 743315 305377
746748 383632 90673 60717 910580 8964 497732 450269 726679 185223
362429 277333 755136 715425 876212 947039 170432 791829 414173 782450
378732 27415 917173 989067 709522 155490 663361 844205 846647 8835
454183 500035 705221 53879 559050 596426 4461 690842 66125 369838
489285 550105 137376 250989 477530 771014 370338 651460 569146 554224
713292 504601 324899 363623 409129 348202 42001 22913 111289 92217
78099 592039 800666 29860 472723 575007 205248 849146 540265 535659
284205 667015 263654 11294 299959 829889 521963 379576 339076 329029
329829 582555 400820 671300 800689 650313 365816 716385 62348 572523
44444 165233 555892 621245 121293 803904 584738 490126 687093 134737
964697 573185 922338 860325 783066 460192 725782 25778 209001 372699
573442 368984 274045 364617 217513 981126 928259 29440 281986 501945
409819 792738 394701 19094 271760 200464 978702 969730 144157 846159
796919 436930 679169 663748 308426 322353 828285 841815 408880 339574
490833 917926 878489 284415 655244 558210 356262 534525 740141 479118
410724 717428 527804 344612 656152 792074 421590 265876 697217 826758
225221 207421 597744 491079 657676 693378 530152 545665 870832 812245
763152 648148 744084 812474 416249 253198 25318 268950 938077 844352
868731 166916 565127 587035 934747 219994 347277 907821 135917 174704
435497 965159 190399 39441 82756 455194 618723 398362 289096 33173
302316 161889 492896 77609 428907 692373 813194 46600 38591 535268
382283 822303 278741 664487 511081 301030 741056 453711 354203 359521
700808 503426 255692 147496 884246 73148 260175 366824 985765 39845
759160 401039 912369 431383 675959 513299 738664 447858 914062 998389
283940 481566 376620 82213 91805 134761 845146 359061 549078 299473
340478 184848 68143 272449 273246 223748 9059 154731 118615 695035
725391 38427 592613 719402 619379 602275 471787 580323 656002 319538
247210 652046 203681 106391 180011 675010 763152 589353 390502 429749
151772 748975 174909 752823 375667 67375 447972 260190 45722 428763
154078 995278 653582 182011 214001 471863 159207 687804 573784 475528
60427 610207 531920 414640 63887 786778 988056 224055 448600 937576
809112 470750 308308 34756 690547 320581 789106 597801 469257 49697
817646 816594 643437 95678 160045 524284 826328 874564 202248 685256
869136 424025 770470 92850 895977 255318 43396 701428 846202 722448
800709 626778 632318 193555 7674 186263 465586 654334 474470 203493
159723 375546 933954 475230 237548 346706 878167 799803 400069 703696
20664 569818 503510 880954 159123 988857 981744 990176 749191 40992
916966 778555 797638 22857 822521 199061 278882 808066 675175 357447
7865 680690 853178 343093 998234 178228 848321 702066 105857 246409
976433 737530 262834 118222 743365 230431 382523 370346 152250 731806
24370 784299 866656 572845 435401 630239 163795 943322 62517 427158
455046 775666 623168 286329 623933 51102 669040 74033 722936 550029
27248 914821 594450 197720 648843 938034 664133 571631 307074 551023
712059 427757 352073 438558 455503 935544 582103 340713 177149 906662
623050 305720 90451 503035 444311 416161 649673 566777 198293 758383
384583 135825 317824 610969 20583 611699 947755 203611 735169 161688
547604 803717 159301 373764 425884 309160 546696 542298 451210 440644
902133 273292 915022 289953 709981 676686 945851 436914 341943 322602
149507 555473 480626 583691 948417 760400 80733 980444 722863 533716
571747 899384 352207 700713 861549 85119 845472 785997 629418 237884
361106 900808 131268 37219 70007 800452 800159 325092 732906 748080
129167 409212 28864 301405 178812 666957 637950 314004 66250 997335
605650 777539 748940 182394 803566 813261 956447 207907 923179 583711
975004 461642 118052 67379 228094 144932 710713 5976 45520 934499
718454 901801 837595 620205 196908 978583 928531 38794 78897 295114
270022 41868 218577 529888 665697 739650 964112 460806 331170 205619
516181 563603 529086 347015 324329 611136 99851 905377 851777 816962
77033 218245 151297 253472 811910 657807 485996 864232 161317 967551
438819 133615 627711 238006 457194 197399 989438 924 866721 681613
371520 908448 891132 428639 911424 760815 908248 831691 507778 925811
279590 273361 298814 688897 650357 461048 249028 824942 685087 277962
878756 637720 929302 543601 959618 290764 424259 974693 907287 384992
945576 851912 133921 553813 549023 613104 789768 616275 815433 788794
350760 745982 271779 122884 791142 490580 660348 294241 223948 389929
729496 944891 580164 654232 949914 57693 866159 22874 408154 893281
204544 778486 317504 162147 388863 650143 941295 258294 56472 723573
521354 558870 492926 16533 184366 57014 506470 636373 19372 682869
293138 44508 8984 234315 591679 983850 187372 673916 926999 398779
515397 889406 395682 686941 36382 632605 883913 727473 854317 652623
235709 869172 86959 698821 331102 778710 414873 815124 640542 348547
80329 992453 988472 652406 685926 155694 163201 892876 846665 923372
118862 242573 481163 343064 459629 642159 36043 791867 401467 578978
591665 818440 157425 878994 646194 893725 200258 833233 117869 94653
740347 296898 653561 931891 636239 451972 745784 917350 255510 120834
375911 575973 953124 891878 995028 743104 292300 551891 406544 921638
836767 818270 615261 988352 186130 281273 825803 63090 171613 380378
871229 306289 160449 557992 142437 814916 56799 602867 263518 859588
507304 774038 569964 409287 267976 719333 144698 118432 315698 59312
338921 525403 300959 750483 695768 274592 2404 875397 852490 331505
510231 627719 987562 966236 876064 387925 972253 981091 208330 847259
8133 409868 164589 689130 171547 691856 616724 949210 925121 528704
473014 795096 464703 43651 858764 721360 889177 254755 952086 610263
871053 67636 798519 426786 43238 712784 234319 686708 794764 61121
743900 761892 569707 749038 78611 271514 691776 922093 958455 97096
448855 709755 147140 408000 597358 44437 535739 226996 832155 845203
554581 675508 448576 587997 62456 504342 803215 525014 415765 37211
195843 687001 76534 405048 720468 644710 85844 995765 483444 122390
208613 826430 434808 569479 177727 955058 268296 364960 898737 7472
440492 853519 871 213551 987254 260138 598773 84590 494816 51768
531943 54816 84693 951406 373185 250024 377867 444306 521723 702333
716852 740946 969596 622179 531690 421462 918902 325893 234120 735485
156480 52858 51173 949711 468251 164315 745452 405080 385979 425051
364053 805898 170252 510849 214799 208202 302721 24230 962961 221449
193405 796616 190850 138227 962289 280572 173846 427553 925549 405985
975792 590983 744604 808848 894394 944292 683014 889753 90458 91511
460325 614647 967273 176497 797588 491906 630940 269066 926505 642392
469213 525683 488182 238510 213045 663807 976634 52645 788726 542923
948127 78479 529217 798745 417225 817791 974283 730152 496474 961482
162392 955487 332716 77674 16807 430421 330613 818528 465095 971848
244519 742384 842375 73325 979608 921821 956375 23019 784646 212291
344067 794666 754893 214125 190000 978180 864696 907538 163120 280592
504989 737920 475518 765525 467370 32557 846760 896578 34374 753176
249640 376645 70921 777382 106982 143261 111297 841085 287242 781926
277269 232767 380953 417493 518711 242665 646041 555339 433105 224759
176088 176664 14417 513020 698715 377299 355234 823615 627536 524939
705606 541428 518599 147754 40190 90626 718283 762964 494701 958748
108631 945210 339782 502381 381249 45478 308007 887152 969750 985909
516099 135626 444741 375194 426188 764090 17292 174516 538035 509204
122377 265803 930362 314092 219732 638605 888909 639373 550118 996004
825144 972277 277375 157696 537695 337111 560886 571632 108580 779540
961366 509582 789616 984323 515394 596272 403521 290368 964725 39940
758250 519882 386075 746761 450373 117156 993540 843605 292073 794483
857892 889505 784560 536623 518871 952563 903002 219064 719356 482641
711556 161980 883999 156183 530614 839069 270895 997340 704603 257717
695287 9280 863449 103784 351887 605381 824705 471341 773216 737806
12514 19045 462955 647611 422812 550174 723453 67097 866708 197258
299248 538339 842173 216801 776920 12225 300088 51931 66151 709594
589635 387469 184080 639814 52446 66438 120655 593552 699566 162509
566814 262740 671499 532777 733691 919172 313034 527406 389879 816400
994642 760217 508658 215282 828350 280153 476634 559947 408336 33949
329230 389882 277243 872149 933644 300120 278732 582213 435684 729069
494419 830427 165838 620278 563129 50536 61672 900774 512575 119338
270398 436025 220510 872636 190 539741 321526 569219 881972 182417
671985 598954 532252 770273 442911 296027 119095 334821 426726 956056
602087 355699 298110 822845 509616 408119 571544 10896 811538 446879
473908 814426 199150 630391 379749 625056 545627 185447 894175 728331
817355 191579 253213 745811 565084 638383 77202 126130 229909 611349
340830 382188 764990 74055 517848 229893 580517 230833 562385 913765
699276 503679 558203 620241 981800 99128 192944 649966 176325 924510
797701 521468 884690 975195 498362 761064 102098 117600 171281 876274
893193 992774 264276 829470 50893 426254 675513 899 660977 248318
339561 537799 670980 636972 729665 406828 28701 747508 48988 177397
872192 396062 409553 626119 599938 539705 412053 472966 13137 398272
866577 195141 468336 136227 161387 856538 823536 90494 881021 203779
300318 878626 681884 955638 114051 242520 457533 72606 532711 833156
525804 575021 629200 977460 873973 241608 238577 309885 434432 454425
231133 442790 682825 302252 322097 801518 927534 983446 326464 650034
545194 424791 211792 484881 866283 119147 202972 173390 671518 62931
743886 977572 505035 264468 140194 712807 378678 994394 51568 445950
120556 879472 222002 251989 746551 306044 393972 751775 941650 263447
679444 49114 118855 295957 319026 361904 602040 289479 191687 201654
77230 255530 881291 277196 6861 18863 572158 615502 187009 399255
842665 680741 544802 701123 999325 661834 872074 901911 468262 874757
266994 564002 685618 39673 897041 438584 416568 53835 726072 439503
453383 521121 934567 931637 841926 999267 393512 212148 123775 987702
751657 320192 360062 835443 611039 675676 677307 795159 73758 833030
816181 83427 97657 620465 146664 88920 988051 296574 961469 814939
978582 249643 381878 764991 787837 42793 819850 570624 602599 493359
573330 551887 155177 3979 150986 761735 44661 359043 992287 980971
234141 440082 800000 775739 626663 107272 583133 674944 619180 131274
413645 693293 322520 1073 416647 442530 153713 886122 398071 16398
562868 970231 245142 386170 273589 352191 549897 5674 325147 406284
957098 163242 574885 238375 88001 913211 832677 173492 724110 621028
680434 272832 198653 624429 194864 259889 213113 867171 672512 741132
630964 339957 304946 657895 874789 164257 246480 435475 228747 15244
604635 641743 611227 804345 62361 250847 346014 87057 550787 36943
163678 798307 749566 957426 782683 576580 113171 705083 40691 334156
153648 868880 10937 862880 291596 133449 716579 768189 634047 823091
240268 773266 613718 43482 684628 127955 617617 725661 783119 432162
729197 621524 618048 700113 857840 63080 111921 946308 422275 216789
933315 628798 21300 218246 876198 337587 521676 748691 751484 895302
988253 80184 67976 877486 954060 175103 303938 615088 85239 194475
818303 212979 871021 911775 425312 622688 244054 246287 735430 918794
358222 809219 10362 852754 552350 637607 330259 284626 797251 585919
241939 153624 704975 233534 207965 64240 40679 69870 864168 987738
618898 418363 483076 949465 741165 952914 476140 92545 520510 493631
920451 651316 209150 351564 947395 507936 904926 467108 421415 619496
497512 999071 127325 869847 375184 775264 684586 368204 185119 678755
302591 762458 865682 271167 322089 818016 961739 250674 545246 818391
37259 783826 526533 223362 722966 69884 493934 768722 809316 135687
496605 535942 913745 491785 799424 587515 221916 939652 201401 652774
669221 901152 13173 355532 626769 26685 462370 195718 338293 498070
911021 2225 311264 473580 148428 620735 402662 2522 991700 755488
980286 532813 941998 719675 264883 933645 802061 809518 306933 891015
351330 952173 126871 362334 528640 5101 488201 995379 976829 7718
789157 601734 150468 594442 414483 913655 521183 995193 576531 192538
969219 101363 605796 78724 898646 787144 452847 802228 35633 646665
363166 809924 512396 601365 711013 308194 79000 618907 381934 610280
681256 565275 415056 254888 553074 839496 605631 659480 205524 673552
789534 780715 664388 100909 885605 218717 363115 100517 83327 499218
107744 353018 573362 465267 606397 49638 940232 704632 841686 589642
615833 225784 589777 650363 850933 349838 692058 298354 116434 910776
468493 280105 430305 949449 644921 610073 854761 889674 701561 25668
934493 664025 907075 758251 781126 263270 666629 139203 192541 961288
849493 215173 166846 893781 320899 122726 523621 390380 68746 208647
407044 464773 668903 90523 527365 123924 15625 697004 975780 481375
793776 819140 477235 717139 519781 304659 773015 374563 903080 390628
265421 359231 2176 251171 531978 932401 925082 76653 844226 330651
278655 214597 804862 292198 808231 355850 883827 570816 154601 577660
986626 13645 515431 363198 131974 902682 428263 312183 2095 77724
895725 835233 89707 948637 996835 98086 435324 598235 136549 656289
32611 186399 863112 321438 46082 374173 746754 217946 977819 164552
271561 747797 494113 783599 331756 206664 683031 16596 820171 121447
402064 693482 215630 259012 839135 576718 186639 271449 447227 857734
117518 164737 140841 573056 661109 820956 486376 178367 75533 347749
735657 788077 900251 90062 177233 571255 783492 731201 358054 177185
301949 523651 447036 208394 316316 702420 700786 904994 4862 156412
842690 160170 260120 313485 889667 222748 942233 648198 56533 468565
877257 108927 785911 95777 348024 511942 337635 18998 248131 245331
695514 199484 97179 401885 615403 978045 617588 575628 803588 665719
504835 257895 879075 631645 629401 744049 5211 439051 225996 239318
912392 695896 272143 374793 643021 569171 287239 966451 327410 139705
218555 566481 802648 29294 13703 54584 941129 899579 200574 172826
525383 83384 47989 327936 290620 166105 184113 387545 863155 298411
983373 955483 204107 549853 153029 393189 869502 202547 287462 262979
159652 441898 764191 218667 117019 116497 566091 999751 912657 153035
818858 522113 581504 408020 364146 168683 11536 25275 959332 888426
278250 849850 904121 166599 561178 303993 613145 574468 513481 547731
565331 987715 76638 699027 68713 104964 573270 368997 623497 780882
26440 565021 142415 458907 394371 912014 949641 405570 862368 257251
198724 617645 183654 148027 313736 349891 570824 759312 656013 363953
436785 899529 349351 419329 119347 332513 346581 757547 306072 58470
243195 650409 117371 817465 178092 492867 594435 226396 404255 948753
48746 222140 311622 39453 228581 942457 51362 716720 958360 85820
62149 127808 356326 117497 527265 900931 325090 483801 225443 391438
54318 834372 711210 451677 623469 734425 364872 561332 16239 390027
359818 42363 202306 36283 809252 82683 322169 940146 118020 108716
503666 492717 376233 894629 360904 963096 818108 341290 989968 556613
446609 872644 50039 251989 548726 398916 559064 870896 464935 203213
596288 422595 817673 169961 491421 504553 733556 338678 669543 478278
625261 753286 471654 10293 817624 847185 837005 949273 451851 227610
343946 972319 170042 490839 450250 159034 541263 983272 944876 787516
928856 305315 17545 859035 86750 876070 480429 437132 454096 654443
771682 263912 863341 801516 950646 857119 372161 286785 42333 986269
797896 705265 418268 893712 455630 362710 119688 257712 572264 477043
412763 594916 735189 149481 470956 839156 832728 292250 266071 556041
688561 807597 246545 887957 419829 959994 390922 16718 969795 489688
159487 658532 657265 837083 578341 107635 513757 556265 132123 365252
104677 287112 279347 615880 564449 977870 188801 157802 400080 404836
252044 583888 221924 119141 124299 374724 493453 123138 457263 486059
673797 635827 52968 237422 899016 395155 645753 811224 322062 653311
681360 172082 99892 696309 400878 288136 764428 420909 662676 594528
167872 37637 304643 334388 536258 714941 911375 167737 292856 895912
643847 980058 603540 906758 911342 969612 222133 676565 929690 360433
819090 707871 397608 674315 995416 486404 730997 109251 507288 3772
96731 806052 27615 156769 875367 242688 979309 634296 984239 701381
899439 811485 139801 139934 626141 396739 962484 834520 280509 121102
770705 175591 476427 735060 945119 540808 615422 730482 542714 715147
542034 81355 942951 644409 415775 906762 347979 124168 83519 382469
745816 858897 896700 922349 958200 115501 624609 951253 638584 58798
658487 393507 799565 37517 255127 879564 526854 216612 858676 317805
922362 42958 964483 509607 862123 261402 454446 753631 831824 653461
221533 522531 758864 609585 506670 131401 758175 614615 513697 359051
574969 366203 742876 162866 381821 333374 116174 272726 776500 888686
651948 550649 289876 130628 931583 655879 257501 602616 444247 259969
288821 155943 262328 484730 715843 316009 785531 838773 53451 963836
421496 343095 232386 748610 676544 880928 328603 763702 132987 735757
382755 146712 589366 286703 710578 381980 953186 260127 556653 953512
441872 920207 596674 121543 351158 968534 422826 192104 826846 169133
784550 723170 542149 661046 111969 155443 859905 464990 233527 621340
406538 579289 630396 661835 88974 944461 55274 108090 98442 987825
860046 539585 477099 893265 513828 363496 322409 830385 473728 102897
924247 567303 788806 863494 740345 371961 398073 567751 355278 546443
701670 332902 131925 442975 521867 855908 274937 663036 799788 266315
27198 775946 48126 260039 526608 384628 697935 585400 763057 71125
85830 449411 427021 978872 190387 506805 661382 521776 69343 626769
763585 409631 659900 132017 127008 511177 26732 717130 556100 810351
166254 240649 418039 25368 942657 605327 364881 359661 979738 545274
779082 135783 142938 211029 454398 84834 131841 119006 971091 9739
565980 212165 872243 949378 27374 667016 378250 636434 892325 764136
137655 257096 923927 630932 306066 54246 200551 458229 848900 636042
653237 171919 830940 319298 249817 665430 7995 303610 684821 183432
866070 227465 679328 320533 611451 813415 549093 621987 53297 385112
32948 469017 21009 263750 364498 884326 837370 910216 13810 193333
56360 930306 208539 640643 948431 145999 122917 152306 598145 445809
797033 910391 129095 671923 237338 262084 996029 134604 739647 203701
83387 140209 605285 713235 743732 264210 129279 461947 17960 945401
29094 337601 362187 759182 121687 342949 897510 564767 791113 885312
987999 585306 169056 790546 322565 349108 742672 512816 784506 288942
939333 568514 516231 993556 375038 922684 446743 487759 986307 760897
642345 94526 196017 630263 517044 809252 101540 518203 732014 27356
956159 57043 458883 372337 629667 165740 226102 44534 735741 593067
571938 587711 952197 823821 285113 831295 645518 87779 21554 952645
358560 270166 345892 974652 906167 73968 57401 446145 597750 245805
909021 720571 735692 351740 414540 613279 259622 690961 591472 750041
717048 830092 233877 976166 556702 175985 12803 564611 891318 894988
117421 477412 693272 752380 215154 813772 870925 873104 333063 865742
512679 689574 453340 78684 515956 101224 11532 37917 403580 836800
87937 264122 517552 704152 906780 599314 145422 607046 136134 394680
662821 81232 600098 179043 852300 985137 742390 536034 379875 718762
856895 496433 433666 543902 216149 920939 148814 634597 959510 156472
150790 204505 129898 780836 259979 764873 268404 743190 940965 319475
694439 125381 5149 219052 845023 693433 226714 176042 622644 911471
231785 96154 400617 310349 72159 802882 333246 902262 777815 314062
488148 39541 387082 210840 36569 228650 584477 787093 716343 21634
88516 88631 183304 171016 292616 121206 756408 932633 899767 356788
869320 477500 320001 39069 573065 842061 543691 555490 735311 856723
966225 775504 229741 374062 771889 466803 731207 642576 560159 872207
846764 492870 170149 613637 388313 842616 24391 505711 627082 821501
618569 892762 281608 652417 504691 258735 48618 553222 966970 354185
397900 391991 597901 549151 382754 406318 554372 220818 618506 564810
534961 422708 378723 628146 25323 267917 962088 958314 162767 977010
728198 454639 985131 276790 945526 561180 430223 718476 452720 560018
406974 667541 722652 881667 415502 794020 814920 950130 420300 965612
811545 586914 673623 15786 170003 360598 353526 910055 833127 588645
26067 26063 926274 855205 94816 263436 954104 170665 292456 555013
692215 126741 865916 790816 873250 245915 209001 549350 832469 358574
875562 926399 94242 222269 689314 984546 429392 809501 562392 537583
754832 711085 810457 998472 304702 572649 271567 927246 986199 308850
453997 460509 806216 815376 924722 433749 209958 629226 132554 613233
40812 968819 507254 496017 174064 511043 385120 738248 491033 637240
385876 494815 769648 437098 546928 122627 394436 408488 887718 957907
909812 328265 975479 639201 711198 201623 30664 149927 728983 489613
620580 713641 977240 653172 33006 711781 302620 850204 518004 866161
759987 395015 767298 176548 882388 723764 474928 394944 465913 920793
579305 832073 435143 824523 388897 408320 727079 137737 323819 450432
40300 212989 402111 699727 671895 877143 393245 495998 548133 44250
432620 839147 340818 707110 159417 194560 711961 495044 286364 739789
405154 985467 255089 462537 419261 506244 577410 997300 294092 314542
831605 731843 113878 486726 876040 582254 395478 707477 373915 564075
548548 653507 920889 873852 943075 653896 445342 421237 66748 665797
122834 729600 968108 719708 504593 215784 398943 20878 614494 408610
918346 815280 261032 826028 158455 95266 987094 16864 7316 904099
918858 964285 966040 499990 427549 350046 628878 53227 392790 487624
548776 795549 467183 6390 586884 761446 974957 185019 659050 23817
356549 339006 412220 874411 320821 84983 996296 89928 871736 291079
201097 316171 982062 529305 63507 669742 986345 796146 1826 551293
448748 818121 133843 890112 294056 779238 213600 916932 744918 358214
153796 964870 131035 529543 991903 394228 544215 130441 651848 171458
279117 464804 700575 484823 605280 586581 666141 836541 556012 325635
109961 597425 692038 592794 26741 304952 627683 153351 182508 256435
724578 421959 333942 485580 368039 12039 353540 4830 225416 193714
637731 201159 557489 226592 400706 98188 474717 648068 497408 888703
32904 268117 575966 960862 860059 145419 201615 191118 158913 45883
297755 949766 227869 602759 176524 262096 513462 84915 38598 466442
739171 328307 316848 504824 659788 86168 509409 213688 953205 870596
386864 687185 319436 627878 638179 204452 700217 744197 182034 555943
508819 136663 675026 670256 550725 138393 541613 800569 553019 684446
872771 996930 500326 78297 568899 725984 947644 315609 645483 228090
888647 422589 463134 44150 338135 527042 63574 332644 17784 705358
370070 612985 608048 487866 811864 744779 391261 723687 138155 770916
49339 959886 798733 663051 18154 900679 507851 321726 891206 373612
483393 586031 567197 602072 291268 281862 684853 150625 921732 154416
997307 10487 188492 787674 756260 886250 226883 814425 494866 673097
865595 552935 80043 193554 398079 401981 784120 602974 776430 730367
226945 708323 417330 709818 915196 588803 281293 935159 345682 42064
130396 324810 294177 698349 155884 9022 988882 739594 666695 509432
583077 98691 422794 244007 664006 740131 482746 262739 909191 357774
536433 698758 69871 500345 788859 451572 525947 606379 78513 53915
810468 476197 502252 115979 758001 538614 329626 100304 166162 672961
993971 209997 995565 464609 70815 110935 459037 841389 250083 654969
880302 659836 729621 714800 334314 219686 342329 326363 424808 342778
459432 739203 182087 64101 17678 268020 216679 218363 631128 384298
943126 994169 128125 959628 91871 143529 732663 452430 496392 903980
657437 755153 467785 193876 356497 135708 734500 512643 371184 892460
653710 434556 156287 857709 663579 983288 872758 152939 757401 777443
453476 130018 712537 841703 844911 154317 772392 623532 297005 731174
577978 54950 479729 725707 788167 374508 362121 262076 213825 461706
584761 802937 534617 189384 918662 23799 214472 415062 837807 787935
884644 527444 204146 320696 207126 450431 229887 518589 691026 899436
105915 735715 129581 688518 308344 74271 371584 366951 949609 147604
127425 985208 515577 814655 394186 830673 901937 421803 729953 175438
764846 728798 160873 340846 501352 301690 841996 286454 227820 649205
9697 254913 499330 99395 961824 800781 230787 11084 106435 127275
741402 570744 432207 372028 547808 31265 952858 773239 661357 396076
314360 826924 879446 581208 595442 431262 115394 991680 394399 274333
177520 738382 70982 454352 51751 157036 923154 608898 664214 204281
929290 101975 820110 229741 208175 194093 623323 584605 270141 811320
847353 853737 309666 408443 440362 397460 808818 57185 160671 175695
676667 84563 54627 364319 632307 87902 962266 167915 874330 513782
41182 683109 76123 285527 687314 448486 638062 253856 901774 965775
0
