51427 606052 60170 886338 773442 755771 565224 619358 514596 518107
61810 117610 798097 54379 123403 980959 288493 217320 207791 373109
2340 771298 580818 679296 653839 146051 600513 775105 671538 633309
236496 738469 245435 258402 422807 170702 810082 987677 740509 129367
478487 518462 669763 617992 483539 782131 331856 559289 350763 150116
991848 992271 821731 93454 433027 913584 610710 602602 101648 32618
46428 469133 130453 155766 142964 957040 684097 596372 217867 150347
45978 93082 352078 272648 240596 558251 5431 222294 221021 881183
677367 373468 986698 55676 752396 242879 838663 475981 650762 162674
408118 852397 563181 177679 586782 229267 373888 170620 90917 41265
418469 363798 584730 690920 701234 307905 438707 367570 954544 934542
306767 639425 957643 635512 349298 156 212659 28539 709391 490357
232905 317750 471067 435192 109916 533157 886751 592011 792020 192050
72001 953419 239015 621129 608652 305949 804929 913971 737069 964540
922911 324362 855686 218629 772583 956763 661130 567019 453299 844603
321688 62819 891014 492590 628601 760071 41113 244002 199270 225170
708781 267024 54809 64779 707524 17570 960278 26482 936342 419314
541674 596815 147 316809 748130 584320 170239 834656 851746 667295
727639 401204 458776 64566 345396 369000 508735 13158 975539 472599
670890 394358 919712 847943 328625 448133 779063 129368 383039 366864
755284 127994 658534 908588 543199 827561 214860 550041 458839 475932
27382 797615 103388 859452 495773 218916 992128 936460 342954 796302
816330 938702 484288 723587 393054 441682 599700 540556 374885 599064
867882 537600 999975 103827 444561 661778 435776 29578 561017 832699
694282 812330 445089 32371 181712 617135 802377 272439 536372 180021
701696 786331 563473 120107 626588 393282 220000 255186 834643 185705
452260 416957 530213 40667 698728 986470 657111 527815 988148 734928
237103 701365 522707 396742 532053 38636 739705 846678 246101 621792
649456 918334 252639 944205 463113 272375 965224 342375 331647 846141
994099 145478 306863 812442 311895 65053 104915 392567 738949 509498
269304 649080 747398 528803 127483 508376 431522 662031 729056 227345
631630 47982 387576 813919 41617 920997 588337 600468 185996 821268
91272 725710 883484 479915 51368 867961 409547 428761 351940 353697
217949 828607 558723 354457 161629 578965 963412 705416 347268 60193
260805 124947 621312 782601 488741 228486 679544 42056 956547 579064
581816 608278 616822 823201 819893 641502 68578 352496 408410 846773
902443 171947 2472 908791 953661 339099 753144 776273 645260 932706
313089 606004 402613 781003 968242 7027 900443 749963 941290 840974
74595 589223 202356 433454 820927 492101 594428 216481 681793 809862
157863 48332 828730 793556 105219 671503 68148 125808 126681 769624
891487 623072 437456 904893 469723 560095 815783 707192 580753 164975
95436 619304 453680 798895 456072 99311 453848 976008 997565 598327
368968 25151 883583 670015 356728 498686 678597 316216 50820 130809
837340 180831 604314 698379 665532 634300 207012 44250 855565 568400
731363 86782 990497 860604 212893 471664 992542 144556 883554 583373
371885 865246 3023 370595 961969 766653 580009 369329 504893 771016
134094 259450 324148 37350 500268 547919 430710 428533 746138 104778
253208 836220 682153 191433 697965 466575 291939 425910 847741 353661
351279 395164 919471 344037 4356 649015 216584 711691 99699 662964
970350 481225 331065 151454 180605 30621 188283 73644 971559 441432
127463 731237 309166 19332 797957 952861 760230 507929 688648 77579
607971 857141 145398 531076 563994 651948 567909 309273 866896 898979
906516 306506 243184 663252 657578 287665 592776 675516 207799 376824
622219 878089 5702 131783 170858 620155 896126 819108 647274 185413
887985 405137 968206 429767 819633 947264 625364 357603 385483 582108
83952 100943 542145 369793 303357 487780 657493 943495 430111 133424
697913 537589 70307 244403 342875 546617 406706 843400 355370 462628
291206 481614 672792 900023 526713 18753 707551 290169 976174 138199
880379 261750 804623 803246 208280 603000 689476 200667 891553 680163
602884 671065 789798 868291 296766 988089 921818 927104 8820 682396
790553 622045 391305 20242 586276 844137 366656 22934 363474 333763
810494 765150 586414 319837 629771 590676 158749 787703 939997 82348
646316 742368 674090 9690 193145 251794 634758 381373 154699 558394
981945 629822 287854 981092 990303 25608 860164 748429 684133 985925
466852 963171 425564 32438 132060 644558 165851 847401 961757 97285
917627 744575 393429 110606 82908 461396 740181 229575 321 581230
894624 486677 26014 887622 380644 75897 571570 361300 870415 888244
494147 564311 65727 982736 100580 289356 198845 998074 776975 694396
763003 705924 272618 133509 765621 792789 609452 253002 497429 809659
971456 408314 545867 87850 127303 722239 148672 215799 746916 180866
684796 952685 650083 457611 345825 608504 345353 726343 908354 156896
506492 524247 742638 135781 209642 926580 110288 112881 7281 131888
997295 80909 977191 502573 396891 913893 91172 780434 638612 241033
849779 559283 58906 959377 308390 92383 567929 153437 221709 150855
416726 496437 304569 639699 485170 479377 331851 186537 314616 161598
57914 606053 244279 801914 465582 963788 811089 379702 276971 411789
582264 119820 481456 355771 433213 962334 929397 439166 356918 228501
564155 913264 948366 912798 968084 152030 176530 237920 497125 854489
929240 455781 87570 210818 706556 748274 332499 247339 123189 297748
780086 465771 980235 697186 583283 227290 94227 354442 413309 373982
520915 363043 919290 577747 772222 945298 485612 219426 517417 93013
385226 291185 835165 731744 107139 360301 219701 219649 168908 371365
373236 198048 736852 632529 806009 846177 434709 547320 721282 147189
182808 89753 930138 614428 906142 317155 303253 138202 591447 504718
829942 874941 822228 926071 569343 415551 922480 490102 164626 425788
185571 925898 792555 883923 467698 561248 28346 850352 242642 917528
224911 516331 69404 746428 725181 615984 304718 420868 452171 596313
98883 129756 722337 210847 833925 453717 855789 733504 977383 293504
20807 679843 392357 118036 896011 675072 145496 932306 366456 63324
302302 205609 992938 650738 424440 833893 661181 242284 628423 356864
223140 137950 454269 612917 304941 363453 718208 126743 140557 243653
214879 566155 239926 300977 637572 334972 913051 325840 591547 383530
416309 972338 433365 662713 783002 456189 686366 340855 397898 543680
724531 442991 494028 216893 19518 143791 79738 595536 961550 301984
763142 894447 866525 806114 858534 501768 466409 750927 226450 870144
86117 927172 34107 564722 541888 322256 989496 250618 682530 546352
521427 193474 653849 719326 817209 217056 847565 865720 612214 698778
726022 709035 634549 685536 251536 78822 21335 456267 437531 792029
638934 679309 972332 82977 315973 992324 644260 787000 879068 424024
230879 284877 405974 68862 305173 565386 964231 345607 629205 582910
247684 460274 382868 699348 854872 839394 733387 200132 946767 78057
713972 620290 779813 346343 331727 565749 759585 336932 148934 152176
742308 853661 775618 764136 227405 928683 162853 836523 119293 514218
444238 290719 418977 606597 613839 893256 777037 592712 117940 280848
365084 376345 65587 94568 38894 992246 611466 66432 870285 480355
895218 396068 70039 89837 262416 520483 157438 324379 690818 725439
155359 981851 290123 415850 42138 820315 257664 978548 834033 920042
499651 35043 289995 734538 643183 244838 750562 711688 4625 797503
682309 748324 917378 540124 271334 446140 866228 929348 170923 985518
834655 504828 284254 849645 203015 865147 624568 237626 991687 746083
945419 344718 551172 716296 828103 345799 525819 56517 671714 540472
846139 711228 765117 170840 907177 731566 742531 213632 996541 519393
92496 607294 501904 774576 516074 426792 93158 996735 871731 702325
422375 122345 852113 174934 292439 403674 678889 64452 244405 538368
778724 545706 222171 719699 413962 866056 99814 403182 995033 879756
696138 295561 815142 879179 412560 136341 432308 47623 347078 956748
111997 846896 499105 291857 358138 984154 208460 961559 297812 423398
47792 592682 146038 225478 739007 719914 923149 176012 709428 294190
380239 730709 996908 394582 952343 755289 496538 511564 722061 38022
382885 813892 765240 923799 756664 390006 781041 595345 309111 595119
997314 684800 405563 998150 210115 350815 174346 748642 771654 1750
542543 88923 962312 259217 803541 725744 465705 537014 252422 667966
105713 598444 963840 667640 710694 91564 524968 102717 781853 136566
86247 400681 592991 240726 192756 616751 976415 563773 305375 357701
711825 716060 303910 537593 991342 261895 593519 65773 228261 972154
742749 358803 10804 672586 194665 91818 662034 297125 212164 272504
279062 717994 149226 974078 590172 229957 537031 96916 309696 934569
16268 923803 949312 651361 54931 615919 133701 578059 822752 832816
371213 293540 388971 756509 217448 774691 225763 4747 456205 298399
865885 861920 388704 403470 882810 989647 340634 409220 686792 956597
214190 649496 864214 132962 650411 174847 419003 794518 939438 430946
640979 824738 762876 585559 858340 674951 963465 644838 327427 328351
896116 858222 836046 972988 801895 503728 199793 479730 925522 852706
588356 589308 127028 288611 288910 28549 437949 224133 273232 34511
514636 871415 41315 376790 85585 867938 639273 705430 968868 984962
542433 278300 197763 572222 393562 205172 816062 268827 497135 618709
503401 888414 997123 759600 184500 823695 268903 927664 656679 622490
97388 218066 747287 751424 565880 26508 393601 35037 758824 168330
23722 974685 644326 441216 679789 397093 42992 18486 499608 273491
569744 758399 235646 223568 735478 49243 618931 11388 738438 310353
640555 919989 1955 413774 562771 592623 990129 498731 561666 361560
816202 783881 981957 167975 245381 343016 743952 386430 785249 844239
977157 708382 272605 216704 303296 449904 413656 821523 935363 401887
402394 259681 777943 998621 785330 550575 920741 858658 575430 289945
921684 13703 297676 59799 525254 712100 617830 299085 109994 864342
7976 742485 593762 882197 697812 276895 272127 956000 284492 622273
865077 944507 309018 486990 170462 865707 781603 729303 933149 128242
773880 832165 514990 828006 945215 348663 182416 237208 311534 745612
646430 814474 66036 155806 64123 739221 713628 729090 424411 573335
488149 280448 980617 903040 889615 812168 781990 577202 990604 814009
379463 957787 550425 843800 691986 174663 124308 753868 555432 512244
186931 594408 935411 461172 421362 178560 526574 166552 314564 355141
226459 569414 770462 590191 4349 277016 545128 263116 402573 220065
53409 344558 14747 496797 189567 454400 668052 850614 674245 511090
846321 950210 61199 477278 635314 341208 327653 122210 287250 770642
783229 346134 566954 63797 693242 719282 851647 3068 600518 460029
36353 351822 686860 49086 432862 637614 56298 266998 261994 872577
609839 3561 692378 71057 469804 534920 736604 427885 113515 794142
243537 113703 858826 561809 291781 891257 136720 500264 976532 763149
184961 810972 707490 611471 62834 312145 694520 371228 4269 922554
779167 353230 384435 629574 219311 441273 764242 442947 143358 909848
550054 884829 272250 936746 967333 439368 207775 91152 89193 383405
956152 990830 288385 970065 520661 288167 198927 864369 22429 364270
364201 459088 481787 146545 90418 858215 21437 876989 373486 743121
763670 417148 961247 858790 389120 572967 946701 899425 44131 529511
288075 469474 350183 959241 828799 743625 292462 140769 167935 45392
382584 434921 1697 970515 198294 658619 345127 493630 651608 646414
98944 224688 320415 247237 624203 61853 998809 201787 158476 210093
746084 141655 295887 8723 668899 979068 712104 157143 991445 536612
397324 257417 949437 388551 678161 882593 433797 233036 920200 262111
16660 889566 444176 469721 564628 229138 311084 229749 775781 736675
451422 341189 907780 962562 597770 868523 584947 603871 352571 277153
965398 470287 945668 337108 592073 555686 902670 232373 664178 625490
879340 388182 728097 837431 812632 922475 175073 223136 623204 489263
731949 212984 407568 420088 218028 196510 171466 540931 930697 444768
717274 66231 20634 891742 107997 58397 151354 922859 719370 179331
759554 862210 951235 248299 95430 85832 526664 809935 504007 479168
313614 837248 146553 644944 82423 907124 454466 186975 353396 293592
298996 884881 323030 87494 321099 292614 524954 707484 323975 441294
355677 515387 633235 866428 312660 490683 674482 288046 439442 837303
25218 548140 161953 568805 863600 85425 290638 53394 999395 771240
24540 909541 822721 687018 451335 853351 450500 643253 980538 746333
537573 745556 543675 747764 122138 17713 929535 480530 670340 488679
781673 105654 375146 164969 668554 629602 312617 396309 882661 739166
234699 99478 435960 500656 571494 166163 245302 31854 664795 742218
835458 645566 782416 292486 692782 821557 445556 985191 15888 350216
943800 987127 475208 172059 34057 72748 560536 992560 340679 462013
821862 731750 781400 768634 267122 770785 973038 101301 159686 153759
847479 634154 273146 374482 120907 816330 511112 964276 395442 154831
536485 334771 69315 578144 273568 329246 334530 763255 64088 933482
751191 679265 298592 637582 391362 994028 828814 939521 302524 316429
95316 505712 349143 745823 161825 406239 214344 360675 726489 120610
813035 472770 825169 89007 742843 115653 140214 788148 743711 893122
872247 510325 965832 11104 332456 78436 161534 444417 673828 466086
969258 603862 692223 473663 505245 515495 513571 537117 658773 284856
731191 452741 46596 607095 207270 81075 474415 316764 52335 388152
22195 929690 224930 50191 487940 870077 445170 544371 218850 596368
354010 218265 400896 62338 459192 846543 711472 416375 554337 256135
78443 620868 793184 557569 570702 751691 365294 707243 642325 960616
320499 308622 825210 802329 213966 214983 909074 934905 583625 592959
193297 640103 138299 592331 723049 310126 394891 644010 684300 319893
152539 60754 763675 797811 255475 259632 267100 241610 844040 796366
791327 639284 283380 117631 866401 568604 700338 595839 347790 281222
519345 891314 20805 639517 939199 919946 789643 139121 7406 882395
854754 445637 7029 447600 216860 627361 761999 774188 288922 476553
72232 919696 617593 702582 763126 10669 74811 838777 584816 405335
549698 565889 574548 937653 210466 476745 912178 616058 871252 762801
902956 585938 89674 644080 202922 517233 250904 381527 894417 87202
964530 371775 518401 370282 748162 101538 161988 232848 587615 391730
431815 56597 356291 254197 205299 256482 339935 125540 238311 866068
922349 957670 544909 113527 621356 86192 428096 49917 926917 994374
342465 570644 594706 173415 339269 124326 763563 302803 508325 32941
490944 992531 390776 453500 220388 121614 975737 367752 530230 788396
245226 301804 470560 283646 353469 977008 626019 243806 627602 228591
48484 448085 876956 380651 847598 332414 623058 353008 797225 361726
349862 801037 978469 910982 102818 862705 358409 445913 907132 154500
532997 387045 789211 246396 867070 86981 625313 497177 423258 405067
504250 246399 645948 428987 248379 807680 50326 286416 211145 484341
876711 280896 749471 797190 63748 756221 763331 634205 292737 267964
318782 327111 708263 47684 810324 41459 45981 652241 332388 650379
591568 762913 536125 833210 554191 692004 223153 315385 42602 140945
255995 320580 120304 666231 98304 609908 631697 813344 936625 650258
570269 168513 283893 593238 820605 97212 652657 435224 950494 661706
952687 611020 216275 397071 22612 883691 338005 167572 738671 405969
175368 80209 482289 982411 553749 970916 26178 83648 875849 931379
172157 994965 944295 378597 54478 790839 571302 959421 655322 716878
538390 111338 858659 475749 18592 187657 695566 741669 529080 774491
314376 421170 704263 605050 536372 891798 188644 181080 539705 2047
956001 273191 886806 841914 487903 739721 839368 986860 547345 732147
279136 984059 750964 618058 458950 636352 619889 919532 593570 65123
834787 651130 62698 869456 499227 828170 567171 871047 220311 144277
795895 710560 118608 329105 188731 582731 748221 138036 990807 589954
38183 833269 72875 126974 923182 278586 87526 895384 75705 563108
337052 624318 369385 878679 856742 10400 261696 807576 676281 346270
473806 874430 910601 252267 764933 509371 988264 715365 921430 466801
387922 719456 132225 578956 679549 911297 173710 879503 914566 434884
395757 68938 674454 699364 794272 418502 117925 753311 232380 11990
765775 346964 506069 565609 213255 591814 893726 291446 107465 351613
938113 873918 753014 892328 158810 408827 600727 740624 977041 459005
478675 275078 143298 852704 76716 84475 850031 560096 85927 344759
247331 93302 115396 733978 31084 460408 588091 754220 750265 302080
166569 943510 751697 214266 790668 997776 365063 124014 493380 71521
245783 238505 774217 270727 141784 873938 980752 193876 773652 103289
825056 919848 325500 808171 445557 673702 722084 358772 966430 752869
872475 769457 829888 547760 136535 548196 438855 202053 447526 190120
542965 38939 581267 781174 216987 323517 248093 522037 326982 870560
594869 756577 948038 97359 301049 534326 152168 379354 54556 191719
498217 381032 389337 265678 314353 465857 200152 782957 752198 725498
56610 137021 967359 68140 322012 287570 753038 837815 180312 805253
310277 467009 974954 731066 994878 337919 730086 542164 961606 25279
800681 858890 185900 509186 826841 312136 767072 459339 914083 702798
467323 870798 771418 462877 978133 44975 222374 236152 306953 425649
683649 589183 294634 720125 686880 679210 657845 244223 935081 337780
203515 947739 255627 960639 236277 96942 834022 601078 924317 238255
46738 23164 147946 492561 704555 26368 566630 876869 90938 44920
472511 352838 678833 809073 537979 483905 626966 130517 972265 356957
745871 48265 143423 765945 442881 563279 290788 897999 231366 11456
314105 727747 741568 173941 977136 961851 681340 846175 396039 714809
551665 44930 55847 105186 548185 227294 238956 906526 532222 957416
329332 749287 502536 267828 759377 662264 453126 146968 50911 68137
52073 269532 954319 58792 992332 350974 362749 71875 889171 503610
720220 506776 373031 275721 776693 135562 904370 478480 722822 916896
768879 186695 646655 574125 243741 382614 50898 305013 281841 896404
974188 563866 809596 189179 994945 36200 887427 311621 303054 657027
148145 536252 831184 855101 808690 399398 408147 360361 345454 759809
261419 502597 3082 904448 496829 331732 159110 820793 314823 306287
870209 660952 937297 339873 151547 750062 398479 431793 290750 988175
67747 226450 519945 822962 197289 111763 456363 961275 192184 458646
250418 907804 563426 766340 282533 7579 778681 693124 349027 556074
695573 194422 445857 82746 918573 111205 189466 979531 162957 737997
171068 73609 701167 740331 966950 315392 14715 426628 352301 823857
378952 309966 14385 311032 908658 497440 155078 473155 957832 853003
629649 419685 355948 160819 179725 369390 904631 955535 613336 446586
326657 378495 701775 918752 254399 609270 161836 49270 233051 225240
84137 825346 389237 82141 519466 335079 175634 896452 140741 57010
102716 525135 607969 159081 462756 571322 180468 130191 369349 463960
792348 457099 387147 845446 163189 543574 32016 79176 21301 311359
470548 332690 586837 686678 477746 163082 316558 195484 411417 510727
469299 184466 279896 654932 808582 902729 316148 607581 376371 372160
644796 508336 586236 962405 281775 783163 579818 684906 76640 250949
150125 91995 848568 492689 59163 286755 36599 715696 613286 75875
197691 944390 117040 657753 117666 710191 925886 654768 156656 506206
56329 707720 929382 589513 646162 919812 631266 839334 336243 841541
256375 986534 243397 440777 571642 720190 609248 443198 198507 815627
291805 717854 358429 723954 217572 912828 162373 62237 701484 88636
141848 844588 976728 338160 815978 849301 975730 598081 604100 676190
283753 139478 552580 532673 536753 393078 556789 322049 169651 283719
581544 376518 440716 763255 747693 837468 353518 351501 85564 476406
356300 824320 93256 366307 965356 576599 510146 608136 142133 149075
918798 199126 161378 552144 473384 552761 648827 109738 8520 380169
167048 249945 181137 581375 349231 935831 976121 281957 372596 484493
746545 430830 13144 620312 537603 282258 454510 188373 663358 708765
879057 203957 182664 84866 193850 747343 967997 924596 517391 720759
403191 652952 552571 164624 590957 607952 160299 518761 394961 545353
607677 137979 698554 607548 560720 967349 766731 935313 876022 416939
43792 877553 820768 749780 170571 347464 253664 419956 678650 917095
588708 387452 105114 618755 738460 634201 186839 407945 900571 49005
348929 116147 394130 259837 949739 517498 342988 78582 751272 5757
512770 235615 280025 50484 979052 838160 868762 977159 169448 743587
378100 736203 837247 858797 320408 969254 489636 117296 859613 461565
326403 23967 485068 652937 377825 417296 293851 135679 877435 455756
439243 746501 971602 307571 553054 99663 235434 384082 199248 962425
724234 906468 529070 909164 670151 480222 73049 887259 603366 361781
63336 403917 401784 470659 753630 255644 370325 979747 584834 196530
212441 677423 194586 299868 285713 949963 269500 39711 650709 150036
485431 625491 287221 949208 588076 301154 724484 907912 444590 725954
390403 466664 430188 339783 245786 97187 629954 614953 974715 326628
196834 43916 511412 335866 767054 581144 239281 494633 869221 4594
830765 985254 640925 699815 4066 38196 280490 763873 844406 251555
845603 651466 353447 713269 419204 99392 798540 710718 554163 651783
703043 616871 939034 294414 188749 734671 702888 388137 379959 604989
558876 198092 925474 809347 244434 402930 248920 277771 23790 266042
487588 741633 549865 927702 114017 825088 534768 357568 348782 863006
927197 486751 629166 212734 878263 650207 698115 232452 316410 209713
294327 229977 605541 942119 863124 100595 809550 464074 670654 557807
533921 906884 606327 158756 303287 136 824147 532323 236762 586020
769175 936738 885700 854278 765994 789449 348337 9780 759367 604648
626277 747993 764342 880571 691641 283438 533389 770720 617229 698633
664275 161869 170723 435054 63784 2242 199785 316350 721381 145895
115391 872490 105985 123984 195798 106207 968234 396590 950770 41324
692948 396430 811809 208855 878495 658070 708305 828487 785747 939690
179046 568851 898009 775262 8183 891396 457359 469366 755659 376054
923775 757845 310871 14772 800575 778618 733696 862362 133490 969955
249806 837788 742964 668429 87182 77334 482383 67299 733503 930439
115394 799779 290812 155145 793862 186499 790621 752635 635495 874806
879713 833048 456642 178621 968527 812503 282110 39447 631856 908673
551756 575345 272568 663111 974530 700477 681317 458315 310382 150846
855594 511797 997623 295144 313416 156295 648189 970663 14592 608403
610070 303016 536540 503203 454225 28240 570707 984899 718652 150031
442845 680127 796239 845492 311734 806864 95399 292709 230525 962974
876308 117551 348827 781038 824277 109449 443336 838075 739541 353179
677439 73740 682418 443322 830518 667472 328381 482148 320846 148909
172595 467655 619756 763119 625500 448209 970511 931785 100286 531689
658494 524619 687151 640887 249558 123026 295485 462177 419952 736564
760087 764786 533978 198042 528086 261139 743799 916439 73322 275425
998081 36893 590996 225371 400806 899496 150757 138909 843337 772725
512540 242856 311191 939709 635460 487647 275838 88431 969937 306965
8071 732165 899481 323141 49504 883104 362936 370593 445036 859661
465969 108054 842917 884176 671389 557700 260684 813651 449011 674287
124892 806798 578195 833483 455367 703760 109609 913345 53671 183601
56770 635562 445299 910206 183583 878909 106704 343763 284941 222129
761113 437635 183038 36803 66036 486805 397514 292677 385157 738373
354526 12707 173840 381597 255355 891120 784332 114071 66965 572960
165740 568650 519998 609219 82464 422624 48905 756240 902796 310331
694613 583155 375059 805974 331719 579126 819979 595818 688156 705513
81810 201943 659757 161112 490843 264956 448476 906491 896918 497440
312151 4207 646564 933267 888268 94970 730865 310655 751578 535306
334353 508450 468115 155440 921873 984692 539123 413021 431737 13788
929322 779298 39952 354772 766358 268158 79409 346190 630136 933892
150772 981871 154222 625186 689656 235634 781920 814669 279003 12801
278755 506724 801836 762595 19145 377642 648138 473522 848238 842226
228243 799815 207070 231505 979289 63121 516174 967927 170207 243250
341147 415886 673823 211564 770657 724007 167851 53153 288629 725804
680588 626397 947861 414815 660084 968617 221368 468389 40612 803466
334040 114687 474971 384643 440832 216842 254134 664698 271501 38269
926343 376009 125538 609990 740879 671139 746312 389839 752791 516163
725090 780101 663929 158414 348759 314226 997479 75689 177369 62548
922154 886934 791776 221086 482350 406198 592450 809512 910781 961476
195952 754144 862180 235290 431381 910468 663507 712768 829748 177571
796783 579931 772447 914776 78842 50456 903726 366708 112915 558654
967783 369460 63904 883899 318218 986890 518241 626906 158735 35866
139597 135834 989497 425327 217181 104015 754345 290113 504001 854003
171870 507018 646855 690648 770034 729729 995029 30802 693134 967445
94245 840443 835372 249080 253035 806683 675104 444982 875440 718681
397911 795165 887586 343432 294272 872335 168285 675005 57459 714254
295615 63062 176979 453106 88877 582479 225957 70576 262406 686314
45925 634352 527623 428776 622581 353888 363261 255374 49790 250400
755493 661934 578912 105263 360241 81053 588709 914258 326607 974960
291474 774122 28258 701928 685890 115801 294283 804674 583598 719735
113372 673579 336103 403472 104772 893560 155304 654297 439373 952781
616276 223781 951202 983494 808702 956129 477441 518930 645537 644870
425245 451940 108632 908642 376810 561861 576537 76910 421352 267934
547722 617865 915277 608586 197127 79666 796632 879096 435104 809284
185352 388606 343337 767900 46830 686448 302397 547730 53057 713255
184244 977719 273473 707467 472560 469931 510421 593507 206943 511183
676988 535442 821971 164394 509192 304836 86107 563732 306811 690732
813885 866339 943477 336024 374435 387660 245265 955813 831269 699880
594730 839259 839978 165514 711546 249472 441126 855453 243547 364913
286767 720721 255400 647945 733396 540402 62278 583008 666041 499081
725932 307839 681564 655074 816946 976064 109851 703670 348077 584678
537973 618857 395993 70458 117589 376703 128464 538789 881639 853239
45881 739775 123164 453982 315590 761697 219957 692346 509652 595401
416104 467992 776157 943253 132306 746356 236478 403320 670002 281632
523507 209860 523609 930642 178984 64432 215015 918560 598324 116529
626530 52574 777928 527583 112266 699963 839414 317709 183450 688781
290060 645987 448846 291535 793024 459313 175367 437641 243809 730414
861242 875486 505878 983242 753765 85723 649469 118299 320856 682260
187825 751882 390430 104403 72712 127352 565256 814405 789165 168424
629650 880646 798188 732808 402879 918152 920172 244766 251116 245098
113775 316006 172202 417826 662512 91074 143528 938306 695303 619253
225154 692996 444377 120334 618868 400652 894937 319237 870995 362736
977499 251214 231353 974756 281249 817433 9500 107989 41304 601804
130971 253054 524519 802913 906394 658500 475011 598257 352514 758478
90874 668366 710504 301349 26844 446681 420667 682050 180825 241037
754845 703165 577626 853103 473835 95312 273481 986933 538632 347845
488924 61900 256064 866285 201638 485868 138806 873405 375444 212608
569997 240600 535403 391796 625590 779754 344675 79644 525497 113286
4567 66905 747737 452047 357586 296628 623727 426606 495180 348638
832662 831577 334311 526544 105790 833975 629066 365914 563966 706125
539633 677666 236066 591416 530480 534848 901924 718417 36917 152606
250058 445997 503799 385011 724051 12184 647937 87089 662466 909343
647338 583301 427149 878411 623894 319642 66032 984291 313063 550740
743178 925852 944954 646279 309451 134239 432462 82311 531859 196289
16190 24580 159854 250722 87004 719587 204310 662277 896285 783997
497991 506554 746579 576725 50113 630239 980247 630998 98349 363570
576528 408619 491451 442347 72973 203628 84500 967222 615258 540286
682644 758241 365450 608042 247577 957909 860946 512628 128484 443564
269001 685602 89153 918422 427528 830906 609467 417131 826805 811779
315527 688754 158432 149116 663387 602863 499074 685214 839756 369714
150219 458138 550537 938709 891937 553350 428317 259259 332278 741248
446502 748717 562767 460942 144081 663178 419325 871776 788671 272542
397160 923445 664457 197975 696859 877021 973025 455215 877136 582331
931856 248231 62342 411561 304861 392258 700584 827457 448263 706395
544842 504406 576003 456965 700246 860098 115335 749877 566477 422561
275102 948868 101903 473047 48748 310209 305377 879535 846003 379806
770110 349655 821679 937942 473393 190194 113488 183830 443283 186677
507875 298680 9492 819975 688217 56812 749386 456046 137431 144393
791523 319930 624876 795457 96508 169178 461184 327929 716754 823280
293960 929559 161167 628166 795039 860312 555075 718952 328482 409702
591300 393080 827169 688437 417630 794974 684852 876204 991964 906648
683408 542813 581649 755154 767703 443418 91159 255623 671349 744779
892059 455871 642560 405515 987509 529215 57795 263911 882938 215911
853229 780899 70995 201907 743579 159183 380288 408477 143657 460983
157434 146173 912145 97266 869758 315805 520758 640630 790588 295618
893519 686413 899893 156426 680832 966532 967560 64117 731236 949680
595869 650575 57826 208803 822408 602128 410937 907595 444807 741743
817761 75679 264062 616221 120708 310119 470716 639780 986024 875322
997720 179509 233940 707007 914727 37476 799603 365528 571434 582607
191109 777019 217628 699932 581020 153936 653579 948548 616338 407853
696973 213390 541687 871909 533319 982104 166928 791022 284784 774284
871966 349902 63696 387325 712535 777721 199435 323042 705577 357315
887014 746400 71743 981166 793854 875073 276366 618215 553208 594911
49430 775809 842493 551874 469065 51533 785226 615673 478454 225048
522736 12991 743901 402118 50687 488718 941681 203942 570162 920347
388767 398249 165418 27366 501218 513746 744336 265106 134900 960491
716225 430058 153711 915218 984643 933125 941250 184650 521242 39544
672066 955483 233290 383024 136236 953215 147343 891390 891531 994632
7543 674845 118993 697915 638739 307648 849469 710688 445695 708961
939265 268596 207952 913110 490637 129987 519814 300678 671608 844686
999103 154844 450863 844887 76201 758418 78994 649407 484325 511898
437986 554087 704909 166790 601290 889277 534731 438793 209333 398681
873507 464561 504788 995642 374024 903649 98658 701208 3990 597477
926692 959333 764232 475279 671118 900104 907827 606471 257895 496793
592354 602216 125124 15531 932510 224297 609842 582502 949939 518669
512657 148261 199473 669715 694593 270691 869357 562401 635863 29695
114847 801201 102654 1852 302981 417305 478664 781313 28920 51835
878232 135657 377580 884153 769483 420052 469073 453550 662549 685025
522647 62665 595108 698832 943419 605366 655882 814080 148670 316871
622875 846226 28168 470471 486602 615899 949574 273920 80942 783625
364453 115641 478355 349680 15975 891584 63014 561579 201856 542513
506499 766012 956515 37946 372688 415964 292694 732003 703946 280459
542262 86924 646089 22682 134557 470253 697664 813740 853003 280926
599674 720653 13623 926932 669943 38783 991245 313990 557791 779617
855708 320156 226948 50348 612096 747207 419211 69732 442346 246896
538861 994050 564179 507553 417469 940229 434153 49612 54893 512910
335792 88694 967859 431874 475988 754728 521471 27710 47690 989453
817064 94418 359556 973888 178425 860788 933458 552657 329681 471627
16370 411752 198855 408916 20327 861050 346482 297971 184868 219750
198543 623253 393087 65138 618676 844818 679852 769690 841977 960059
430012 713923 961534 270743 758558 11635 937481 856307 431641 902809
396591 669967 910809 578341 547542 550051 24355 467382 118807 632703
863666 174997 286130 336281 119797 488188 822838 961388 208683 831690
937034 983560 685629 224781 517815 281681 874032 655290 400813 511136
303122 974780 721480 844194 371507 491539 635174 430727 86948 491324
239412 578698 114324 692115 280838 121747 570274 69901 546727 19333
563341 659571 508186 449413 182541 948809 55798 571306 119149 301744
831687 909208 5026 388101 854083 9332 888421 32132 479293 64531
948673 588699 526472 946640 283845 465281 34714 579814 906200 984628
227122 467225 328295 103710 87276 971712 228721 880883 366145 872432
560917 330393 43402 59510 418557 558661 639886 735797 515317 846928
394041 745428 550297 719214 204839 41083 348051 120005 684288 512673
161483 90359 774260 850870 379061 756617 516595 203965 130798 351871
230409 465802 23537 589905 346779 90816 902650 435484 733858 259658
596265 788899 270319 191966 960891 826286 102625 566474 749659 539196
829257 548231 40457 215526 793994 803960 217469 790421 141261 974815
257263 887750 842496 865678 454186 172468 654575 380325 767556 237604
980026 280723 741164 834448 882434 563990 288112 798423 838796 390467
108260 661222 520371 815754 468748 771946 756916 507423 848905 329110
639353 704038 710524 7638 127409 13364 564679 453590 714618 530416
78995 907976 879923 509063 351065 494588 606389 544005 741262 987488
929869 670863 103339 482101 541228 893489 755163 451851 293235 496396
624690 142731 172922 386729 849250 586243 765844 936671 582113 451623
661212 902116 521743 774226 280034 597554 313269 197219 788633 676975
992467 806893 398378 391634 847163 704198 422718 766167 125716 169447
541537 638184 815546 522405 724796 904093 350622 293055 540713 576178
285199 590629 653857 913189 32205 618500 699106 469965 68246 815873
948684 678779 5694 187521 1604 695842 161992 388972 596546 912332
666047 243469 671983 275562 65745 44191 968988 145602 879950 862264
140776 366187 964733 575912 49223 456909 528636 105806 4935 386288
790811 156488 79931 273636 598742 826214 140459 424488 553940 708825
27540 603243 219064 26127 277263 306193 647293 389967 194471 731159
814158 457950 923738 373727 475747 901953 670812 812152 960748 846317
253672 685739 170748 394286 600800 708718 899648 138367 89119 578854
402374 22039 908766 316827 313541 778506 59055 622049 898817 474913
317255 642088 69860 551232 902398 749171 626592 594780 867096 716587
655389 511156 82892 467389 275586 209234 287754 110579 937776 931739
909195 130124 766997 284020 761431 260900 967258 374303 127309 207072
721262 15265 432296 397106 949564 287564 668230 639538 655689 203261
364850 967072 442047 802726 663104 755642 416840 635564 747226 926287
285073 553816 130093 559838 997723 484146 609755 711072 268380 375015
851686 391992 243311 500732 31271 656552 747241 886338 639638 417013
825983 235810 636354 175864 960488 809889 948860 554217 712238 838127
546244 823764 233461 252056 994490 858188 721054 980029 495490 405076
257207 97430 420382 628029 797162 854291 205363 582601 910860 293148
109799 94737 25227 596851 715319 714713 866525 875915 324794 242762
541347 41859 487647 19389 684770 604206 794189 443484 144169 508478
443459 690914 51348 5877 295220 327092 560126 170296 464056 774797
867773 44410 683500 61786 904068 488278 191921 621919 907040 5021
610993 41257 207095 470732 776214 676611 853298 496554 219627 29513
669129 947116 116228 968707 642187 940414 291369 232440 378112 306140
202005 129934 791950 190163 377314 17109 563012 108542 170664 219710
339371 984943 861182 810069 567766 419058 558035 407710 645449 414515
916872 387258 865247 212956 223225 321658 391727 875742 37960 82965
88342 830603 408922 68596 75838 421975 203560 801909 192983 200124
283918 968103 276875 409334 691922 617419 438874 664346 637879 749131
194332 711033 569541 116522 499614 24834 631856 447769 672476 819615
793713 304671 79130 318623 681824 690424 197896 900544 518976 548636
921 174409 645403 165358 816120 472559 424760 288347 11943 859346
812216 423339 292247 985602 255010 151928 23088 319043 501027 847083
115863 785858 324576 201304 984440 248615 670806 501470 724532 768514
239619 661899 420042 279451 824767 138819 686691 145284 401455 11574
462834 922153 896125 94469 871667 756778 195105 839049 27902 323024
246455 86978 912261 928888 195754 807944 427521 381318 706508 904595
713538 113449 63966 527926 660195 802857 661525 596565 819903 964794
993794 858262 785352 988143 432219 13764 783077 944555 67066 150567
766595 420778 642374 332650 405342 290115 341082 209972 600468 495546
238929 924003 574643 929810 560429 116447 676717 707972 955793 17348
665154 32496 630241 324118 730691 901437 628709 284628 966283 18458
911306 193396 705993 301875 137807 178055 931130 534852 825219 265065
430552 69991 68052 636225 575966 781148 213514 466770 957840 318874
682363 282903 229561 855970 779452 818571 316471 645239 698655 131949
115163 608053 846188 937608 989839 289248 892283 397223 530285 177633
318983 693956 406179 592965 77444 288761 307687 668170 606746 241228
903652 423800 492320 501474 650685 211392 322124 744131 230217 637458
329461 556186 51185 385790 245150 894597 443522 718279 957630 780269
650326 489907 881330 899021 728177 577198 859395 351717 820608 56492
804476 551004 515888 132991 552709 390636 970823 510635 610013 779091
984022 265774 595233 160000 688618 246998 411853 201603 118030 152620
462533 727293 14168 10374 258987 899909 478904 877305 61473 573742
760032 357571 460908 3839 627099 316362 754028 723162 949013 849922
918217 429886 819817 585712 329696 810473 530483 721537 437061 981367
288585 441867 624170 409779 765242 7411 798505 503359 997901 757005
324067 644763 786247 559301 34696 133549 315510 664653 539985 825418
355731 366242 159762 585894 826298 257429 602399 810093 339172 510643
927045 897557 503857 619367 458869 491277 17890 338029 287437 390501
529931 277462 76545 387884 186346 169605 740994 873985 822144 512562
79409 507872 826875 293626 49966 444454 362717 107769 79161 878628
896579 721033 619497 890459 11256 287384 631262 429891 568233 873538
247206 328252 716453 961338 447514 214307 396451 827288 155368 157741
146604 817389 269986 566781 21445 208614 715105 589664 945621 674187
254562 892126 117753 83606 932220 343374 921759 446424 498820 385577
974083 888731 323107 104429 588124 64741 293466 342897 352743 122019
157763 327959 803003 439942 177191 417325 40394 763589 632471 834896
191807 584270 291866 288933 529479 365383 759762 33015 258523 507523
716708 189847 850331 286314 457826 343052 653556 639550 521581 967226
306945 124504 343284 149790 369400 465260 917824 664302 924416 174049
493178 419023 954863 858292 451979 764060 429292 55121 101645 565549
622283 584678 70513 965164 759921 681349 529111 528837 975652 607487
716393 687548 128011 390870 319415 763584 551635 691684 258183 979902
161850 25173 79963 452160 446134 416209 571661 11127 313567 718680
36423 297168 616951 313781 441810 71249 357916 233518 185510 969419
235756 857259 787360 195165 571021 647904 234949 26446 532234 857589
21909 191532 784707 733456 204700 113972 3798 550638 745338 447751
956929 188812 461591 684179 124316 563109 955566 403451 481886 909052
162312 287878 470724 664616 331577 368120 412847 469350 945393 933366
7089 291567 435116 702413 260993 188047 137420 75984 631350 604523
367608 71620 989137 426830 105349 802065 724229 315825 386144 574090
176657 855021 440748 443536 501051 617099 689404 691275 440347 97948
956178 345463 905913 629123 361109 416561 240211 648751 716488 662706
46106 582735 857112 634948 511095 508647 351859 39844 531159 841755
690754 119415 449985 496696 874654 723884 160258 474586 391732 810592
994885 34560 170481 412720 454235 989670 541656 147177 437432 600149
522943 382504 91976 366628 34948 190703 768274 353910 551620 464991
19383 933805 827791 532217 904652 62859 898540 211078 732849 997178
150882 39764 560699 40690 621514 51202 813816 177695 105712 712417
553825 277527 250828 933630 627836 313174 453333 798756 807243 718014
316182 849485 307584 172023 17871 789718 83045 730431 683120 96608
640039 94051 76153 970217 383485 185329 100923 634491 653331 449066
218850 391189 539218 144020 147378 921652 219584 9644 634845 127689
175128 281002 578595 15177 393103 307430 62151 340036 149421 556688
895832 813173 192248 205071 555268 896771 91236 287293 782731 460773
676068 893980 751486 520103 965346 837200 755157 110864 964478 784300
161201 334748 372791 649692 986146 287151 693169 3023 531128 936777
890733 666157 704808 582069 216004 396759 988796 478334 72893 261998
627542 721566 962350 977486 537909 169786 272889 725748 600073 926379
796018 654099 273326 252228 132629 92139 734656 169990 724425 214642
910042 118695 661910 988107 585929 356514 11876 198112 835537 900984
443170 318500 424007 438303 571849 219972 503736 697698 549399 949092
342374 18979 123206 737932 476189 31932 96046 65523 660110 933816
359048 825850 612910 287502 244785 204982 554627 486166 610001 747363
309453 136404 195371 865591 498397 670527 520471 297033 58999 914137
977097 652476 882771 980353 680092 739716 941467 785119 769876 374795
690355 765626 606235 206087 728972 876075 662508 400963 215054 460232
39021 860562 594537 988004 34344 334902 18395 548817 974876 706842
81072 514707 976477 699881 218555 811738 416773 156760 960612 796856
919477 515684 153275 361297 483600 936548 899726 698471 880822 355162
296335 137655 477663 947606 440758 180469 177209 560791 661215 318521
605802 788522 203143 485130 493173 281343 970930 782610 682224 556533
119837 956114 830294 667733 542651 157866 853092 910528 562104 618352
914857 834590 903391 394844 551054 921533 989804 982506 333960 693863
106438 990048 771164 710020 322528 758277 783941 38656 266365 672376
384772 897952 215645 405398 927585 817710 491249 425065 638189 633058
388687 551126 291984 890102 550379 887740 123028 218794 10835 996521
867575 389319 42223 477930 702687 982559 558155 573988 30445 488326
507494 63662 495484 217699 62353 266054 175986 374290 741495 53948
995206 380970 946183 462554 517691 841189 161142 116769 207375 154343
876555 881613 222798 306853 792022 487641 853321 934380 55229 819199
911427 242006 652200 752904 482385 290177 955630 249729 703860 93725
364748 989316 110535 456830 575710 33160 722488 721677 400269 481508
859991 520545 505919 609034 748205 442400 645800 272153 229599 268123
425543 374796 212701 467654 280046 159080 903467 774873 381730 706992
429158 325567 687041 607169 220957 446188 463759 13102 402393 520868
584024 625757 205983 575816 149985 77837 79162 173830 871274 606273
701844 283730 939541 250056 806357 297497 865162 94048 303570 990697
929411 662104 644274 143435 709777 847884 446781 313294 822283 47380
380900 203515 708218 596597 201655 275828 163434 135316 893724 810477
425096 803292 976582 190060 911140 241739 482010 707145 266069 569816
484088 960068 12332 178345 381647 114351 522853 346060 653031 425217
520887 456909 503516 575381 75100 527614 203939 190866 110854 939285
853081 838704 426213 297870 344112 560013 482495 361595 874907 703474
385095 828615 694632 891235 981225 938555 500806 397916 292445 227699
952611 68831 75115 638855 275246 856787 467561 109515 656084 464890
449077 173620 650530 655583 69710 630268 428967 125694 999560 254882
915274 211924 343631 556042 144861 583573 335455 140626 345849 42605
736162 554962 893791 970179 37947 524113 709671 538991 823016 535905
276093 532316 498729 836625 332978 410187 652891 171862 827571 794754
16421 298964 789581 209699 882601 94987 848980 277160 780045 504075
613297 201640 693927 488796 859762 721395 883468 944220 611822 593283
595924 943045 93593 233618 964415 750121 701454 758598 487543 627593
407008 259086 392113 7391 986141 983882 408814 684911 65378 540588
226386 558972 854023 661033 112711 548164 979353 44935 41999 395509
387305 714642 601206 969583 574907 212684 149305 481573 500221 648779
338495 325425 500408 282966 835271 486592 652650 161768 778204 644148
165368 878780 516071 840991 450620 347783 885130 828809 281306 628469
538223 53775 687980 250736 137043 18965 63750 247358 499803 750994
163833 751158 272978 896231 727514 94985 219421 471387 267644 96880
309646 582000 18374 874113 81262 145786 447196 412714 933817 644036
226072 818077 52606 276247 922253 413517 264406 901993 775055 319082
694465 594945 87588 90432 670336 345249 65279 80206 743437 486429
365687 472165 295187 810442 581857 595731 309221 34370 163490 685273
339663 343628 278194 563257 800120 595371 975671 345011 85013 894441
526531 17536 979727 990674 918353 116217 435779 393831 328464 909979
146343 189409 264299 509898 187572 30557 290488 498888 946169 877941
71905 669744 711730 144770 266627 828632 147479 64336 686836 634121
924849 490665 807554 232231 130340 767656 3007 507549 308334 463550
939129 165842 173098 884726 31451 235601 425706 677610 315672 115940
619219 947422 563234 289810 165569 887183 795389 38267 220720 364346
714556 506328 472679 698216 810026 956782 220122 636015 28978 593985
463635 7881 394844 309406 667879 74309 756311 214303 580988 548491
322443 542294 838336 530564 613072 931265 400549 141969 666023 322651
290198 483861 203175 571749 185769 457351 239570 629165 25481 677958
991996 579673 37388 609092 936546 621545 812431 197056 489850 403102
532292 833034 58112 162855 826821 742975 912427 782700 935816 647868
878803 87379 677918 255385 256686 51543 893377 146306 346548 899994
282111 226605 732303 431749 280105 291517 572300 400765 480230 515108
801423 322859 88985 485075 176416 219966 401118 192451 369328 528221
390454 27052 810322 233688 582546 259737 888603 449200 95648 255805
693941 185433 619841 883696 21311 431913 989296 560102 988952 30704
3221 721600 516124 498533 515683 314211 795188 360221 690451 937728
214697 602480 534378 814282 956915 777725 566665 917678 446149 858613
72804 324181 870392 981120 666512 270437 222496 964284 325757 187193
636620 445555 793515 212800 500065 213418 669149 568607 199177 188458
749393 103246 180322 949502 360111 170903 795869 239571 400619 201754
32360 502055 421289 620478 360068 212904 113543 162642 100468 919912
258980 972632 925834 132953 619798 83496 807456 161358 65209 763217
816854 542844 934231 133458 806705 4755 90419 537183 239003 595132
680483 554357 309003 243764 496796 122640 740374 496284 321444 443550
583270 540597 168437 895602 716277 694131 471565 159263 558057 491733
171974 837213 764921 877748 384996 797050 705164 817731 414309 431901
113650 406604 448246 532478 18711 312386 865282 231043 974209 709827
877697 886770 609532 511071 449268 891002 537396 160733 514191 134284
519336 753649 11699 376656 194691 46103 486412 556384 687711 651536
589059 306798 225246 994068 542897 401889 688206 12057 280890 319995
126334 250648 871650 593744 814578 638055 797468 276001 71169 653442
793696 815154 342966 47574 790587 172970 737448 842668 723827 2631
765999 138829 878500 43796 10992 39776 445677 434515 559252 654876
736701 781113 10093 41407 687497 512177 814300 607074 976746 210129
142218 412402 291648 827595 737109 185883 550242 100022 444690 549248
889585 739027 313941 927641 215045 657052 211057 567256 511286 360457
81692 725704 96354 831544 86288 493412 529181 595305 368575 566413
274982 643623 165040 537873 708559 45980 295427 63848 231133 700940
268044 326249 811425 7160 123423 436083 502213 512034 952365 384874
475116 283142 590227 535956 386311 693937 674927 510378 946451 966648
553174 20336 441990 981624 102526 372916 944092 985860 935016 728989
85754 424847 609150 560647 480071 631246 2580 304548 78006 947722
682404 1092 35633 163983 206545 712830 90897 657971 605814 375802
603584 552117 175136 75874 699282 332520 646826 805180 43342 493435
986710 103094 33459 832262 958286 207374 680618 89938 781422 830796
119854 656648 768785 962723 269487 485866 314708 581026 256880 440314
327302 366790 251792 215004 299036 519992 849230 8010 300318 316516
120524 673680 34004 811519 262692 985570 117160 253367 676590 801080
538748 520086 870916 885175 120756 406781 991148 579814 679133 160970
151734 201032 880318 258132 20383 544677 833937 645625 353849 308278
820528 715301 456140 55811 787863 853292 311687 477595 817683 815755
140810 856267 388424 310596 964059 437988 684379 905026 573196 785557
775231 701521 923986 66282 612118 126175 40290 742413 632072 892369
195009 475151 595411 373658 481512 881109 682865 867275 99118 855856
475531 577624 589957 387929 776572 180241 923076 165114 478587 146168
210454 748226 700606 30707 538563 812841 736400 511078 926880 919
114624 631581 360519 857907 404818 553643 597044 633343 484914 111015
526774 686389 582323 649175 139340 172953 405718 184595 766380 501924
332000 115136 928207 42168 150528 275413 445841 972749 371559 687261
803438 924466 348414 619650 581638 177069 777981 106681 43451 803898
571417 124112 478620 412772 858193 897234 466059 623331 352582 845815
503011 890377 714053 592638 644373 609712 229240 301390 966486 493874
769939 228870 303913 171763 96025 427170 434845 372950 291491 409711
200775 981184 3162 868644 363012 131640 36511 200003 500246 440300
334925 596782 783645 238872 223454 859514 462551 641805 971341 467067
925335 784072 807452 456653 220312 757321 491490 935742 455649 550463
903253 253406 66568 554276 61801 731162 916650 78189 824843 325812
513128 54089 258542 162574 844127 476133 939510 13884 893306 256861
479322 925900 301349 763547 493555 765098 403941 725634 16054 465314
757755 340353 477909 53132 219030 659561 583541 903031 82539 700725
321090 938834 321432 455609 329244 875154 519782 372712 380676 73245
410972 595947 106744 870870 103856 540171 768266 998754 275103 667950
226103 8951 617392 287414 624751 345662 73528 590538 69024 99573
911558 933540 378304 965115 301855 769625 671568 420224 525645 448736
161077 293490 313627 579562 410955 78426 710390 254500 694437 263294
552603 474859 38828 741015 955252 500184 207014 69459 554470 132067
497363 346300 410954 694673 286121 632834 363651 609939 625040 671101
416247 23122 988490 332376 942753 730785 17010 326229 883456 531454
315218 67301 133749 228974 362782 284137 413157 9505 350754 206729
772124 425260 451463 40101 34248 762667 239620 106988 33706 760786
995856 128863 397741 810735 929262 938595 643274 76692 776078 364670
788364 786288 940115 231625 614929 81623 630519 677738 961739 732357
742435 191640 741051 922500 448438 719151 706501 337637 66875 708601
890829 288885 177451 815574 306644 940384 715414 563172 715956 956097
520003 427767 231417 656485 77348 449065 448172 416026 444094 594738
145808 969764 860677 324500 691244 124665 302557 986600 409963 356665
472351 928562 752916 491622 341371 115190 258563 202504 569287 610359
267711 640432 776613 992185 5934 445591 544508 981289 346398 562688
900840 118800 219875 554690 424629 923662 316076 765426 227844 765794
312993 956916 836549 244161 870207 124391 438562 502045 614971 98350
342850 65728 519076 14393 661804 449953 776128 41699 988158 912859
954093 934281 861521 964968 821589 455441 971675 952006 771973 3535
311168 497262 294961 750850 204126 958678 913628 698866 190304 555433
528358 59849 108341 138196 127306 284266 928072 354322 145952 445294
154968 672934 715494 45359 30914 895537 160166 591156 374650 291055
351463 323261 186888 64036 118697 406384 195521 48715 222609 99045
676415 707409 610251 432989 977980 317403 760100 709333 272006 127922
913654 943050 53733 635502 493484 796072 94040 839731 603969 436101
343753 395141 471951 767324 33780 145947 493056 131683 597941 918344
215865 661590 320629 284088 905201 172944 861293 616743 288521 159736
89824 870621 527315 89838 959414 339472 519768 61880 549675 957216
874021 105255 344828 160912 473767 957891 409261 865440 476203 561480
511453 653743 585996 28903 289318 509363 248313 885637 682323 465054
255424 628580 654413 406561 979722 223369 564520 115493 561725 956021
763543 140074 268339 176980 904429 411234 154268 757315 732631 213591
99758 685982 757768 188243 988112 614317 13179 644899 466163 842037
552258 970310 801661 253293 159898 137808 175747 730285 882431 438314
987271 474410 362075 130088 814172 894267 649621 625685 151589 416458
266172 281926 600790 436203 332595 766557 933828 799975 198978 782180
119022 314584 190542 647619 936503 304532 861998 708733 160865 512222
177879 373439 222193 113394 825721 638611 165122 995106 630895 383798
698296 151862 967920 814451 913071 770697 501637 224628 512537 456414
81599 989952 651191 108945 303936 206658 610422 84572 937849 274512
377493 442906 903934 905370 720077 497455 143422 312287 251788 32623
516627 830561 964393 570373 715708 195500 172101 437916 743823 980675
441832 47514 3899 124521 223786 389350 827128 792299 320815 492283
43335 101560 965626 449217 952727 489562 343556 794760 715106 957275
705914 987578 215189 224365 461183 987635 792441 333331 861224 34999
130132 863400 801518 167853 571830 613341 107865 822370 319671 107471
729957 658305 685600 789715 416944 86687 520722 713808 670079 312246
351090 386161 119334 824194 442955 266749 888224 770270 781031 860450
613613 54857 60063 602675 877493 466797 939980 962778 436893 643917
432670 67089 660609 101429 803716 130742 713307 778923 798651 915834
298128 453727 995565 981326 353805 885263 689513 557311 829466 92430
693444 583209 518936 575193 220692 529692 568765 925236 574612 990690
360024 160983 305921 899581 303686 850330 557161 376118 802820 814882
550391 555680 434656 327679 90404 18391 822826 769740 853053 60895
987506 10281 114450 910530 594410 890253 225371 952915 436754 506223
566030 360786 907343 677730 502178 687479 526257 908085 743549 325560
404104 263974 404899 548363 283669 703304 206405 218212 996866 381750
684897 847746 874112 754137 656039 799495 170595 88928 869150 693791
322740 960665 8819 510529 575499 256094 510987 380001 855037 260671
425065 330911 791714 177187 729662 313635 602437 872721 712800 594909
281724 592640 307023 479449 816134 1668 752689 123325 608234 508782
713522 239617 882334 321886 981434 342564 678760 487775 14013 897414
571632 251031 450871 707232 704580 369394 571565 674981 720240 534470
198974 481753 228695 431389 237408 376657 231659 301634 909904 40877
652764 504738 496225 566320 528155 579108 710308 806639 719750 63504
712866 806759 558649 690197 749299 759148 662837 269662 402264 668627
781466 331979 72227 601872 867848 329982 364563 419776 154223 412746
258918 87832 807014 12339 606596 51027 697146 448808 597300 964171
807986 531529 723835 523300 41500 408015 877005 399870 686575 927405
199702 695449 947064 335118 702657 476221 73302 895226 187856 418695
531888 71916 190457 212607 278441 971457 709362 372344 466603 237817
321309 155152 272317 219342 922990 187653 704712 343524 34631 937303
477768 214400 684269 115776 153030 148579 142754 675755 472916 26367
466729 432951 909463 691449 266986 43337 619130 81958 924095 661970
707827 675616 39719 511949 799706 626397 742621 673288 221757 262669
10133 259636 434542 74999 615386 40043 334436 902418 530552 117930
771508 314003 58757 849290 737580 920319 570787 659072 241956 806841
865938 246319 177409 314067 849416 904322 702288 502062 329684 345285
513831 169079 595014 131983 609245 347514 174990 884641 863684 347478
575072 197818 845608 805259 332954 618715 561373 457126 980389 174967
334377 604598 308069 867434 14912 128957 854313 434952 253945 279925
476092 951527 788832 81368 382986 396662 795467 468497 48644 138286
548663 71944 396415 972329 893125 430 789156 906519 365339 891125
950323 444139 283013 986929 369739 314115 830538 40854 438847 129561
726022 194140 563366 108924 148496 849549 291599 441753 832914 519352
386109 520436 17458 504803 338698 636013 771903 761541 872019 625311
263689 481174 823690 355307 97591 644874 430392 233714 389348 994536
898277 556697 692119 445066 530732 839396 829847 652340 874995 643493
439882 987010 744610 270599 574584 402052 692595 576361 764353 771620
759682 38148 867918 562924 62543 786353 310847 398504 780514 663901
146581 749372 214073 547216 866247 532350 443666 327454 276945 578568
816932 278568 830154 925872 117623 13918 245985 747137 230155 743925
880184 335312 975220 567198 218894 312150 167018 366031 522915 636707
999583 295860 513146 215138 885747 234070 792129 815642 128333 395177
742715 567324 84717 403859 544734 889470 988803 681622 405127 279916
255652 6315 495655 497260 446404 455403 243053 889298 920327 339767
670340 172238 837845 932068 14181 637503 591834 125945 290639 579969
938760 878481 267534 981866 371583 490370 74061 300125 200648 253398
587946 413957 894529 98399 460564 671298 881590 786374 596615 17784
186499 921445 246349 385078 481928 342762 230175 133373 65832 858430
498592 422 409472 708232 222641 727188 244501 768421 145104 387853
218826 645685 369415 12223 93365 844125 259172 713389 322721 513320
514473 860485 558953 89394 252471 969408 696492 100059 291699 469218
860093 944318 683623 168025 527271 510992 317474 728337 969855 557607
589771 908079 586801 187398 461352 949798 993143 12740 436194 306774
447043 375309 374757 915682 21841 261137 742578 821516 424455 263719
527723 555316 444689 868606 920900 104407 988010 345012 976798 428193
819665 417168 244004 619660 468703 765796 707392 129073 817112 495033
779245 742764 953904 906472 214398 996544 296746 993169 710235 305885
148752 131152 903804 904545 36971 67872 827479 103978 900614 588883
49916 310871 110813 829359 445705 696918 173212 245775 358228 818484
887423 347312 826188 728627 840553 339893 266579 178995 763199 248782
353157 213536 882974 18352 37347 572180 747645 957377 353493 547050
752808 430644 356168 605790 286576 431770 450422 787375 821636 685143
776432 422048 456813 900890 337760 967865 641334 719930 570475 767518
341538 71092 901905 611853 228240 237616 379570 886432 236433 266885
492606 980183 500080 721742 240794 560836 528821 658571 567988 839497
537202 322185 424705 137199 813179 544648 59654 811177 817292 480959
231903 379264 2674 53783 692372 209638 915586 348603 662819 477868
721210 623806 536306 431209 458256 677746 370090 883494 595026 440284
354282 472857 258738 847837 220262 498688 922633 962094 954605 335157
58648 515924 509164 942338 822072 818199 119002 811673 1672 587679
492979 170072 445486 737517 699268 108620 96664 746917 107105 616642
684533 521372 397689 447292 395913 301965 565175 492430 106695 653137
820752 979342 92004 749001 170931 78008 544782 354144 588834 635240
303054 302631 671829 101602 324982 16904 838023 278821 819991 500928
830835 622997 456136 779457 475913 476768 599684 724223 957817 55461
955883 968036 562242 924846 510442 160698 115953 797922 581617 564332
97148 151297 543524 22622 121284 491903 617030 631024 124896 445719
954583 706366 883303 20126 213081 916510 772588 790647 160125 714090
320980 943773 859475 262889 957490 452826 743388 368725 70978 338272
406028 961661 672078 126333 112035 918290 336201 695837 325016 464851
324762 622494 902360 83727 716786 531449 34501 178888 222509 82412
826928 617398 975055 98418 31379 266234 534003 789726 858299 98340
695879 392557 979537 49518 166157 299095 385068 311450 797263 345998
812517 786525 476353 549548 390866 636820 992484 536186 959894 925768
790307 278977 449131 468678 222777 157640 401537 311613 349190 856971
132571 650718 594022 964643 835430 155344 761890 560487 716837 435868
706935 667155 635387 85057 301658 253071 794210 851877 707945 684176
273140 812682 670368 767353 801002 962123 213028 271928 384210 469668
865260 336847 694340 449165 814022 332329 861460 291208 908817 165626
669431 91788 444850 532098 92995 643927 921707 93263 787025 443986
449310 695940 26117 362026 904793 636494 931015 876239 523500 161605
808667 297747 672574 747374 11653 474392 716142 862382 891373 873088
289226 449550 355180 976674 549282 868010 85311 578064 476826 134227
657841 702022 502198 378531 623963 974399 438501 209246 419252 128078
358281 13558 155943 643179 430050 316093 950195 20941 107110 985224
687316 771247 805020 324668 680890 963988 919917 843938 149497 482829
548030 618114 204337 230633 133939 713996 712449 303624 906910 428090
527954 450079 80720 863811 437154 318543 801841 375490 801875 295811
902542 647090 983244 764602 156876 638688 538179 947834 568873 700605
409442 28388 162543 545178 756186 132058 656205 152958 221267 484273
728769 570798 426871 890585 646888 305027 675255 807315 811293 333619
800583 164001 56932 645038 55076 773281 30813 440326 988110 41410
846033 168727 23315 566004 612882 647891 406589 272399 421248 461713
612869 472702 65286 975845 537367 795212 115968 209988 154102 829413
187293 974283 329156 346043 953956 554486 322226 686723 238939 123754
242382 529846 972431 422678 409106 430403 316685 184015 308845 323044
992207 848760 812221 498559 906112 226075 400697 450960 547757 90930
799227 355514 567277 416436 899966 844540 563845 797073 698924 925341
256277 158924 14935 814474 870946 546698 138299 560543 7240 175878
66316 677868 361129 347543 28963 357060 724574 643318 297867 574454
160495 162458 495622 156329 324075 657956 78726 134031 824782 229679
241706 977538 180248 216221 30568 819267 478690 456247 256568 150550
5528 648603 922184 662335 343893 434795 882057 106719 899942 421054
402332 339314 354190 739952 902952 769156 621055 897878 276681 577327
800535 520057 50834 227374 15909 859822 49354 882029 565410 863939
605771 961919 286264 915846 941928 44506 943154 576033 656121 148903
904079 60794 373209 945090 263900 555978 6851 650577 94634 8663
105614 421928 672009 667290 492790 115404 85037 927841 590535 421368
212967 964331 94483 354547 744437 776795 303474 277018 732002 511646
555106 722676 867284 489096 174729 84799 96738 206575 475362 17528
546718 776720 71360 226626 829011 287004 646608 285423 472557 544564
692029 887564 437982 650868 214022 515579 340854 400761 825166 31579
55526 331468 129502 957764 110571 377140 100307 517312 400179 773619
744392 27886 621992 80473 337328 578073 127249 101691 88334 193398
992047 740051 652478 955211 308748 493669 869087 835322 585213 624793
734428 719752 872365 625825 699580 964444 340764 428235 664206 91675
929046 342240 265864 527474 139506 101335 963603 459491 559434 344074
600607 153699 286756 458907 876089 670850 32895 194121 546808 224035
520660 82773 936667 417680 795546 956063 555061 466579 833283 9336
647749 666552 138564 443328 185794 621639 597315 269423 931917 364427
41834 468314 700569 478989 497828 991249 185733 419832 888273 467231
356573 476001 2759 638253 959310 640894 666721 439258 368202 750054
397676 279526 894694 442840 935647 706854 458609 589357 138150 13892
51298 761221 712762 863522 153 884366 47700 284787 253142 644957
637749 906490 982780 737984 285576 399951 123604 374060 839954 535258
667313 346105 11342 335763 665590 22631 26612 670300 349552 52461
269408 246218 972318 551372 797949 944401 226902 787647 281865 919084
370365 574042 841618 861033 920550 612924 354468 773609 400823 192026
913684 990206 148611 239936 283469 764636 233869 576343 439820 957183
751549 628374 898473 467389 379421 890540 437706 601490 34134 38069
781466 885889 371143 94582 629208 124716 526028 605774 365607 816937
35512 474467 424588 418963 654885 569327 126049 772248 886336 521747
564088 816158 564594 140433 188003 100735 498389 823273 513629 368932
411099 41806 361086 97675 93229 317091 841845 837269 913848 40485
40180 585470 279303 688076 645207 204107 801223 221586 652793 996276
595881 752057 110706 275667 620203 792956 935689 684325 955929 985908
227256 652680 478620 788507 998347 894363 423757 332961 281879 645868
148877 735255 374066 872194 378988 339118 977549 911102 472568 249141
663950 72677 109977 565165 725938 217205 775273 798130 128532 743674
949181 604863 687273 585416 474153 20788 178812 2029 516642 608553
553613 465833 274022 197307 487834 994300 370925 869642 482613 797031
906211 3563 889783 359596 492341 264425 769514 450826 223015 548136
235028 895527 556621 429512 907100 983641 773166 601159 310527 287567
713692 254285 364361 936027 339255 576311 74592 1604 842220 319163
805179 813546 460174 936991 480773 442764 578782 459478 842683 566539
92856 228820 646278 2598 320014 523393 394319 231637 234115 702541
877076 701756 310108 623106 580421 649945 195715 110680 789271 614913
537460 511980 485083 46768 241262 628720 176319 645259 749890 236107
263465 305167 373787 46358 230902 121317 260426 633967 472965 460761
302410 800481 560890 351818 982617 379403 741737 832368 453664 717352
139877 423670 544525 651208 425242 366938 782219 629075 697105 608757
335734 356148 238480 816819 825541 673956 917584 233448 813635 443185
343859 386722 998088 589600 517822 404773 664200 359350 400955 607484
9037 356334 739449 152014 291840 459687 519650 175379 33780 803084
224806 934691 138587 620793 818848 385616 740812 739187 932504 199370
982569 511959 352525 564794 34162 500449 579889 557166 325939 462871
521671 252782 799728 493869 131206 51396 828588 936580 652607 613616
244108 135513 996961 179933 937144 223411 387924 171033 625157 840830
863138 786560 62980 727336 365830 772260 201407 560879 665631 880964
755220 123097 386066 384972 728920 296926 860810 992199 142171 30434
733379 289290 471866 236118 413295 887267 761005 953653 46532 259535
266549 217985 252608 274867 542648 25167 759550 83346 376856 428805
865462 97615 51975 813087 496635 553851 323423 981551 831397 862960
56472 707998 463170 90222 919874 924287 372561 112999 593694 580261
350390 382681 727924 670365 539604 814064 957819 744628 999992 59439
927321 320360 657493 765878 819668 460324 451259 67021 219348 903345
750283 79108 598829 990208 12126 18012 646791 89192 809109 530300
923986 783942 872496 505506 115414 897487 430061 302101 10621 31487
920649 852669 699525 154127 124429 77938 61847 780090 741950 408725
434163 385455 438637 590611 169851 734173 53565 46004 617462 200912
934206 385447 536749 575863 280221 890987 997872 593703 659443 567299
287576 988257 755998 195102 542236 232664 428956 996615 338509 545012
468085 794873 524878 521845 559912 765840 259527 472379 647275 280017
697704 801090 244873 213185 478736 35700 955169 297396 297816 38501
336667 650551 682424 837387 716431 691601 683554 697040 466702 654624
328373 225904 159237 79262 870173 33590 363068 909388 842899 60532
191153 897275 671880 882248 321924 636830 4178 973143 217841 868580
237417 407847 632428 895734 948680 576928 928613 355149 839757 622239
474749 134328 605213 907968 780700 828103 476390 646152 167674 846740
551254 928560 912137 138911 283445 289107 593673 525236 541019 198651
314802 974808 348213 377172 861046 977530 801634 421591 58890 544223
192185 230743 824422 446132 513451 759957 773687 166190 414966 705674
315911 986175 506392 698857 241315 396941 630975 143583 54616 618361
80868 391678 884561 9355 58276 210597 462740 817102 243908 265214
83471 684740 865515 982821 678011 789416 859138 886196 571316 204804
419451 406526 367448 672177 369021 680210 797031 721713 226380 522330
216857 862350 337014 503998 210563 110785 129793 279538 778243 557613
477157 84828 181362 790817 333966 5969 198563 192811 693861 141906
185152 85541 750691 586978 89969 21294 472339 507607 692396 625024
474049 505361 926845 411941 102747 908706 617817 556819 389529 70408
354070 726239 623753 975438 726074 371532 621851 591810 94066 389678
13279 594894 677333 331815 98868 789096 293592 153696 640508 660842
200397 48461 997448 325764 785055 751078 236243 527060 917967 357422
785643 293774 579982 216791 441892 269929 114534 70234 63811 150291
113839 865204 232067 822868 621954 130932 279318 444 10319 752295
899046 388255 869977 60267 458443 621458 895319 656309 725714 844289
911303 664822 311856 348546 506573 544531 778923 395847 872618 195626
399 758061 639691 631102 373480 541632 752713 855463 272245 908475
766269 166415 907653 197346 546278 851770 124869 577197 11159 750172
752920 818153 128402 612089 48927 566847 313372 97283 270582 253127
738551 921850 126633 497083 348351 457450 649009 907060 444471 119866
334831 293468 14538 318545 681401 514129 695691 178029 304134 442961
825175 941443 499712 321889 380473 472287 26082 300894 779664 767144
187997 624375 498193 96328 333872 559746 148424 334422 283712 348908
108885 813819 30947 338856 8997 735597 351047 110298 276858 130895
258246 442724 539729 35013 804548 911537 590252 163485 545736 6831
270540 986626 875959 616771 628641 648258 80599 71588 937296 736051
68493 469210 700923 594898 919001 707962 985530 554697 718115 896692
73764 711240 252519 722571 457087 584627 646069 208566 519400 97831
515706 648934 564882 182402 704300 273869 797948 119681 461502 437974
605092 160651 318045 104552 885560 614470 683399 672488 278397 513504
354019 526798 130789 290630 377525 436206 197300 30634 967533 993565
255207 866999 87592 665033 633344 381828 662628 767228 894190 663242
325735 354615 533898 150758 744568 529610 466178 558727 233326 535601
281296 191458 104856 509939 607256 495222 822734 281819 737164 381808
783091 191390 530905 395197 636568 997455 987780 579748 983936 343631
217255 25962 66754 831643 749749 388085 734928 53257 544788 288864
608162 306758 981554 854090 574571 824951 213002 697693 987153 589071
379580 864243 543580 390023 45510 905828 574078 657700 190305 764244
337113 945150 406698 870832 601605 663007 346596 503925 922043 403885
920764 991278 657715 327556 479800 993538 586067 252796 411069 951395
658550 61138 802947 541308 469491 658338 194167 726900 941256 62132
336297 209550 641663 538911 826038 911944 292880 164808 105583 690388
479730 410460 354010 289648 606789 595962 254250 268188 936322 909209
933379 329433 318030 865826 310016 309926 188941 722488 995739 882087
759020 817394 878093 334493 178223 945674 246024 722267 509069 178773
284024 103748 53820 990957 442278 171760 758539 460922 847972 698733
604974 589726 859525 866074 585950 973696 116575 323167 401506 829320
531607 739580 672255 1147 657064 740641 831941 570797 255950 749511
656155 410621 29781 375460 868336 859259 849383 602450 176809 328573
591475 803727 449876 352767 888210 26759 984469 87993 270029 112468
767131 759 353711 828024 895658 606671 16791 218098 846857 767030
423899 556418 161047 64702 922775 799643 750303 224893 385691 730538
445861 744021 612154 129810 744983 681017 691245 361387 841799 694554
855483 107965 186247 383037 691408 870699 411433 988204 433025 388743
182320 946462 541166 708963 962137 319647 188384 308839 669966 281046
106683 162191 709382 949996 544237 404684 645919 327237 208283 58189
514885 447563 296859 1811 988418 380936 158615 856065 572354 731600
698267 441089 815301 338140 704439 842178 932989 525459 938164 119401
156802 388824 247685 913100 481087 28545 544371 555428 320820 994658
472796 229279 239261 447974 962183 723821 418221 224423 478030 319354
571716 727557 555018 53935 181280 456943 968641 950279 571579 622620
488393 687462 286763 339315 798920 310144 368995 913024 737723 848624
143454 860160 167308 954896 664129 394629 763568 248224 434626 718793
733792 530076 304504 104658 99960 660487 165985 93934 738151 82390
361592 308833 977477 286658 836176 580101 910818 372834 148959 254068
586749 881118 617024 506720 640444 154314 856208 233668 792554 869736
271054 22861 883743 730525 81195 638468 686640 455251 69370 964743
240692 432122 775582 947728 587292 153749 187968 582937 393366 546560
806817 719837 958039 582535 495883 125428 772124 884545 502990 204003
9535 567399 926150 674642 617568 734969 773427 928908 952509 770108
940835 456488 749436 898949 672872 320926 167657 507582 616174 307096
2606 247160 605777 270029 385386 269511 162955 601977 462837 239969
410303 927136 912789 627932 184623 784842 994735 457845 370936 854524
864768 888741 641366 853488 125264 38682 152568 572595 957820 790391
8185 176315 930044 185133 530993 527261 114208 967741 176372 965792
767759 232169 717505 480977 728263 908710 647531 537934 478096 825742
167630 909872 268143 331771 782324 307978 93025 578684 850536 56669
335684 232658 910500 219389 142483 137338 899113 355697 69571 61436
994112 709942 882998 19059 706679 772473 80859 868919 784762 941398
527903 947265 28004 443358 996895 458346 765883 983092 392158 142659
106084 609594 113003 12625 504106 320815 312603 257276 574978 861696
757860 274421 753824 716700 470733 176907 865740 861442 735467 103574
796681 448043 524093 216458 378510 808459 167597 302828 971505 823419
153011 78500 551511 179903 552256 544478 946620 74017 326196 831889
249026 673999 786688 311183 578254 460588 517086 520700 603295 157123
890001 802307 257140 394992 879042 170118 322741 821230 920899 588108
66907 37641 140603 706152 220806 28946 973520 922019 307877 565027
874857 469739 322696 627749 763856 449736 574974 808242 660875 35212
172659 399763 602112 278847 229914 925744 379279 269091 864667 658498
762637 237426 261824 217513 418922 713168 284040 252991 68846 185079
920846 733325 515115 389799 37433 673783 545775 395908 366313 534226
480645 350311 691790 907683 753430 875083 729420 192886 46261 98709
589793 319462 61202 228721 999619 908286 194617 107589 2104 865381
80285 265442 355091 902589 402647 808865 290202 392929 907692 161311
308485 3868 774550 282939 713617 313090 549925 396581 718865 986028
623940 153255 843968 173174 211379 425574 106331 592996 545397 439842
661657 698256 513794 784039 954745 208594 331105 615191 374718 890826
493250 672784 770824 93904 666393 494130 263401 14835 170211 748946
568930 343700 9344 671361 966470 339637 550751 393379 420185 844207
830876 61098 10017 325693 248326 875651 460048 350750 70453 176748
884101 562099 636463 109521 171475 107684 781649 600732 521334 837488
382848 328399 434378 432847 474993 477409 532828 902774 864936 22923
387925 444594 324636 317761 889546 691104 140526 588093 716660 597187
570634 440713 5446 467966 775979 507322 385018 626370 352026 735082
159339 170539 713868 951055 351510 669807 929712 862775 186657 34289
96999 744565 566777 543270 591445 685333 624195 798016 407552 736608
696410 120224 252692 151510 103202 215974 290424 576524 598738 864698
901124 676568 553264 356239 752503 392548 277847 900617 876606 946529
780780 698174 119676 184771 778506 394348 251258 399818 321338 759998
467985 246098 250136 657669 814065 932296 723745 750136 806220 862937
441974 186482 289439 709838 180911 767375 556320 956746 276689 969961
524189 359772 371847 779783 322306 381297 620393 971653 58318 830650
283438 131356 96767 780239 45678 566807 235085 339498 5273 124365
865820 247462 869207 82568 571777 112213 304291 777391 511990 139486
678943 408819 650645 335548 820711 83864 700893 286229 580740 219945
396857 156296 192254 179906 780286 970031 762990 403528 148568 112976
519477 757321 913600 368610 209257 963017 690375 146085 700188 741264
175821 172800 420971 289276 873455 772746 328163 793520 496711 200021
315634 701028 990259 824498 460430 433083 158447 47597 874719 953244
932543 357539 539820 715323 134471 536177 773788 303101 767648 766458
215193 70044 685020 91148 811534 428578 719933 970840 806490 468156
357586 159566 5357 867379 730630 83624 203765 98301 147831 415653
413810 329399 575785 648306 923771 490059 540638 458443 230768 312407
271844 24733 575158 858016 666538 92100 903607 448557 555121 730540
313570 688239 653909 932669 694269 53935 555519 488513 639178 908897
550143 356830 57945 760750 147542 905811 293456 141280 241908 434361
944537 591776 591024 494200 99862 48366 207371 220883 79106 838136
597449 420248 3320 978444 308078 33571 812209 117811 293301 354594
981296 634954 985361 637730 532297 197135 293702 910297 47681 63535
520183 325267 23990 808943 643116 975270 421260 624238 435263 868946
92889 886034 2633 472721 986135 755668 338277 337593 684698 149924
962273 401156 446382 644744 526892 270544 417062 683088 409218 994441
315015 493201 724152 30841 366320 893068 761971 158158 292536 640867
317753 389917 447999 508498 74824 525180 52418 425882 657438 690290
845986 301651 100508 683067 66917 401404 131451 975900 973920 959445
85913 110895 150738 824302 278622 425577 645259 965424 482549 104632
367772 460115 408305 607544 407927 252867 561118 557734 990907 868784
539646 566080 228945 170667 216631 445538 66665 344581 860868 741344
105189 761283 849713 188040 902583 387067 171934 73390 124432 871831
853735 165252 621995 188207 726459 143681 938032 346748 887977 301888
7488 903019 314915 593384 488073 831604 904333 165816 656364 84761
778001 374505 753988 306697 800833 262856 285405 801507 784719 128999
304537 472972 819249 217242 632954 35983 262539 2151 457465 550481
858882 608195 846922 107690 234611 720640 327612 746515 872645 672441
373882 729133 870435 647998 128706 805933 900259 432127 712899 254964
638171 733603 563058 776833 410077 637947 388032 710327 18301 715426
294 338312 491271 588035 727754 489099 796415 707531 95135 45224
409557 19806 508769 973474 339780 7428 502265 517933 792939 108521
633366 547644 621099 880265 820676 281342 36915 633245 14281 891276
567814 450116 942005 369297 846436 179495 530258 676555 534838 605304
553019 80176 669763 671102 362259 538760 726656 763146 386864 205192
631361 894247 451727 183432 368650 910010 134833 605991 25081 974908
904367 197132 36625 187226 805138 801878 375098 906679 7478 917952
188867 471428 551435 228780 250248 436396 247852 10439 271087 229882
364036 553909 184463 769245 733184 881768 271497 758455 269724 641974
102707 522286 412992 462994 843371 651394 371996 790252 73911 430444
612519 3671 547408 528198 302624 811429 176041 385496 445934 988206
122997 438545 808485 988326 563548 962106 5142 895498 369821 983297
930693 659627 606765 778441 84695 640015 240374 964736 760644 891191
347209 133566 659254 929099 14769 66341 897283 904292 76916 851740
234457 830200 79100 315177 767680 221911 658529 683264 274620 633736
33987 474795 726301 616747 614384 510218 124937 478492 171731 959458
305478 245532 450964 710774 623820 580167 390506 913832 229191 94328
775894 924779 255587 953822 56926 148986 5807 66263 730157 350840
221181 689646 514355 590242 499290 710663 744848 751393 218254 32330
675922 484171 619328 318771 294878 628082 679542 831698 815517 588883
299958 540765 408649 415080 778269 209719 969964 864843 329368 528715
192577 331593 705510 740812 124743 821321 885543 517351 901785 362680
170638 949671 739295 653206 711523 821866 94299 410875 822186 591475
691313 717785 418663 280541 282804 993316 618835 528795 830368 977379
231845 978532 358824 859919 20060 837645 122375 949309 831224 738441
658067 766372 758724 146638 793202 992363 992170 633201 480522 817991
653751 577468 188285 734739 934362 349492 318236 59899 327993 392486
912397 778248 664307 117653 356094 115892 596666 419802 453960 526469
791546 911642 911980 358599 963004 508060 334200 98437 10715 37959
302241 318722 754209 343788 211535 38572 811553 916670 731841 130510
700558 762059 199009 832266 472482 802006 473459 510709 721791 556031
705420 256220 778784 984903 670134 380655 134061 691709 866288 727116
250847 284738 748077 97021 902270 207560 153360 67680 500680 283330
411458 492039 586337 434992 448937 660871 38875 181673 779564 829055
372642 581250 615513 417058 211852 557556 819244 43832 166746 717679
194921 992032 991472 598230 77108 923609 439112 916480 530800 555651
500552 477048 585392 952466 305373 794115 469161 113047 56102 136634
88642 972543 113151 37959 579142 160881 298409 727224 872972 162692
357827 491469 500780 770848 628216 300288 862878 143819 656058 118247
131830 476975 335578 142454 563595 665894 427683 148490 318131 457095
537818 193519 497064 65328 838922 221401 242472 157608 110665 837055
15014 695189 311826 530139 400881 524297 603513 407635 254436 31171
65840 438977 300321 253154 470242 629120 281017 156841 218266 415269
988029 657317 214579 721148 555819 917360 93145 385846 102006 748592
803885 213642 889464 484066 275870 730300 447645 521490 540734 867302
443250 973885 972040 62979 912763 577865 391469 408802 797900 60403
733552 210531 832992 437707 677556 319773 570836 467903 87427 644998
910386 227514 951987 506812 34410 759589 577268 156240 970831 643856
491452 51300 872354 315709 456830 88822 843863 347232 221041 550933
402040 841404 97266 629136 437116 707496 994509 591383 447507 533146
182970 806463 380712 602792 149941 836216 263760 349028 138737 169166
765255 197902 36735 610840 875026 520105 733618 349178 851155 351589
470963 389456 284261 42722 174033 274442 778271 824764 935506 529416
144734 658072 855101 435630 211809 145670 765004 692186 839140 68852
687934 369234 643797 979749 982256 536738 970090 753798 547750 707305
743787 41238 132675 464250 401381 191320 761422 737219 531382 776725
148402 346878 82918 581838 564736 762034 694048 208692 708762 936779
148384 513889 185712 897934 132774 182287 833732 861014 196322 174850
206202 992651 913660 565368 91995 34450 556567 619660 657621 466557
49230 589436 700362 365769 659073 140700 778754 596918 751437 226276
589867 283947 459685 210011 969200 49207 52856 268426 551837 494031
587763 988633 496624 362919 133667 352686 840096 876220 983717 777849
844374 159042 943841 14644 834702 586483 454017 997753 914416 922596
208203 740983 122548 902397 324738 799857 857238 590312 35056 373057
32623 497855 422022 94891 677140 227956 100019 154574 724707 726065
190678 708913 832359 899913 327012 345507 227335 15454 779934 186971
539254 59019 867788 217026 993031 215060 79426 708570 903042 238616
500584 287114 362357 786291 54322 150803 787645 261943 632225 920481
805642 816771 656068 213702 889538 449191 931570 998360 605857 562081
64080 693604 560418 924724 753760 154112 96628 90393 905470 116240
399955 124264 902810 314565 917351 411665 260783 114060 302819 665818
652095 189448 398110 197435 401282 740828 56404 620938 399958 76204
58563 58036 659647 473469 715831 595129 166978 327790 265583 398109
35185 205066 219117 643281 279176 340170 176762 320770 922213 665416
18157 749347 971838 195100 476992 834636 419809 638864 982458 978080
857551 885581 449344 705798 555981 223542 70665 545531 648747 725731
748958 934752 293058 261803 296327 579815 297551 369676 549651 188944
701763 297755 66291 878626 533499 560160 17219 289975 4376 996303
987923 92978 219722 826999 922930 115310 253802 198793 995566 715414
940683 928737 804422 483150 784652 43597 125751 243572 760127 223679
869545 640341 327889 215919 477548 444891 920879 587292 309143 513072
344385 510655 574727 272713 461104 673533 699950 897867 739156 162585
640603 527302 694979 489774 107056 754480 110338 361339 159312 249454
738605 161512 74411 966743 71676 17438 18902 84178 308735 968622
245393 144939 428984 788973 881060 679005 348021 420338 388422 222363
387114 407401 43555 916652 948652 987534 606679 166257 435952 236063
103397 368091 274216 249037 675080 645617 685313 217214 788770 86179
980936 886282 473998 405321 330844 196134 750924 489056 252544 87057
136507 442916 795668 395280 213904 470903 314502 365091 254596 635591
465308 89503 163110 948567 256475 892476 804103 319239 785305 814424
225360 601871 472297 479523 867078 458716 845762 557155 732864 891191
776011 15774 646039 405564 605419 832867 521772 74987 601021 898207
139654 837836 316553 777735 566157 934483 725271 298490 470639 97770
368001 777008 960649 527594 631909 960908 727404 91379 160022 148680
890787 685195 101128 63758 212768 32414 344077 231641 838408 370453
588063 665885 666685 607818 58696 116322 61409 285429 4453 707795
494883 653373 735794 440271 970740 526158 20075 574128 414091 679304
190958 506538 845366 205290 623357 653706 512212 701619 454074 446080
430810 627282 977950 922913 314212 5997 757688 130585 802938 314785
522020 828829 642934 784464 971161 615658 656045 247811 709712 278134
691431 788214 85390 624044 427699 405038 362919 354674 190212 133738
538782 787793 369564 69954 396231 757917 150700 592213 793987 341307
585521 198939 548077 120297 866158 972295 50809 810824 68069 365668
416714 538547 130732 754025 977158 488433 516294 966708 333657 758412
400407 462395 386983 336908 315457 666653 914127 549469 937255 215873
78975 434583 896710 622111 907165 850806 659121 342747 345461 592597
446059 376007 551646 419854 107814 342168 789563 934171 287041 125783
794519 786684 285959 807966 397499 669503 665228 690243 519653 468470
977812 521324 362677 759000 982271 960698 119987 132973 398510 707422
246547 642332 904893 654228 599848 205038 28360 675038 903274 429320
553534 776478 918147 308172 314347 679679 724253 498254 116448 333792
106433 416367 894473 505872 825543 388283 887574 634152 886638 325300
837489 233828 807719 998928 47893 459372 294862 277238 522086 909038
477491 298806 372236 466838 294309 213330 509397 816712 587039 693359
230279 836809 422311 240404 6798 156001 580041 340367 641299 641198
819840 696932 132236 522404 673459 690207 792052 144553 973132 974338
204849 30789 595647 585944 680042 380708 827151 869741 177005 535684
757679 868654 954690 801545 932380 503373 37257 642506 735021 350403
859619 469781 291521 325946 741465 213816 520358 351961 308315 566568
938584 920304 402310 431047 23157 323051 324794 753866 163258 642029
657897 865296 70343 627421 677412 683884 535914 646345 853691 189561
262995 699678 456820 22136 493065 941270 806032 118980 165190 444592
764847 932018 38126 748525 944856 814039 517943 553651 539459 765379
914380 805037 715970 378711 379519 962588 3348 511704 197259 969331
995382 804579 955994 868211 678672 485799 546509 754657 124813 42110
293674 280342 697031 83740 908705 248828 20399 204409 816411 396787
183781 956895 750146 79057 590580 191532 329295 245744 481620 914468
490023 667632 823389 275631 936297 603488 107669 405704 18451 920587
278575 551855 935205 700452 231904 39483 581207 993699 205041 449772
492050 397291 927207 514033 910517 227356 169648 223558 326287 532306
584421 411341 405510 804055 345044 241311 353789 899671 967999 930653
748527 300298 292918 87900 178138 99601 150334 433734 714048 538827
831961 831532 256759 979615 306091 764397 6972 69374 339168 818203
169157 93560 615303 237594 847661 184097 691640 126328 886826 506733
256880 998588 581168 575551 528233 30912 118119 650891 446867 248601
326280 669613 353027 73166 239319 655149 820551 309703 546656 807770
941050 1503 195493 752536 281979 991555 647918 762354 746372 905909
103999 810983 994291 114316 848406 457982 996217 648881 133061 108939
13432 732854 466235 86692 666309 417751 979847 715196 29190 431273
437683 92654 332857 339688 333791 450298 716462 251687 385488 138874
306332 201556 768356 109160 815800 338965 866714 31794 150950 343954
639917 453734 964681 278614 108420 163991 971378 94306 854532 65176
806132 955744 643468 347143 105902 378818 151950 761477 969132 600954
172 305175 635626 944722 310684 951966 59502 238684 622306 19910
516810 236899 263978 200804 129746 658171 342956 393795 444727 203164
569525 167908 658584 682973 35472 631477 862930 31431 904218 576528
276959 560208 256827 257033 949930 236786 928675 416636 888894 311713
839418 19629 269172 487044 970240 21087 428645 46431 426880 558212
840418 583006 390144 855616 133003 770032 773810 530799 495049 403620
581545 443639 919037 654974 459677 17290 30161 723277 447697 409467
370796 758000 868528 533283 330680 453293 423948 810135 864642 243219
200736 169775 216377 384106 940228 425816 518484 129013 684183 691752
770479 427206 535051 909438 499652 674559 534617 926722 668837 250600
575137 983066 127 724792 473306 732060 840767 48129 956382 219863
953560 214101 777760 607634 443564 993032 31581 101951 869546 504519
503543 481639 827277 282857 682685 498987 843324 657305 730747 880986
110124 842570 427864 630344 739139 576273 907753 145670 311387 257851
275413 657901 772291 162271 880170 288549 760931 147540 23109 255203
457133 601794 238944 590814 406624 577206 839489 684793 502226 986493
955657 133564 313271 113450 638429 588818 192890 131513 218830 70246
779733 235053 738070 653770 815355 439774 316016 945654 590771 397539
33675 239870 41058 274898 10906 761467 115680 578015 422375 62221
518927 869281 120567 3120 940108 135197 497264 992818 84565 25071
442505 735833 683981 273903 783981 74673 798339 209658 839662 346516
99136 250208 691551 849026 672374 926322 220743 932603 406087 470860
339426 351293 613754 491106 498264 334149 498669 903883 961217 582186
268754 109203 841423 513208 675263 732666 133465 992501 772179 636198
869155 808722 215770 95281 512396 147263 195718 581787 448559 741912
139576 301185 607493 811397 668313 522419 307188 279310 296872 828030
603434 544787 334761 73223 355124 365303 18110 606970 997267 932846
578198 292306 24296 161922 912996 62287 317811 787296 145863 905066
11902 298129 335559 391270 305302 743998 868453 750307 117749 891854
61000 829808 697715 615213 417548 635124 591475 785614 359495 613945
500965 173324 462084 383803 762489 688436 203759 244501 646984 432112
77782 297797 147156 49647 340431 585928 9258 826582 551748 423079
417925 496850 342455 936398 233611 846154 484485 927247 963252 985912
715824 705641 653850 989037 708699 943575 123108 9685 314644 531166
582056 875566 784249 77329 222567 104561 162110 38669 331521 319926
799307 849305 707145 568281 570440 939206 770417 146437 12866 901282
982531 948209 864664 266210 348026 938021 507635 870609 451984 55026
791569 437008 156685 565504 527278 352071 487887 151672 134162 61626
68298 285803 961787 593038 110054 521896 982567 798767 873039 442491
235516 605148 788428 606280 60248 811806 77290 900891 821196 441486
143230 331031 806899 362073 667682 158765 89253 265467 976540 277367
818606 282700 21792 121624 322325 388734 610417 904077 810935 568570
208243 910413 660769 298916 12170 709554 532849 94462 799058 752893
746938 487761 279025 588936 146379 518888 301761 940475 703806 582367
255722 614261 720859 269576 554377 836529 489866 884226 717782 687037
237457 643375 852532 78493 266999 485004 656107 495744 345488 398446
630482 648506 751389 223030 678797 304034 403349 681376 361256 103892
294215 470247 675912 263950 373206 544559 661152 817743 363196 217907
56978 994820 237524 566122 205482 475921 677248 760892 551886 853586
812041 78321 913488 256246 473195 432381 854474 533061 869326 84114
408210 929566 188217 197748 941154 544866 378434 520323 849303 765183
150447 319580 980509 235016 741760 829108 893861 621755 602489 626060
62685 102615 304906 573250 995442 956691 457924 353378 571799 59281
746283 49790 71358 972157 236265 45224 153273 698164 484346 150632
22553 999476 539967 65327 15393 402774 337193 375837 799391 509751
327870 383826 646928 888244 686266 341640 532071 414056 116126 52989
895143 311912 662843 264619 699085 887210 246907 254378 243154 228790
888730 176893 946432 311095 215078 133253 15923 680626 308977 776933
443187 828801 809935 918050 815146 113463 758555 76734 249226 17562
964849 59119 757324 264304 547943 400255 727124 666024 574637 893694
293611 681534 118940 379500 193426 939892 323093 887749 347379 53334
250226 543185 658572 528628 207378 972872 394322 571210 916592 26720
81402 133466 959653 206643 540118 660851 282954 305819 274827 592926
580297 929429 239607 856889 931300 852669 829290 374731 244065 776136
851177 934639 710718 680908 583719 290584 161801 197400 947600 215521
489382 749101 21862 673086 132416 965980 67400 823626 164713 780003
270963 170524 794023 211529 884150 362186 970010 509456 407194 975961
152969 459548 380067 222892 696729 215406 156098 938733 339134 422110
819119 41626 701348 344621 394856 588651 648605 651799 223173 357676
622319 841673 278553 265450 821278 635776 54511 885470 338902 156744
263481 157324 610467 641381 771355 772252 698488 160973 544945 451046
391681 394564 607143 43708 54981 541214 873649 671187 492302 301035
651621 427874 653034 796474 220183 691370 736622 511615 685718 289486
648708 376873 134699 176362 593768 246486 225467 215861 87122 602324
131644 944412 383694 280167 803267 68206 645843 856695 288108 368085
485695 657477 902399 267086 863902 605593 4489 391898 985300 668487
239821 798341 460113 653473 351698 316458 809493 891286 753533 629845
914373 291818 583504 895367 139269 266098 98255 357434 350453 500084
966502 771395 18713 158410 743679 687810 369614 992206 756357 534732
955262 742551 693388 729392 780210 551622 4751 810767 71312 737465
259697 794560 26826 445174 665874 452397 294720 628399 184613 847897
912067 328730 869985 740772 753738 181110 871644 284222 850815 96072
99878 922841 580823 47445 181755 960976 380227 636970 69432 761303
314021 498292 14929 437024 670263 955227 636755 5372 407962 928230
611699 344036 868058 515018 931619 19643 620 499371 909014 326353
926230 284150 143133 932782 289730 114220 895144 237309 3481 807808
346577 143600 320675 970392 406201 83024 382298 857479 15969 410615
240731 609361 579817 78046 580279 832635 373689 737556 415920 299125
539421 709714 721714 898313 213245 224423 142346 335161 284894 632730
277996 136929 535074 553622 837921 684233 840679 321898 564032 647398
464491 170796 726888 954099 468093 634006 192400 928274 197220 57769
699298 662486 839254 333148 729434 715550 837552 943902 712256 748367
27937 483088 36601 864079 401183 157284 290034 488079 820754 151923
943853 268710 592156 373824 453310 946510 502402 985771 190099 649396
688560 623006 765764 544899 948945 320592 929862 663105 385258 493424
566209 39422 506040 594681 156437 374779 967221 192378 433640 335100
889753 145411 323961 916694 170559 77980 975082 813618 395457 829097
210332 993147 58528 81319 131532 613145 317741 276308 859533 122349
147833 752442 550941 88660 594305 865232 666719 954476 58909 325354
866221 618346 623803 931385 811315 236229 26736 442327 695837 337804
46396 425324 610756 209892 927399 894998 212337 280048 693748 965468
571033 905832 503260 75332 714239 755604 515813 771012 4918 819840
895604 587533 739489 907476 352079 391468 570716 979287 875933 389828
982166 604959 442622 357399 731374 717167 804889 149874 557441 325492
132266 15655 498042 513140 230620 790182 547122 830361 437875 598547
93926 334077 578157 651397 698881 785323 9501 784917 763177 177885
395032 26801 430362 760013 381513 521250 542713 969919 52492 383768
53985 310255 811414 914161 633718 385806 640164 485193 23700 655508
458902 650329 241732 642745 11887 475981 257365 15693 298451 440767
279238 428870 344210 950753 277192 612689 40780 24266 454894 124465
392054 103734 38016 955122 175583 605163 191655 90389 765238 588085
773876 62404 193680 212526 215201 339094 440837 903609 668672 199630
730968 746182 992418 929903 976832 266373 178322 73299 118993 444061
568576 519102 557284 742567 499410 190197 149680 477548 136474 158256
187770 203129 573422 521256 410375 45947 364882 184397 296692 703496
671193 412583 709165 144084 577234 178027 11001 850013 817556 668205
761758 520572 643743 635417 739297 716984 78494 360247 150236 578667
53639 704074 693914 256883 196684 753522 750946 640931 84929 614585
524233 370369 429312 706303 913506 374596 346902 360030 661413 468672
262932 770735 16474 268229 170185 468527 417407 815778 84446 222450
631007 5379 481481 492540 55488 131417 666424 585114 700805 936172
813383 138856 665699 675580 432652 103569 34562 459295 592986 845025
512297 856582 88993 3532 449569 40654 976318 881763 755357 113963
750856 896650 655558 363443 856758 646183 265465 386411 723749 186036
643198 578777 757129 674600 760375 158587 618722 3921 647433 476996
574095 562829 504196 149296 45622 478624 115214 990910 662738 41632
648844 74302 624381 894818 178461 759026 428785 789481 840748 289950
991459 766993 536426 663270 524999 887636 623033 906991 256298 516983
48055 280226 293888 87708 749482 250348 953396 962967 445207 156650
154221 45472 361958 681785 555826 617893 667603 293386 100050 667106
11637 367437 414411 733585 903939 472838 41959 470080 51515 65497
781848 930372 893538 34131 241069 501344 53870 247332 699300 615055
750826 275003 595874 38864 547826 308420 232139 187528 974314 922018
981001 226632 530941 667883 910564 822831 106061 874689 22764 724610
331475 554500 616040 381312 108958 179180 596923 421932 382259 770861
809874 733872 227542 958368 400613 57857 295742 516701 523298 394669
166336 307393 908394 209827 224406 95447 289068 431196 836402 587136
9376 510609 228443 3665 289685 801588 454322 411355 749531 417165
285679 180828 145958 84200 331489 661207 49428 555320 385713 51988
694143 422578 357868 918827 598404 868708 678050 623475 510046 937094
828255 112123 654464 678312 108542 286722 270608 709358 211660 396231
625022 921183 733057 610984 227340 601504 206615 342468 432998 133190
433598 570301 574106 172353 364901 393462 146886 58568 783060 975923
909397 913750 27416 396707 763782 797119 499429 540358 639942 162204
694487 56811 71468 331773 614977 393480 479394 275907 302629 185408
526009 573579 424189 410490 690682 802673 251911 170710 944837 739362
275677 997233 254372 720848 784439 187726 147768 630062 289552 248612
547932 762665 224979 353468 270912 526726 532527 687474 29900 170716
869265 142581 437934 439691 786234 507895 575016 846568 955459 14855
865051 768028 26274 430411 512097 622248 600779 475178 245981 491143
633722 168938 545168 974491 176959 245706 754323 805772 81831 652572
78735 731268 321782 638748 120314 190232 981897 632571 269718 926392
802013 410564 958054 412148 383684 937582 164193 782873 457464 280805
916646 835268 745432 196497 935018 363035 164738 317299 601345 299870
187038 193080 526732 798785 880234 163016 597275 36573 76508 449152
840601 971028 409770 750568 818549 468849 53046 424713 537236 137366
326305 114432 901263 780722 877357 430947 776786 876226 142529 825368
779133 82197 295985 167994 30922 506303 869067 82717 673889 412638
408814 103267 324245 247835 430728 854370 952359 725578 384618 875874
862282 229629 378614 44038 414226 581050 355208 666656 754063 723164
76395 198029 378603 79071 990214 694635 76093 367245 708058 823587
222935 679064 488820 652469 776060 92295 992536 563959 284248 144925
948406 886673 650210 987899 741258 796812 799082 393130 559358 805463
160084 764454 498965 329280 725365 837937 355251 507742 288631 886559
502119 86308 590453 719490 810798 684226 42444 279238 435645 684736
701370 549263 22732 253384 700033 945578 929212 900277 411986 10890
286246 307743 939496 309232 430826 186417 193411 227223 530588 24273
329685 253567 465810 497696 799760 997551 915878 609320 559042 889830
461036 543093 626339 130905 21683 323690 170956 195951 551772 314828
704826 661092 463322 655469 278801 574703 772310 268713 654576 103403
187207 106201 747710 585602 451834 466415 823833 185918 248751 250615
731506 601162 736150 194133 21031 549467 450059 318653 434390 864706
129480 721490 766668 261869 221645 215018 389900 469343 419191 872726
497021 838979 575655 314057 883856 506232 479436 612564 799618 263464
336105 113184 513331 775812 831815 325877 400310 428709 461112 144364
847203 708744 978087 909509 423343 489535 454564 10951 621243 299400
241640 770819 643550 124274 814401 436075 298909 546210 230422 1341
61557 375696 584145 727989 264844 878654 83092 322640 33542 773081
742437 749198 428292 456796 892114 760558 125935 990360 958603 268059
395172 660942 772502 553566 649440 839263 772966 707868 268412 171758
182128 298096 967086 773122 50007 364981 95543 305915 974195 941630
113067 463689 358795 170321 847861 229610 942279 253716 700487 298524
362049 46712 584426 474685 394444 686934 792180 283558 294082 469395
727541 205575 630746 47186 735223 936185 47919 413663 385630 315902
373890 527732 835943 398781 734782 343760 427801 68763 383114 824899
220749 994670 341438 213667 51420 422121 92365 17382 605983 917653
667793 480679 170685 351000 139807 664892 591658 318938 910227 34576
680700 473039 820927 270625 468756 694523 34286 689687 462908 847135
295174 121701 391032 393388 352588 409951 923729 905915 856221 19184
38794 283568 403072 875929 35431 754646 647860 259375 195251 16383
960847 731684 205406 235694 888233 344623 391492 244749 141201 858440
906857 488560 913274 691458 585129 480208 883037 872871 307093 841347
913763 765648 409765 237739 439120 493971 50124 161067 36027 858515
189187 857088 527346 66674 701227 968152 98056 838145 883953 589043
606856 715364 893552 641292 920093 599614 914614 66579 453346 338803
396983 800528 947637 218694 763150 914225 602599 427689 827813 361684
677546 470256 890788 384093 937163 243360 511304 482891 939562 277299
930553 676643 358220 78254 145233 139683 313572 478702 543694 979300
552491 943724 41424 132990 264366 666745 562916 775837 45497 877582
998908 397496 517119 518485 941167 193683 384588 985641 936489 565180
608925 943110 939624 982258 921202 383892 785948 418261 265304 753121
124236 76655 93271 130076 323570 976609 124846 710075 67065 832777
984750 444068 839379 50957 203341 202502 110425 412456 643717 447697
581966 940740 664274 137032 444623 659713 217797 633925 800964 936891
641448 327174 184126 46382 581394 664291 354507 3513 141073 407255
578416 835267 248338 409277 198179 770919 502858 692988 828651 520597
465763 920361 681328 553536 519610 207887 28183 225631 715174 609819
369457 840439 694321 827221 598319 289398 116394 4938 498770 82187
457764 204099 865555 864469 164081 574940 511613 875003 445907 968034
37585 696931 124659 511365 933 493421 872434 19359 905754 428833
665856 683582 132479 986679 941539 744797 305854 91091 662 511983
452580 451274 314269 6683 306421 856331 544888 236955 897266 573211
227167 104001 825603 936705 275555 528741 391699 129865 243960 567167
557615 78592 135119 965124 809449 78305 1978 318309 407517 235665
177078 361752 600193 314863 207229 637988 520578 851713 920117 249197
949735 468096 130778 928702 882597 211837 920467 637280 197712 295824
942194 153217 231460 998648 446013 70822 966488 352777 692948 908469
156503 965847 624164 907964 434765 670436 462097 762420 63624 388784
375855 550676 789342 418319 949986 71876 479254 392889 107276 852428
647347 13809 756963 779748 846561 829300 32510 578982 828509 881421
930684 970045 485238 636205 223812 730390 259487 621576 959408 965246
152286 872874 582398 77284 184662 761010 851783 987182 510156 96033
22171 274253 518326 648269 588400 319418 547492 30113 446161 348101
684934 341182 767197 731149 202463 53931 628734 19200 427589 824577
711143 409332 204094 220023 618040 781092 22879 972546 942180 111244
476166 305357 825783 311409 63583 810690 719251 431627 727403 604981
293460 432282 861971 612196 703295 739874 167215 771623 176853 155621
605452 234135 843574 241380 223224 552309 711221 894580 814019 84724
144393 482480 755905 844856 385165 573110 207271 154747 944058 335549
418813 292929 250647 677416 519846 740993 170782 510118 362928 708766
663744 961724 280606 52933 272055 195309 158566 220900 342424 110968
410531 206224 334597 129214 559537 417886 853068 250247 109777 709843
541423 273276 203314 547627 459456 284198 754651 469037 6889 307760
405958 944954 809798 435805 909578 45796 512952 359438 926266 910692
265522 813893 219328 979336 816291 47762 199380 40429 499084 247545
18384 129961 674695 615737 23402 328093 818746 102406 819868 475098
943682 475814 447341 230861 188009 604160 80373 455664 449552 404352
524176 62227 259205 48475 125625 590824 565899 426113 597003 730974
12794 565034 188418 314556 256709 399740 386316 358657 876378 36036
941445 127824 427171 766236 297537 152123 148573 487015 774690 827878
182018 530231 285519 303124 743955 738672 817479 716829 526411 464153
635568 233806 669127 179256 111336 525409 527607 906026 254825 61016
318085 857314 422134 181030 902674 353146 337481 529951 348932 199067
869545 445938 497921 540473 874226 838901 756553 685767 980893 209700
88158 962343 101566 298962 426231 186331 190352 29653 912487 362262
348726 449654 446342 721186 468165 948592 339557 257485 517602 472557
474082 22548 226112 287388 866331 496025 865962 128661 434325 38298
434598 698647 105902 921423 867350 901390 338798 312192 940374 801228
374130 482845 327086 309025 29139 975321 597305 31217 362587 228606
882638 289930 429111 244592 456209 236393 309770 239886 218228 295284
353143 10466 349721 913014 426256 618318 863990 729575 595038 501934
136530 521420 531938 883661 338910 965121 885961 693187 913603 23234
562436 137529 468287 301837 778644 391114 264201 610348 422662 624113
85828 606740 711914 383439 991188 526127 752127 805390 199262 431125
772341 142261 8026 519030 936233 628526 584530 150618 747558 31914
422925 405639 971501 986782 50338 701149 394422 136346 144331 214761
900801 144431 201018 323000 721408 474822 843377 665916 564323 612311
442902 138986 622210 714702 940980 38684 948191 151219 230966 554609
2878 625428 259103 273016 738888 373289 330971 98882 884036 219355
935038 842288 757603 601943 321022 923325 383715 847973 388149 596005
839919 574988 195354 679013 749288 463636 486268 250689 35810 513312
633637 133280 529459 883501 441387 880223 723007 286610 516840 354307
951896 457277 497820 435775 99115 280644 288563 720195 676311 261653
513676 850613 390727 367966 451033 488940 240483 108186 703667 806885
61150 168030 415457 994652 602548 949963 761810 814599 738071 741851
119026 626002 9156 870657 942233 583408 432767 715805 500755 445680
274247 360437 225718 831675 167892 865038 400004 796442 6971 779426
672928 56808 462088 259468 321743 785262 134305 40378 684750 42812
115742 309883 978464 340844 32315 890695 594929 231638 979428 537159
479585 518506 240803 34366 63697 133437 420842 236594 180757 659732
653952 933499 197049 291902 289706 232954 489202 348620 361448 688763
349325 775448 732168 283603 812206 26660 957449 655151 81644 276650
732075 140627 226252 194429 747497 4539 563926 232881 994460 146204
886806 554570 163177 366015 651039 998551 977337 653362 630112 413895
966586 72511 541577 883998 445065 849476 735167 738704 665740 12067
872698 482667 701943 141029 927213 680325 439836 73618 862682 270256
198069 785717 305495 931825 778049 473715 508415 735143 635256 810885
456990 545739 35446 694610 943466 111238 661652 528913 706998 711191
567098 623826 803953 517786 189332 394526 829051 2213 295126 343878
177184 158209 321720 199656 519719 190574 293274 182389 452837 91680
794820 868893 984824 504673 300063 783824 163837 272467 778395 40092
690953 380548 430279 140163 864341 371428 887172 648858 713720 211932
647095 550910 406252 305979 353125 225409 32521 645311 416607 635320
495448 72377 861010 638962 211309 129126 445468 808171 63833 585392
26950 567248 409142 368420 910064 428080 419686 683380 350780 69195
502976 627121 953589 735027 774699 252187 91084 540447 763437 421322
419299 943362 222425 209033 460903 648791 68518 335288 20202 285289
908815 355556 817006 740610 610697 697523 589101 792831 48905 255142
866356 726310 214169 263810 694541 289416 346882 34739 879706 163525
697984 50187 528329 940841 16174 210065 565745 928731 26254 842665
10613 2495 850027 874835 680639 265458 970746 243447 861383 924321
245105 944078 510053 126903 739705 474950 256213 10598 44877 527656
265525 67241 114484 569122 440676 691466 308408 620364 814002 386788
329769 708847 826536 433019 511801 56873 881575 648068 231072 27123
232797 852532 681802 999360 277109 659126 120707 840944 14881 587062
57957 694855 587688 102889 130585 12227 9039 88613 181658 77272
870144 73465 71088 931585 383260 46740 367019 479976 601233 258288
252560 412832 1329 716253 87562 764931 60959 383789 303502 913359
68030 686704 726450 90195 799820 92380 736035 496482 665404 452802
702894 38298 226630 218451 387232 171462 442695 898153 418944 258805
538957 136956 856912 213645 881614 29410 249061 901985 310647 158626
375448 49183 623473 580193 864195 119741 605617 861616 863312 216378
199490 818032 45496 285546 522753 784309 157930 834666 239387 699822
336123 419130 168831 496538 97571 791274 239023 832953 706372 280900
620215 715168 323769 578964 922545 12192 631698 619941 599182 215164
279255 418060 192939 267278 646774 7954 295160 327558 338380 994146
207223 267717 424754 890974 143111 558598 826791 541010 572992 858235
499580 220856 482536 529871 409950 611828 852506 358936 436167 126617
320319 376570 526662 352900 421721 622208 788290 160812 250042 133379
280669 800211 150841 412342 959270 816318 249373 12111 793904 542800
225455 132893 893972 141942 883819 760753 992859 294845 224304 599614
556994 591510 862108 949514 521373 816478 13232 439283 787643 977607
282265 162281 954924 641943 557208 782064 448152 609677 336267 278862
522770 646822 537457 371091 297074 962681 854535 291813 948902 187493
100515 218487 546653 397907 582959 83932 315206 357554 562407 578924
660943 502350 611439 273766 663261 48900 810736 566946 653235 216252
267794 112854 996983 179573 502710 997943 869935 196685 385481 998977
892391 963650 790978 837334 713926 276568 369235 8928 228611 945645
20009 559873 822758 129675 822652 741844 886064 495616 233135 807381
620311 987482 41284 698163 924847 116177 776278 538071 934596 125424
922357 225233 888643 918586 923954 299939 587188 617650 809185 316656
8803 383418 984092 777473 649158 823195 238339 64490 133275 133199
367610 196378 28045 505853 9526 214532 359082 54076 645458 664482
833349 395536 162719 561147 258679 660859 790410 837539 858476 406696
945558 901116 164314 380494 106899 340637 359695 175954 375261 108617
307403 113556 300049 856802 454635 242142 569473 718580 156013 842715
404507 724307 961770 131823 888096 968581 264329 358327 709488 623935
831563 795826 512513 972222 366257 762909 310123 468048 314533 583545
580073 843163 91939 559468 6853 622577 206196 212435 879425 294251
157971 567622 367470 768810 718316 514503 642908 287811 21653 311223
65715 789513 541369 828720 188529 520147 639061 162490 421183 287222
431298 327740 952541 688165 902158 716147 1174 865430 929109 118408
371569 294235 486611 537454 384619 708855 341411 837793 646884 312724
327724 716802 306701 235943 574317 886031 583884 889690 300890 230570
118411 567439 960104 216162 774496 808134 300450 779399 428911 912746
864822 745122 236089 931599 940908 747928 936591 967632 558178 106993
967366 188024 457648 516755 308636 989657 429969 237500 241234 889725
859398 99256 940582 454277 735852 757196 135658 498339 607028 118880
185707 170094 592300 928316 606410 530030 816244 817017 659618 551979
616278 30161 130519 734360 502780 197108 81781 311662 439934 85581
946278 314169 192399 159023 746076 567671 581426 805146 808458 817435
772293 112 109452 298588 821290 864991 664139 275332 963808 188810
572534 611613 947858 937253 319059 967713 399749 774536 134612 228161
951810 127958 210260 919205 839059 925626 588569 344684 526483 626261
474830 243299 815516 57436 417695 235678 154142 654303 403864 810352
136675 792171 211144 212379 568118 669523 834392 617834 335893 927230
196292 826909 846117 783350 630804 728997 32773 677739 796889 848103
702754 348747 429055 509990 94326 318122 293986 165070 854995 638176
442585 589352 370689 276695 704930 286225 389095 513559 643842 783340
146908 722579 531087 468072 963592 124897 504672 839941 998572 956499
731868 733224 880127 598502 612754 566478 748496 878977 708326 724786
318025 188552 402286 709683 548801 129695 422712 316599 253808 215916
310709 98026 79506 127646 688924 845458 543234 917831 795050 327574
281480 192566 548329 177666 555749 2616 160916 699635 371990 775697
820073 55585 982898 340363 704105 884496 203384 863282 225336 707264
548793 550958 660191 825239 374611 507817 19419 742353 504714 104439
846744 5711 294438 378068 492934 992624 542232 699375 470940 132732
67973 868939 989527 927592 341463 153485 687949 602184 980580 223575
838162 164523 683500 473790 266270 890088 446512 915600 224190 645592
305529 734896 594229 129817 732474 650915 843775 485789 273334 896545
371797 968787 341126 442071 372881 541689 695114 805307 534563 216087
92730 285328 340210 656728 698964 383461 120027 291664 286674 236545
456301 146111 959907 966671 995965 299150 222127 384054 257345 748057
176744 123522 706008 830505 692911 590674 939688 29985 128795 985828
247547 521466 497916 273419 833047 461466 75578 884522 794436 824014
469907 906267 846566 604118 927397 843863 181106 395100 803611 807912
810256 150714 342332 530775 12011 652382 89602 71513 898843 263289
404685 411150 889844 162034 954319 826758 101922 826431 903936 568978
521880 711380 163770 64803 313395 209299 212619 928264 717923 684616
124132 148595 856423 404309 919183 86054 204070 944748 241770 361602
519615 641532 361576 700781 583650 952572 144756 924528 251331 145997
728136 737306 882386 30689 34071 116559 421346 960616 988454 649132
39991 427658 230248 829034 349287 810805 374265 400828 119056 894044
949044 790340 334493 495165 752599 985425 439243 844043 22415 653979
962831 80525 450837 901789 760001 133841 354365 712760 137005 792521
217124 434877 978997 671199 119527 378257 571077 2635 884881 503395
161931 129562 205985 941648 130828 627377 378461 598785 335632 290747
649120 821212 822591 574494 663 783882 873083 791229 456793 872096
3799 411637 413252 300693 173396 821949 459967 198086 657340 989302
882252 304174 480350 441791 718138 135978 952101 496322 784776 260592
136980 48790 793473 80580 454565 964952 908585 329924 756230 698560
387905 41987 566145 906315 209600 535767 671378 24673 674855 494707
647009 228224 634978 442722 319545 143497 336270 653296 825601 848405
130704 842598 162372 650136 624777 932797 66177 756692 922453 394681
8641 565923 833460 621968 331941 326405 211252 288903 703254 495215
907761 268023 136518 18373 831125 705754 876160 343464 593520 53986
602428 967768 761060 895947 104527 402269 451719 5752 365986 832172
502606 362126 828497 475314 887010 575331 346827 478177 876000 818488
978173 3902 566411 559310 90802 437073 964175 413282 855952 825908
461570 19693 332238 741043 599648 284259 666466 595087 179739 755561
451757 774388 277515 924487 579940 717997 655949 294045 444498 893638
462633 340676 921915 721513 242131 281178 349256 276559 40260 552487
71965 242705 559547 368037 25661 358384 661840 350751 738730 497791
796460 929874 92424 81352 435185 139635 394345 181365 638122 965945
614535 437547 762616 818010 375572 214067 801295 357409 813783 40873
225317 74232 11665 11082 5220 762792 327385 259080 601375 643728
188504 744101 178699 187410 965102 471058 993201 784156 759647 860238
165403 595477 648125 727919 882113 28823 307959 735222 121477 580088
807241 684807 16767 163930 375733 864698 303657 757378 34193 584231
566384 107555 528663 283948 194970 978926 742270 274541 134434 847819
388701 375400 731724 748927 768032 505973 831717 159223 240717 392741
922838 609583 1599 644588 370109 155015 118499 750271 86049 753149
380747 69054 624842 126797 478540 783942 586574 432203 594910 768359
768204 617471 764784 23744 335462 815750 890094 502297 46264 116225
384158 62778 82045 383452 467499 61762 905605 832591 938060 965145
696107 411796 298087 499213 645057 522590 693481 805455 120193 602108
707884 960642 90039 168694 269500 703858 338247 104703 357185 924264
530203 541405 231933 577507 387790 120046 462888 535887 418450 390528
848486 321386 536718 471154 946185 655781 980851 65606 67185 625964
688123 472273 191658 471448 282581 691437 936772 954153 756733 139950
600669 243545 581856 248646 118375 444279 125280 573257 955884 219503
479976 178000 551005 225827 690610 779256 874627 425364 165648 252487
386501 581687 984395 658338 806102 690982 24160 656946 923154 246243
284977 966776 543082 498265 332677 110434 487297 18051 426923 769369
999264 495702 855197 258395 210084 486129 60762 844906 145844 409420
309155 810461 661057 821716 149536 440309 316732 646353 39654 444536
758033 242382 893140 656366 131321 307631 652667 129503 313185 346334
868711 32837 744331 579114 555914 503776 368736 533834 234468 494828
423114 181654 738610 434342 331423 449874 116536 46836 818376 631598
615295 133037 586698 230401 686335 876867 60757 908548 7853 67603
494998 36963 671884 731141 380714 832642 310271 648197 990051 364566
13259 326486 466170 83207 63421 146139 949505 870632 627825 361369
65225 352308 967968 334799 624877 813460 467561 620851 43159 701078
669589 146544 83999 103683 827208 171749 275204 585652 262659 217659
977287 404797 874803 967650 568973 113881 722550 810718 714406 359384
774078 644103 254106 823678 9785 324772 624441 877451 663562 958769
185202 610802 679299 745186 27710 498189 828556 355528 310268 629968
896058 81586 14602 738230 746758 487139 292898 569497 740115 239864
579790 761611 898079 265767 459113 838370 568875 850361 86168 908506
567931 670118 799097 22734 930730 374352 183510 605514 652132 782294
565335 620018 20937 739534 352734 670857 502417 677562 827417 393052
677284 238658 648375 859283 784824 737294 91999 176188 138787 362355
947806 634247 763348 653481 229950 926509 634016 342241 699851 411153
745380 857941 257072 524646 295529 741757 192233 360862 83905 490785
52169 970711 280992 476314 264618 885076 156037 441309 517204 615473
249912 702780 780931 650609 651322 235108 802826 645967 991841 356106
256979 520544 938776 162582 546861 115754 884487 410522 29017 753645
347118 584347 494515 597968 675944 968514 786638 837182 726686 179485
45638 632445 961438 247200 477034 500672 688514 6174 467354 338324
321015 216100 701566 563066 687698 694868 792660 956093 242170 484282
728290 997020 30171 921769 602879 924832 841678 802773 640265 996019
82358 59723 399489 720890 655032 428548 186029 820032 569373 123250
870733 413141 945395 469516 937578 570759 215685 587616 158353 651554
172243 833148 397554 534665 181606 726088 563595 662298 784035 454723
786253 429076 271262 830786 726862 212667 667015 369343 781929 544469
841471 288031 588298 85484 913689 476579 461201 198248 584536 875448
101249 243711 247828 521441 648825 15778 944817 172114 915806 906783
906305 876294 223352 902543 396327 570711 619668 828581 430860 889589
19837 749259 346218 219857 747761 906150 824725 530284 877274 232002
922323 370081 628241 423456 525064 879802 729475 282588 353655 901478
787040 954221 874127 453738 77450 921969 436531 728387 935863 731526
146090 690862 623820 190557 897438 627248 724987 413942 465798 560107
446895 556038 695367 185644 795560 100348 956924 127260 9368 812607
335060 309515 293940 684786 102448 552247 515221 685953 234930 651805
722303 136151 652126 529985 473503 807892 579118 61175 243198 990185
679512 624471 460705 568210 228063 26512 700631 459414 537445 992526
436913 306524 531787 67524 12678 218261 463242 714521 835326 683485
936713 823393 313485 749867 489178 96759 765787 41023 506917 32558
342467 672678 592587 184066 516515 531417 13731 501352 811409 476632
501642 212421 809716 19676 665212 558792 3996 850179 286806 856581
748332 61520 789393 800361 127119 700199 554630 94008 240959 491646
489679 118831 491807 82188 416273 32087 627218 711675 746815 623866
784254 603731 753247 328503 403533 959636 176741 573194 646333 262690
165416 441923 198998 66801 748743 802820 60192 631431 598587 65599
950295 585232 710658 819704 782248 449886 974457 943851 746351 749213
220063 451821 884882 373683 304229 130324 70183 755439 529049 426063
106747 271451 87959 387399 219384 472800 320983 645310 312617 902184
671594 995202 104381 511132 821290 37460 862639 598299 541911 966692
866188 961815 566022 785180 961585 279162 200610 787339 621068 49240
172954 103448 752882 418836 143642 146995 227651 448852 624828 620975
792812 920296 867733 619862 655472 508315 758484 834536 606714 797111
796892 619428 404279 383201 843611 997337 778295 18377 8200 451689
9427 971957 298989 534919 66564 18615 545960 362945 265812 421193
439976 267143 407831 354588 822671 550080 289167 98451 553261 455903
995495 748102 918564 954838 587313 282268 778855 284126 423155 426566
229006 793981 877139 367139 462861 264152 324652 618570 820655 328488
982118 573678 811666 315207 143998 450685 548339 722116 248247 109555
482471 23138 420479 899107 668230 162327 660087 191028 868896 99023
260291 680110 756543 746044 717789 456041 408558 284784 676558 22611
708155 548728 992435 586329 16354 836813 309030 411783 793577 27874
64971 808414 419653 252213 965253 634137 230677 193840 335037 523251
281544 767394 362553 975505 948027 121362 684872 354104 198042 176828
349371 429015 589403 143975 691672 554162 882087 105349 96064 499362
222185 309280 436607 315696 286727 939557 723240 618869 652170 98992
275499 433770 377944 320939 550440 344743 192689 225888 855868 428411
159047 805292 87715 560560 985701 743949 692187 830544 718904 240493
456516 434450 716275 39672 765982 378685 953391 767583 145478 45292
648589 601979 616292 421112 164008 284987 28921 387644 530137 823732
418148 998465 579922 288093 528519 941258 692863 139001 115971 754232
198320 963599 214857 397080 605295 568231 935346 670992 201627 499129
586473 111684 380267 565680 44797 149143 239467 575337 506951 792606
713012 401017 775562 843749 398635 957344 660324 394448 461653 488315
939642 908727 95358 127137 632481 435278 277203 46164 914872 311112
412629 675244 325507 907570 889192 591921 165833 182456 405671 719697
578467 174975 367114 343338 931060 250815 668319 94945 801952 471039
474010 631487 385995 999762 501216 662288 816692 393299 350281 508461
299640 45900 562006 459292 5348 688576 813127 854017 125758 14276
915868 763105 408925 833166 740144 337344 735797 374824 481451 31943
815172 763947 260426 239512 958300 392694 283447 321680 952108 862407
250991 616670 43912 868587 760687 215329 292304 431495 39155 753879
945394 557542 970352 93135 368207 805357 722486 452543 557381 486653
2294 479417 982192 812216 609267 731130 979802 612257 884874 129580
727332 581775 944277 18859 859862 442192 382101 923048 182689 587434
831026 784885 792795 540668 179645 260281 195615 436995 86687 745152
983394 87121 813746 687674 490695 122495 429627 871623 122897 214729
926510 259864 591034 4206 171703 853165 462110 411916 142435 457223
590972 259984 399291 609855 135218 442814 86388 679870 769405 286724
464079 25504 418027 422299 398418 598545 712088 844617 915253 719042
985657 975529 997086 562895 233101 683761 15005 719055 293999 610448
843275 417420 343674 237083 400535 488062 221297 517893 114480 651592
272426 692948 247204 466780 845225 557211 644671 884833 569877 312188
852918 674188 141500 380586 790354 696505 220327 206031 941389 22377
928166 423399 857503 112138 353762 721607 635236 753597 770241 477626
377104 34465 554138 577313 771008 384946 521869 179057 989278 6290
245944 367955 595700 561209 747867 271091 1858 176150 548468 190045
262093 597623 406163 260261 923747 412013 804026 179638 763136 689058
989334 355241 417675 389080 606483 289685 924537 168090 627648 878528
48696 519576 972448 334217 648009 103092 860739 198499 558486 607522
424876 880447 982983 901327 243357 503976 986023 431598 860788 736128
434413 858174 365152 657522 856564 96322 525748 292718 603645 269468
984731 701093 623964 632346 740917 358518 93214 450317 34614 869256
880122 281472 58079 257966 217374 775391 771384 301512 512848 146050
225255 357913 392647 842296 784087 671054 677142 235501 930250 907490
697260 361222 396560 964004 48384 708775 976926 658759 14013 773852
357991 541333 200043 930065 341447 380559 832999 114462 289573 504267
64018 396579 243611 309286 940204 411508 976373 104615 57887 224693
289736 727392 695677 656182 559236 867502 792681 402460 746331 964021
156519 175369 277402 470487 679758 274960 376878 76410 432747 640720
673274 297390 749454 718527 770883 852946 455030 865226 794005 449411
757118 700348 996347 580320 806992 752230 375322 332909 836109 265371
944681 801999 832768 756478 15820 955453 788433 400981 272955 121574
684447 278919 597031 121252 604577 575064 923904 688460 240214 929174
672010 305999 661109 527306 930082 271331 400513 453466 246325 231525
469475 514263 653839 122816 241331 405374 895224 555303 250958 719732
953218 307475 397029 444975 919618 427900 485968 247221 115266 246119
54621 72178 101563 975046 159334 658691 549670 419070 960649 324982
785917 198682 970381 910113 624895 205800 101185 938928 989434 1476
965486 539556 727249 600166 503804 371635 478143 650501 471443 853509
68986 968393 879947 951114 725494 991102 790333 648838 266498 350367
689159 664960 207508 715954 930831 297290 538083 526902 92598 292031
43856 150270 636956 46224 799122 92466 343840 372576 131695 405118
953789 580496 292560 819121 995222 277636 91323 203176 907095 412843
677526 647837 22402 230005 596559 256376 444387 84672 964 573814
631199 849067 569737 665603 512364 350201 261502 520637 788061 499388
827506 675932 169430 965910 360768 665714 387538 39018 52839 182537
909406 390782 785942 246724 95462 763104 78013 554048 390572 664388
917370 289627 98230 226792 204063 318475 831696 657795 208550 838567
129174 356927 615644 778233 648736 78169 136182 703891 234900 838578
823164 957526 210824 953147 2590 259180 190573 49096 225107 53496
287894 573624 297071 939271 771332 267530 154895 30680 733474 892090
521966 888198 400451 389254 278402 605474 478338 376455 808015 543695
588728 492595 564099 967759 111181 11905 354969 673809 35909 843430
428321 659488 1331 59324 496807 879584 664139 425949 638731 175682
620091 86578 222830 93179 547038 42367 669761 921088 205351 39087
497623 227880 316597 921152 327155 870788 193679 592616 710162 969765
59492 329426 191151 806888 462926 255576 228565 122726 930930 596060
427563 857834 578751 390483 851093 263243 324818 706480 894631 706630
545285 769102 706746 846178 49975 297826 298771 362890 2211 821199
281190 499010 563472 374607 599505 825989 999552 555565 904081 647489
102115 343705 577006 586201 102845 585873 278270 568801 978563 376504
194006 911031 582820 691909 59857 707533 948000 108094 775962 82921
359694 508102 806786 134817 800107 279604 478353 393237 886957 673209
66939 595014 521145 769519 158053 499139 174672 155666 879326 309366
191473 534558 68460 919168 19593 485842 649674 180140 327697 881986
804999 434078 742523 917802 734677 911595 219754 354873 641962 401492
486553 377885 434340 871440 704273 885558 202022 683383 723528 960752
90033 734683 219386 548210 645774 247568 814025 674688 394820 51704
993935 784105 403561 420461 939712 91698 728473 161542 930627 56793
69542 808769 470710 537018 319278 112774 194838 811653 561142 816810
264628 12332 152261 985400 979398 885816 812678 30547 638076 555438
321638 489787 726673 423539 155531 770721 238970 75046 474010 106952
641654 346110 703651 72911 489954 448683 709082 144843 88211 150612
63114 955780 837306 595332 477369 898727 851678 44669 546731 23390
309887 853248 785294 830213 244918 959023 764217 979490 423070 13191
94623 369491 377619 751663 261250 248214 84401 100203 198064 519278
761420 225266 560422 621149 813537 409585 825680 734587 117264 927561
979519 909225 685891 329242 252431 640602 631467 619879 386458 932521
478535 164007 259465 807687 466227 627172 310780 990801 142763 503500
154140 957438 470015 293746 474641 762595 980769 874862 877195 380289
408208 326289 200346 794700 659245 259891 800605 349828 944145 759744
857284 757753 492942 292120 374092 492680 869627 386829 821507 669929
734894 712394 854146 240703 388224 671043 327752 516242 812723 358875
814526 799147 224281 76410 454778 657969 503641 16306 275100 124559
776323 245575 755154 876142 391486 260975 861779 906227 370245 938374
673880 459971 741551 347921 38039 303000 577888 917525 927299 599294
177750 131716 773619 954437 572309 540881 198281 648260 360716 262366
79790 325174 757229 374333 120145 881219 316185 773361 83596 950443
967938 574512 127944 869585 195575 932223 358331 694670 714740 659709
595941 758639 529112 435141 303382 166864 53308 659293 40447 750246
961172 739456 391412 153895 31654 32832 74646 576841 298711 235893
466717 399700 810877 48053 753475 871145 461683 962767 772489 298881
586370 998172 650745 133798 738444 812250 868037 102503 466968 644113
275920 778859 658154 489529 265751 246041 893910 492025 748308 385911
81667 892647 564125 979799 373828 251021 6849 351228 24916 959
651475 838120 210743 680245 278352 933580 812148 157053 34634 118811
522487 970880 619077 853539 371550 291759 843304 2033 805920 182277
553396 143367 944063 272172 361144 818575 201693 762378 421092 600999
660091 372018 792237 910570 773135 498047 257289 159097 363721 378521
75178 368844 50795 500568 224230 148756 623124 552247 190059 794431
250068 178141 582103 498966 598726 613069 715038 19563 189155 217556
568061 650172 241370 486132 36871 34117 899193 61501 644488 331455
543033 846183 488394 419487 704055 727053 388114 136280 360844 618093
746521 321919 553047 822087 800964 433976 480653 294061 410398 772173
218715 265371 712557 637517 509414 237142 518585 440625 958865 650984
72777 22436 718962 516907 616643 745072 501084 860255 449549 101755
115163 283342 440505 371740 26179 922139 856828 951871 767860 141869
989589 724051 944326 217891 483763 924981 740656 189983 495863 382091
21546 918884 157767 692943 621415 197773 610801 16638 206608 559417
565142 121996 125329 469482 307762 868771 947350 494499 284191 459282
17120 934907 748788 474735 755952 955371 392368 654334 886019 152973
907768 47871 972454 900788 745462 178520 669457 890337 77822 797517
957956 920026 122605 880434 493813 892454 849104 815656 914867 18966
550784 650806 123812 692397 487982 323039 636878 327356 763274 853249
328338 515887 160427 799539 60055 444999 683918 720027 389853 21330
42346 199913 713053 429346 274803 978390 980363 739465 8848 241784
504998 611338 220183 875631 897511 902537 609427 159403 862991 592432
775449 546101 328479 610083 804077 715924 438557 283398 676299 679486
725912 190902 859613 366089 355667 505675 914994 917758 193360 974992
664356 482391 900393 578099 406785 175697 356740 943244 38510 436784
871472 235616 549889 556665 29077 620401 146841 124479 44811 606830
284645 448041 390689 828048 962012 761511 499602 248027 434683 993397
15155 627310 24071 757879 121441 178955 979131 838971 645548 284319
749290 852744 726946 819225 342329 979265 524258 548651 836203 331795
458842 584780 757423 309718 338723 246785 481628 20717 379308 77747
652506 471744 522539 40260 647558 205570 542297 649271 446006 855982
650668 153146 604617 971463 483477 342754 156378 299206 457820 595424
623459 90375 566515 382195 106818 422026 603659 779428 379489 387538
814145 935840 285603 503491 725243 80011 898295 238664 772870 198304
363448 667329 424359 212093 638382 648324 690446 465681 207961 527271
390711 545761 656782 727071 199098 609203 310559 316525 802916 810552
777220 824482 923379 124500 675218 84186 561481 72257 633014 204990
550125 743631 771696 767622 826943 997737 163081 635971 107187 886971
594977 597844 754980 720808 948247 785772 494398 736636 71973 863414
175303 450239 538385 727979 711316 5705 721707 105022 388505 279587
20167 968929 971351 483420 442364 400890 930733 444723 483636 446850
82977 158241 192208 788118 947732 105310 283515 624629 697846 729039
553377 699160 196343 373017 899353 980973 870342 334650 317428 57485
759890 357234 940101 459025 191787 434917 639199 639659 367712 512632
856310 62004 123754 472944 975482 560366 873534 360923 995154 83866
119690 544972 485515 886965 899466 369599 397234 39071 27340 106518
4099 592044 172401 965016 362409 722443 507687 771096 617892 5382
766836 948059 235475 585145 456173 552133 64191 563161 808594 51264
231016 901899 696925 592281 625228 753119 626385 351564 392697 987662
456057 201749 442041 393831 429052 413043 812999 659335 296289 487318
846006 611867 872071 663071 233707 154081 206147 493108 663595 284520
683876 616165 788939 794885 173999 98637 535909 165526 841151 118435
932758 173941 126490 583365 257596 987260 540045 980084 308406 640277
63636 104891 545574 108303 796869 811312 12824 685322 636883 8164
726617 614607 917788 281235 823807 698699 991478 394019 325798 387597
151177 560657 464114 120111 646569 94279 847359 559082 814919 699071
613749 68892 685122 454814 817365 247547 837026 693225 637559 674488
524623 649406 305016 353633 97276 820312 292255 572592 225959 690268
363746 168280 453177 736525 820676 296178 267256 977601 612027 552676
552187 737229 592121 593643 908732 716554 780219 512009 833383 769169
667586 496926 571058 849346 27187 410388 813654 370482 422309 466046
52000 817647 686493 909062 728068 267466 645555 267727 296618 111678
433510 739778 912179 379802 8366 640557 258863 741933 415285 731375
434514 389708 619529 921803 469701 538138 780236 556682 859148 486000
281620 369466 674866 435459 968894 525903 465537 484808 530865 329159
656961 92361 534676 510413 208011 751250 633702 162123 599272 532804
712194 215333 337853 460435 188447 684860 203938 346671 420790 28417
37573 671439 81758 9485 984451 557378 493169 672082 663089 479003
993432 407460 553230 178026 344129 481483 853308 305050 619492 167154
991476 821859 464597 991622 857639 848119 903011 127657 43387 993736
728840 515832 285241 888273 594158 891321 472685 449152 248252 905936
953882 503777 4800 961176 132459 336242 23087 398469 563861 243607
40687 634798 79141 671003 90881 26847 212320 291645 224480 12251
51186 987648 418491 901454 949869 690215 116135 917134 437256 172025
189275 417385 197466 829154 156843 89866 158559 802836 160360 802619
273408 612325 88163 765695 258037 588879 760263 710704 847869 836457
987042 23460 630436 139675 256055 412854 923902 847731 238293 177861
813159 917183 825229 432771 183555 532657 221500 264047 498979 375623
624835 657582 682626 549987 127820 399204 524033 239137 924858 849458
265687 927164 575296 136200 733781 716867 132418 710832 639751 327095
650212 283095 319921 535733 477857 283922 998629 949737 362562 465393
903155 920367 433454 378358 210215 650979 355679 705032 568129 20861
12519 534357 855243 873514 363717 504463 961587 614379 309444 103716
348058 774189 968817 722298 883900 103158 4379 967996 245925 580377
784141 621825 231625 338524 649425 687773 629685 696424 872996 483247
851304 292858 475826 141954 958291 678083 979723 136887 615439 94248
116327 605390 882245 380911 393893 1310 742030 726103 107259 283310
856222 611293 354783 829842 909957 124940 914855 788143 818264 134603
115756 375110 939473 852754 96376 8053 579082 946258 15921 455656
325189 287705 426165 557349 914935 196519 301427 240795 300617 769634
664906 426227 218318 8301 671775 962141 262118 788952 786113 335646
632964 62423 549338 702843 962683 413559 854730 411465 307239 644855
117078 865115 579244 948550 23295 865764 448378 649166 436828 546515
166105 43269 245188 869203 89764 166181 201715 242440 953287 50678
540271 469516 177405 828532 192139 246079 459052 382817 54552 548644
875568 286106 37496 225923 979569 722879 777227 730530 403037 674080
338108 548426 676838 770812 804662 434683 222138 212376 816970 138384
941349 790449 9416 134837 736012 359382 173292 927094 88614 558107
441376 432026 853013 565759 338020 540238 875681 379813 700350 46712
226419 324986 995634 970856 489595 481285 865299 376328 276177 965679
977874 753851 4071 239004 713787 166744 241499 733711 49270 327360
527084 185230 955150 582481 835410 630695 796173 496603 704036 701460
258086 33655 899114 562458 377798 88725 565892 27687 304212 72643
693304 735059 581519 243069 960750 160177 6978 574575 839960 106195
969768 117593 275803 616519 641475 207356 999513 547346 814636 44811
707838 157359 225842 4428 23483 853698 522618 849357 327822 925850
586420 875530 623469 737825 113073 31338 795212 938442 896624 366112
905758 702657 129285 529979 791692 818008 263152 688763 144466 371377
305376 169268 415917 582500 502714 706777 641672 646287 152096 264798
435139 948335 896849 543597 754790 377800 597627 965415 300279 574200
824569 857586 938160 525655 572532 704037 432540 754128 566541 117910
120160 512149 211772 845691 670355 136757 16278 399692 435584 972606
505185 271798 245264 985427 444156 461328 352854 544905 76318 356061
378197 278173 944645 740513 867550 184815 987876 168909 872767 134242
356460 888339 867885 911001 738307 34998 292209 335966 11015 907016
728339 536401 10170 635723 289943 576357 328772 729145 562015 967876
781984 54134 364107 117144 958113 171220 256986 335598 772287 324115
14081 330565 722882 124584 94263 48717 767232 955822 287730 137531
323074 816008 825671 835633 529010 719810 147858 357053 254192 522382
352876 841567 952108 958954 620646 946818 644095 246748 456464 771837
812836 752562 961330 277191 985675 828893 43580 454316 957968 115485
836438 213568 257219 444689 169164 845560 260725 46727 94356 17650
996488 745597 565905 26183 435855 207319 336301 400893 588687 29883
659039 94383 234519 417012 619802 944279 435587 769733 14022 417669
705556 375073 572683 796740 554865 14600 458521 669295 92372 730187
526442 492792 347538 383709 547470 67641 463253 984994 805505 466627
387313 236388 531672 129917 876669 749041 395726 495549 941967 312859
568446 948086 893688 511962 827507 363593 679911 212937 119798 671624
190297 728395 69224 686943 305090 931339 128579 173044 897660 466639
61189 982742 758835 767850 346472 614951 979380 903682 771010 628617
751990 826528 933386 762938 163956 311425 883782 655219 518340 502706
405656 502881 688762 471538 411346 793198 105827 283102 873279 127223
302155 995011 191257 497711 837535 862604 892587 566464 969146 901183
235862 830388 177556 729456 525032 891463 8984 120330 718776 121064
629119 64786 876139 427935 412721 423069 40027 794116 155180 479094
253139 198926 391811 495657 772574 118031 826178 841138 738359 314295
600450 91224 991063 248238 748793 665570 517360 403544 70564 568237
470636 948145 364920 548534 459550 178992 836680 656037 397652 52328
477272 572240 494352 805602 728618 930651 992426 937923 379383 662781
309558 732820 2010 499569 157520 514259 297011 159411 337023 878511
954505 468440 290943 860837 551858 283911 303483 158262 636228 713874
997258 798164 139091 3853 470337 416570 176280 209234 495018 572366
562583 128286 482064 543625 544891 228878 351589 813366 904127 240892
882859 971759 917052 195677 105079 952694 585934 691471 720864 293423
174177 452917 486000 133468 226931 856829 502397 187431 32494 233262
727289 416824 50973 973166 771194 652497 913763 110958 891986 380982
416521 907559 744210 966502 988733 273876 778785 531599 552134 568433
70322 708728 786734 170650 615314 509049 775057 955805 150897 93181
698982 583800 607755 768867 728322 762175 634668 783668 609009 996095
876163 207863 476320 822057 667204 500545 533898 740927 108804 858312
467746 192036 567775 915908 502140 517196 785965 550532 615410 805802
2533 603896 110033 947300 949078 399142 615425 355153 791458 3225
197861 748117 898199 994092 500445 858273 13689 697200 214814 293629
740608 498734 201512 713082 739192 305490 370622 467800 603722 997312
61934 571051 461087 290767 344519 929791 272294 201957 451277 822629
856484 80239 248386 907897 30878 244141 131034 778669 33360 291056
766566 431707 527373 405076 90635 588228 817113 468650 543564 668027
268043 841850 379788 920871 139075 605880 965650 865990 569227 413157
546149 924291 33933 86121 393894 45704 389363 280771 687187 515335
418972 886090 917842 748408 726188 821771 433019 742727 401914 154670
476918 2825 891770 687685 831594 200981 67721 236895 582482 70608
722530 113485 268462 591102 439531 363863 591534 195730 579229 170851
946928 877245 945278 533754 512030 403922 259486 957110 319470 251916
308372 710893 402429 282870 731216 50911 219701 112325 391588 958755
748498 454168 331411 779684 897753 783507 678473 895715 841588 360477
557929 814752 704677 69006 244805 416228 688491 583663 856252 472406
888174 566245 74269 662320 459442 771794 588867 575655 386900 96160
637229 727357 734307 882221 641198 462847 528031 327187 363011 691483
624657 949525 573622 482451 325074 978421 147818 831866 565729 730085
968078 624489 307769 114894 929383 615468 396155 746737 211496 526339
653536 724179 70153 446058 747062 653853 79944 289854 259364 320850
159536 477486 445588 955556 744418 898887 862177 948150 138043 458073
242136 832494 264129 20543 530237 785207 890129 169422 595277 438083
381617 590165 530571 312701 384770 837024 643599 622300 328988 169485
937233 972322 459996 186999 209713 213966 228963 80188 812507 92072
649190 649389 184572 119598 958395 139742 750705 91152 180386 47174
978046 642784 594220 687815 320124 903343 186784 442093 61696 137336
106831 157318 306313 369511 843278 727594 164444 464190 540167 341280
596153 916447 886789 98746 800588 242256 321623 332884 542624 435137
954395 504344 902385 227117 580479 136982 77597 790738 267862 392875
955132 442528 81733 570378 161281 520780 62422 351145 420332 136656
203088 30439 195152 416377 1172 448338 540367 740378 211027 343196
551362 402738 610433 186844 649907 55532 155325 487223 460974 950069
728983 977511 556308 2432 604825 29851 419694 203892 992913 418861
791890 313586 164033 623879 56747 138949 462450 483249 245613 221639
351330 561836 969640 281427 961183 893383 615476 627121 439055 39543
115530 248279 883955 946204 730554 428032 796865 46980 657654 977362
687842 608669 989158 425441 814051 620540 527321 282629 310951 54411
206749 637993 468941 526872 801805 543780 396889 848655 363402 963595
753240 56597 280853 557208 750294 101883 943077 18928 512937 522223
907440 907421 406529 691087 667629 276681 777850 998332 516842 792054
782285 857579 653652 986276 523679 164236 692106 226061 612502 917187
1167 746735 865357 415440 485892 401263 296248 454857 76362 682292
425293 274278 853434 39690 331811 955926 535155 419341 393220 459466
491346 975991 140638 767154 608347 165805 109022 585666 954886 977595
825097 775136 17368 71003 986042 94273 472450 726854 521353 385792
699557 823072 847918 977800 211483 636587 426095 396861 849168 631551
404983 383515 997601 981368 374430 105971 59295 568204 803985 133647
942415 155665 208571 783456 604632 777136 177265 150216 917762 522458
799605 615675 849624 576806 603974 719016 86326 357700 429353 860
981628 36622 645575 244426 119051 220270 150917 127518 153192 453654
550625 448547 817943 343614 28949 269682 228377 28574 872884 482008
622453 932061 231899 428854 961988 933894 775015 504719 380783 687069
903615 559374 915863 938446 210056 287871 981365 116532 275776 876291
584740 292420 565717 130265 934341 922474 861625 276910 620590 728584
729942 686857 588685 571104 609701 459954 904811 932890 848376 415929
583107 628677 890677 675262 460872 171756 91711 153538 86449 110484
332861 440660 527192 838067 36626 569040 391487 814976 269005 335735
747238 48063 267186 554649 293139 593165 559405 222460 468279 79647
285212 471633 977743 801096 456791 189578 47033 781350 640790 777733
818177 793976 632756 544596 1061 980875 76975 98791 881829 689179
835306 838220 374020 105471 324475 438236 188458 574055 190755 667347
928474 795785 180526 55579 579022 857724 428617 124460 761839 237849
238174 140078 409163 634926 456196 184672 960707 684726 261229 82326
247165 123824 954094 891928 244400 397152 448056 217469 139198 649224
7748 978554 649088 53122 655115 235569 30598 96104 808881 97345
128807 980544 122858 165531 785862 988 875441 200027 628577 858050
186353 186636 983976 742404 129410 938045 783351 657681 882550 791161
775485 722737 522536 55956 263435 498320 252209 217749 331607 561792
372198 650806 395547 871520 626689 225686 378475 471092 135985 312819
922023 746944 644933 7556 500818 124021 269672 135863 877530 513474
8954 689635 151148 897747 990461 107782 709990 709936 40209 208379
329255 770214 876082 169068 387605 12646 308756 462147 564689 496197
686250 647450 719135 444264 755215 990033 161434 222012 126709 695328
528832 98077 685006 707166 649585 192876 660152 141317 860509 151831
643268 722560 496239 629977 464676 525277 423251 349639 259671 215878
750138 623786 630547 828519 412585 823536 814566 657637 884716 345686
909368 763186 737572 280889 783361 991418 877346 81191 252613 722605
672614 685475 150553 689116 530649 908103 318637 915606 290627 207705
922135 53255 612102 363678 441777 299 116507 211168 486472 669150
855972 254228 749678 400698 263205 236425 417653 558277 791081 233015
812010 307361 280828 892514 904918 985305 934228 552140 26835 478735
579081 614604 898269 564738 460658 594386 175484 519126 977724 433743
842553 643272 612056 997137 568128 759440 9055 933269 691634 611730
52392 448895 67235 889403 817555 76548 112617 763200 949586 304117
744056 315276 783028 119236 964008 390222 37797 317536 886616 172643
408316 800215 742814 329043 752744 322583 470515 493511 375062 793391
632701 507770 556564 918438 924813 850807 71928 110982 533172 298095
306091 131584 784681 173519 648083 757946 774554 952671 330909 855969
661712 613027 793148 621390 406364 320589 705194 657026 565874 397342
588695 798757 340521 1343 270013 61696 879446 253212 609049 719675
531405 115715 240266 802212 542531 471117 647002 869458 117619 734992
860854 320544 563787 296241 122662 681545 414069 204131 565386 626949
283262 162430 873291 32274 443305 664281 969131 529609 822301 917534
730309 401354 255790 713305 813549 654691 921482 34304 800935 246349
48825 885277 435400 727456 614675 829709 831666 400923 330176 950357
569920 367559 279990 635683 29950 36750 693413 947171 329437 509587
563196 392011 682006 456039 836614 669768 197819 138460 74938 593904
237275 504162 880946 662128 384275 607433 935433 970404 762146 522541
878060 100838 110756 116807 239034 692445 53599 72926 785324 552946
195413 690876 543330 348853 403216 627428 757758 558814 217749 1681
5390 923142 864436 935410 537734 726338 660799 760741 64090 759850
503584 721738 526356 18434 860465 544343 348229 872555 109019 2836
741165 278874 729197 417156 604984 138847 714576 54759 152957 817405
407068 339616 633282 578534 844350 57852 219715 39036 768045 898063
469934 364057 519941 927503 584213 22372 154264 309645 439714 588578
830846 675495 49246 261534 438087 897837 412422 104211 290835 928082
605531 685271 859977 958742 943301 217648 75487 611647 695449 329877
868795 42580 857431 592232 13397 894167 578443 863198 611866 846314
25453 473477 57072 95443 369677 887469 405035 501664 62895 672431
608645 500377 413201 917719 123602 520203 898048 532288 301406 638173
154557 159364 86706 744950 444707 62591 983249 746020 908571 214042
323795 448625 187417 21245 633492 760277 984853 99443 624988 869498
462271 333051 221193 935060 112144 883466 902394 999566 331214 458429
280430 895635 774511 783503 951308 866407 596606 49556 505214 568844
3585 603801 968417 901631 615253 215819 25619 761086 262257 935589
719823 124480 30255 600395 367332 261954 999730 760108 796919 602285
273735 617421 2911 397504 24241 992847 651469 572424 517540 833933
805004 86217 266932 508826 266663 608862 792569 557946 238749 798569
465278 634066 988305 668992 40685 343034 373507 704874 614903 848232
618008 946615 850426 695234 203755 92984 45409 694909 226386 626306
688523 798236 457918 741384 292698 384715 710661 899110 819563 670960
787283 444814 738635 692373 711411 577252 446731 79701 743211 383487
612318 790671 719389 888128 336200 134308 499309 377039 530205 788438
163933 56863 134775 875688 749268 81003 812052 391805 86547 562543
323196 883911 817564 227536 818602 802617 119411 463232 200037 491812
621334 545246 473880 948525 609774 825232 520478 664245 298598 497544
300786 85700 891850 67268 987735 416397 271788 227050 325164 597448
839478 606732 604776 327768 178017 58541 38201 430502 963478 126801
898552 263372 232375 512157 326209 56885 483696 368003 586246 346384
943913 910632 229764 214343 917854 898222 987036 422400 304081 906223
305257 925356 562267 534682 209013 394491 310242 899713 716349 6260
231242 860888 776901 638730 985527 801894 673917 440789 990177 59521
351325 729001 16570 662866 759974 917665 902636 990103 676671 978452
980565 603803 34603 301761 809001 178695 513380 629566 509290 643912
75755 432643 827017 571083 704199 322712 530830 213324 313526 506744
488619 100478 686211 788684 204022 582438 468113 624532 858858 393107
508391 39238 273885 791135 663876 558509 521204 391985 411174 234923
377390 840410 897089 499163 324037 573758 269792 594049 194114 263651
485404 322508 541468 589974 549784 404758 500271 609891 907532 547662
374999 779111 186748 427320 549538 294567 241169 581630 32686 520608
425226 442075 660940 184544 489368 208179 845033 698433 506593 140789
53517 312695 676151 846644 157448 751001 723983 219777 174025 737021
737885 359278 910267 254937 803549 948006 763209 396052 343099 186546
500517 44291 483630 743622 15700 29643 186131 276514 158899 744570
866287 448322 538640 472383 146872 196617 656506 13504 321914 68913
362664 398688 875963 594136 664592 258071 806552 40594 288385 903478
629023 666567 129515 219381 102433 693197 370904 390497 273637 960908
970144 512060 772373 250321 685822 580220 422728 178726 564182 437282
10883 312379 35131 946904 819078 491161 237992 236017 757025 328221
565448 725552 933571 397423 548601 135026 516030 1384 637881 641798
758513 488242 51675 427920 561215 399876 963297 460265 998136 848306
378354 617702 439414 187536 333728 248943 202493 531703 366078 929270
261668 708063 382467 139711 321160 484373 276276 572206 89064 911377
627402 173552 280631 499795 575924 505004 385814 766838 87245 355433
470255 8413 269562 425382 481355 387097 701769 727656 537233 876750
876474 950863 84898 663061 825399 536492 258457 651149 185652 836480
685234 740552 591659 218214 415710 530292 347329 802473 907325 418904
587106 863961 654282 527325 896070 260096 970299 275610 560164 164560
657459 12125 936836 661389 20416 155799 935254 572662 458140 376468
585459 923739 731911 857266 563856 41659 69221 891138 12125 525039
46144 556352 774672 155397 227449 386420 304822 847340 346715 662245
956171 883010 140625 352875 844947 755909 756349 962294 684615 200708
179808 668978 537243 907259 85430 636297 799969 69460 928307 544985
572083 110104 79515 344763 258837 404321 74412 558957 222864 771956
771917 138365 995496 297019 810841 560902 204878 630577 994895 49627
298689 127385 848345 940985 714422 59471 597544 312580 906801 964779
394145 740595 598616 733014 108225 712744 237742 191939 592098 482229
660083 191001 964604 225114 843850 795545 15785 373457 305200 983161
738814 133474 130310 37872 600910 636379 583328 689833 347497 101946
498257 981909 999208 12241 157957 763203 860704 761933 855353 706616
184602 473388 795452 619528 26976 952888 903461 998253 498799 847401
434243 220957 194235 114534 716477 861405 509443 376109 501836 201822
365044 767809 458451 467560 704168 897587 877907 473511 374332 433588
442964 29595 356251 867968 199307 189839 840075 255665 315667 896303
542449 982948 476214 558413 363954 412382 622003 726582 594673 698549
854052 418213 898950 220597 340822 339077 755597 651860 685494 560701
556674 374206 773929 299846 45597 517873 122252 943857 260007 248882
600034 647933 942546 305333 953080 291587 471203 229299 95707 609039
539931 96577 367649 572975 618466 376229 900338 286461 972908 924226
691695 952253 272918 275864 418266 198117 949169 609845 781921 268926
518972 628512 639650 921369 169748 497880 835335 387120 364916 408783
638950 869483 732110 437170 121834 967950 595699 575971 186669 513694
68049 732440 309183 891328 320 207306 147605 539066 809287 497255
415109 880903 929929 610235 940682 620586 445991 539627 636779 870389
603993 963878 148216 251925 728676 632776 851066 603649 739734 486311
86397 450046 706033 686399 615349 821023 883010 373484 488574 2483
300580 525158 34659 315973 659889 358795 208602 623497 61879 542126
670304 281716 934503 80427 287078 773916 331377 953735 654905 52096
780792 412280 533776 287368 66100 69203 409031 75270 468510 54402
770238 843634 78955 731680 407911 719666 210524 110065 982228 315765
938959 225363 610358 299151 222149 601638 198253 420233 78903 298961
494400 976324 336682 515478 457951 498009 221244 349040 728997 871007
122623 311649 215864 581663 937902 725589 506194 208639 424966 139198
912998 847613 85786 245184 653931 763906 755908 729244 604170 408119
799324 328873 712342 285237 446468 664993 100837 35288 381258 489089
406572 934223 675742 487920 408348 582879 999764 411643 529283 967656
565602 960823 957027 74667 119244 691389 736120 764804 624166 188399
508747 224878 115728 916685 48214 991930 455073 525119 835258 481843
947570 455674 301221 956676 603560 106119 94691 403981 510265 528716
758189 76867 497021 383273 978068 858025 16798 926125 365112 336908
813751 219207 200532 838725 255964 295532 395479 883649 232487 940924
358119 429087 688005 700399 735946 561139 330409 501359 440780 42551
589434 317914 386578 193222 978736 571011 108965 971727 600788 369768
174071 338355 224822 503139 669763 935789 700363 698053 109506 443886
446577 522706 200243 239500 272022 786741 858373 851372 541000 487356
302008 613721 927557 389601 496793 712680 599728 677369 907529 160199
628040 979301 207538 168553 348010 446409 244446 432930 481826 758300
190837 350348 490640 472809 75708 595675 258773 655256 712927 15524
340522 703004 415790 46568 656729 370900 717811 468882 192624 151912
316695 63293 580960 301374 536488 886525 259330 958873 127934 863438
144887 809159 78661 84412 478764 367309 504495 285743 345604 497173
781751 572659 339267 23774 486140 950704 816757 877794 411739 284248
270139 521582 31069 779695 257573 398308 308360 193309 601072 970842
429673 237026 112054 885773 340839 854869 618976 848460 275210 993241
729042 980100 425182 243689 919781 842516 62030 839302 245178 856190
482587 274116 113691 988738 123357 660222 356577 881653 939895 511225
924529 486747 183307 8423 23588 238583 877613 458424 997870 875038
684255 566791 938334 226801 863143 42906 298984 173957 924221 497808
964331 286458 123488 273950 896344 824250 838260 827653 509098 666753
548100 667012 685829 282049 996272 966663 567732 87468 135157 197899
389373 580558 166091 824988 782768 510332 425310 55623 606242 708403
926317 610941 252384 374660 35093 433018 949970 150950 340179 460578
213689 416364 995055 635755 540614 506524 936271 511679 70531 341367
664551 375353 81075 903736 946176 629400 871598 422108 620512 956214
309630 591659 788560 518888 203060 368588 534725 690721 387210 334468
714529 342382 971177 492612 218909 234145 593243 802894 706653 768741
86238 558307 637125 314027 320218 245626 835861 754265 347219 180203
711412 42277 850372 99496 466413 614613 587951 386592 663289 16404
251146 700266 229415 676312 596530 486197 328953 491087 922489 532420
832852 30704 672950 28169 329792 333017 416804 202631 724306 56434
162522 587246 318598 965319 77107 790776 936481 260044 882643 477005
554372 59502 49416 143724 375288 816505 23264 683410 407274 491784
680114 681995 503711 656894 286693 313608 68265 498866 499668 354852
291809 268179 952307 262234 777850 855658 525828 583796 975353 77521
167769 148103 101253 123635 274457 841178 822761 871757 973524 987418
986398 457222 960077 235283 236711 836848 993062 986758 716259 107961
641008 206381 289138 745870 650442 458747 793446 806198 344799 286265
861864 942327 775027 367696 521155 547699 696074 918249 872572 797350
271736 38821 651849 466256 654424 727513 587230 915928 42127 32165
714495 59010 390661 434054 416442 26500 438881 938366 775286 710225
202073 487779 665917 923605 687804 791196 908194 70384 577458 90851
490477 446698 315275 491860 935834 410116 399375 17563 172252 377572
233582 910661 442276 436976 209306 441250 976471 671480 629478 209512
953613 474482 51891 213185 279776 621044 203989 53431 9695 230740
972124 622672 62499 896897 992972 231530 373562 925539 403795 665364
208765 264077 202662 919287 338142 711904 380959 360371 369568 7822
528298 530924 291377 892437 330737 31185 713746 439245 635084 726426
353882 603058 960381 897628 349304 5500 751865 784220 527239 910160
22926 944535 542916 688046 44766 385136 857372 161332 247970 75173
703203 550416 197320 724209 967150 715031 720297 264620 611155 403748
360266 761434 915876 222015 500120 591444 992306 781048 764298 407872
847853 774801 64131 794365 699127 119080 850970 813162 398496 862786
155828 469667 254048 490401 234455 197195 480363 7405 513605 108774
275097 425367 156116 812033 318854 100139 123051 67851 133180 157981
725584 721484 184341 968071 779680 192855 236171 26935 869575 177461
52184 245449 851974 429722 771687 787220 806234 977182 617741 623434
685997 571607 781482 735093 492959 55677 194434 922354 935585 290373
751385 852538 700983 963348 460858 922044 49738 284217 601823 136365
684041 489888 546678 512248 683585 335295 548106 756196 631009 258024
184888 992064 416117 933658 92096 18591 34919 741912 648356 707704
834311 559521 304013 121344 378583 573975 19496 842859 185228 728470
989431 907230 714548 317171 744436 130661 739636 114223 508512 336597
954367 470208 276590 168517 510056 105600 757055 153684 664953 495121
484464 344381 935187 569839 422266 811029 581101 200318 543810 515313
859318 801555 786390 899959 789534 82247 683485 42006 485462 904312
978882 208490 461290 858054 506309 339096 942859 459698 947114 408601
757501 859257 824620 920489 207459 943166 182896 820935 810998 489473
734679 657042 203464 552379 149495 61571 737910 361003 232731 425281
46213 877779 277733 684953 908106 945304 949257 832162 741795 132725
856809 540728 825773 987728 530966 70529 831430 18808 307386 729085
865591 770744 248838 709430 271694 109198 389479 692558 788778 621937
379939 90040 687580 352471 44055 579549 875308 573412 691390 630066
511651 481727 176530 154090 383888 980081 866478 113849 174661 608268
770706 950064 288030 892323 415581 777461 588933 354893 839563 29581
903445 268064 77910 108152 928434 735063 851297 208277 482703 94465
744597 688513 46017 299355 166979 256244 771551 826074 920750 838338
612388 387809 289144 167500 207433 173692 962007 639725 878217 853890
625669 626849 138638 306582 898345 995042 518078 912514 944448 316498
893886 704016 681175 245244 841341 190132 674628 352737 268871 87257
471458 554603 548017 930986 973870 343457 932654 889627 48940 72526
296614 191993 164197 500209 745499 341225 786350 746950 273534 178573
733334 792903 181564 422051 591447 758777 285384 577601 967717 507872
583876 749325 916471 345373 625354 601104 312687 424226 218397 736153
226564 471190 82157 421184 334605 411 440610 898282 757871 653422
161007 387135 669659 906654 268707 988061 481905 666774 917976 752564
944145 986720 288854 183373 60812 115475 154461 61150 363096 631173
984349 920058 441313 693750 453120 481630 918992 422443 649450 499888
7735 762274 252912 569081 287942 337256 775535 591391 659302 725596
642255 344444 616766 5126 252442 686576 969320 975299 767953 975107
250852 867334 803630 730627 719827 779891 968428 551035 819294 489561
74268 448658 875011 950322 405525 869018 87123 791499 509022 568671
672356 861329 744287 711930 656411 708952 450262 544753 216205 976142
51264 267225 597356 924681 646558 936630 949497 719583 377364 641987
2990 802682 835251 786444 934316 455085 606438 518327 6238 182281
311080 93568 239259 507824 586047 72211 263771 187171 833869 615954
574824 369952 114741 561839 188387 451576 925617 62636 45839 732859
400502 347812 523516 165516 284143 929533 856793 155020 354422 45436
218629 432931 410460 812434 984853 287288 992788 362532 735834 99409
409395 168424 460698 242665 770495 885397 64950 958400 593564 192638
978695 592488 574882 296003 171647 241528 301073 483902 562870 506417
517049 18134 580280 500390 190450 364763 666039 671467 968512 328176
942366 677534 647461 550511 607397 180011 586513 12091 171421 867881
196883 543385 316035 699810 674581 335743 971619 494067 278902 85131
378828 662475 468479 478881 41531 409521 840066 330173 846490 7152
870848 831504 394094 564998 839525 615788 239258 872649 886219 439797
563735 847082 191206 301508 367688 822734 844478 466134 262255 329750
238163 503388 357668 505549 903089 420409 364856 808071 545569 30701
967636 538562 726728 828379 314404 595510 727218 703844 774317 187829
292918 353016 866159 357460 425941 192961 573118 190861 976270 794532
20728 69065 691124 12819 722599 934616 256764 935677 926040 464250
631123 729903 984948 969655 302484 401195 712148 347580 108110 564409
783678 402420 629265 658711 771183 237036 652719 677623 225261 673639
853897 210913 485479 430929 410818 694782 825452 320822 682102 927832
127434 827144 826389 16655 322951 218045 66076 332329 605937 875017
146386 841673 458693 836706 333942 566653 374564 748517 849700 747936
927216 963174 883550 213898 447141 392331 101199 879811 86017 373927
262090 324503 679228 727843 766333 303864 980230 118024 540817 489217
644740 823494 495804 489379 976493 802793 828651 409267 785866 333904
704700 612767 247499 754116 612139 59499 511007 760713 456069 220567
943175 789271 190572 175563 816230 45073 60487 173859 811230 22196
731919 616922 165310 229282 10097 352180 894361 500878 499869 69822
366184 651475 365763 977070 594294 114431 793934 895138 495043 560981
212644 873642 761773 61344 77127 207478 194604 464807 149963 431752
845374 959687 717686 368138 680922 728323 46213 87620 617236 914505
629239 775344 529660 268137 436770 106557 137027 419087 835765 410944
456622 373481 619340 943997 450315 234600 869198 45322 928479 743873
699630 569633 707106 508323 802334 833749 122584 161296 727279 320818
229782 367670 983273 98544 136123 483391 557786 341878 639485 98046
71724 806032 69762 759749 385194 396983 843710 222190 23139 20450
994924 96004 333718 616700 178420 280172 525725 948668 212077 467586
429846 590183 352902 528515 600117 409563 226744 2916 506870 605279
463367 293351 647179 729059 262010 693722 470972 402025 898637 327363
1350 232207 632691 138018 110101 363902 473959 779375 531291 400123
993353 712773 341210 125932 298824 220939 315633 509496 29427 482713
445609 811432 283468 405335 450506 465003 524498 860018 207755 896280
107002 925029 73435 950197 396848 631280 274746 273812 37190 320415
145456 251034 135117 729091 473263 197709 305787 624121 333894 185025
40395 762002 567945 165740 982093 167024 807774 205350 375751 536255
164691 950659 460625 729570 440166 435435 173315 910906 234262 169374
605389 805730 154209 841569 361097 990944 356642 270419 997076 60375
414431 139259 4084 820167 29443 967969 673429 19080 137291 537664
535668 289106 856096 685000 230768 799833 572269 720918 785091 939014
34809 616530 285001 391210 255688 131008 146515 455855 611846 277348
76807 83657 985873 964410 980493 187488 726667 477014 102180 927355
744974 919952 610445 698035 194368 441681 463051 749313 768283 356681
978992 492244 504350 426065 34185 213233 136353 683156 562051 152318
818651 62513 914791 693344 715501 160555 670943 226580 908658 577647
958184 937211 648507 385221 305649 739682 420408 502560 227250 987773
766045 528717 883476 346274 954502 966433 516749 134257 994931 683164
375613 178139 372865 864325 348640 373072 506775 279404 688806 124245
675501 149525 89065 329686 737832 907047 674138 914152 755586 897201
244431 305841 958036 68201 228847 84266 753799 117113 552075 970959
71193 403648 578976 817750 100639 98245 162546 440480 790422 73820
697007 970769 957460 919776 629985 266712 966385 716641 77951 470409
80578 252858 930959 64249 604274 246447 825783 551902 747589 148561
144986 838699 852174 69995 209321 946190 953248 559 570711 878426
191175 630184 524302 108499 719790 637795 214113 814478 964421 29893
938135 261275 608586 201637 955829 567698 920613 626829 967993 601140
477897 99548 811219 617526 279333 339964 635630 170175 381703 164544
709963 109123 285624 510902 517360 358343 456842 872611 990411 126817
110533 438666 507076 812742 985267 521899 353422 758016 847383 236657
475661 284413 178562 185409 587331 856687 552018 55515 801982 169927
63817 60581 142424 191346 905704 248200 990343 439239 787690 698630
64786 210686 507880 417371 926827 679438 254173 409569 305056 412059
430864 555504 754589 926120 840890 261706 14941 877844 956362 659031
249093 817166 546452 899482 214001 289790 928779 86792 604654 888180
943473 636241 393205 831970 346879 252609 674067 807976 907881 704065
223641 718312 876649 231529 399502 863370 872881 593515 297794 268176
962107 167784 765863 626449 177837 601353 934287 536479 822920 253129
198780 852063 151058 126314 758086 752974 426094 665681 484723 455508
669322 835596 223109 686925 962426 678890 439144 837316 777941 922435
490922 188535 150409 219761 959070 260178 74469 846384 833285 810133
54324 269811 876906 153784 402682 564293 853553 83100 186069 61090
457564 975469 895581 630716 946109 705330 105187 423912 142021 797612
982326 352437 281029 956319 582397 507410 196775 967630 734137 174493
918333 158191 511669 86088 845099 755309 515206 352246 696357 487323
806093 347329 833818 8914 618950 223810 978237 67491 981066 740053
81427 397679 886889 318242 838949 374525 167146 589174 965159 736893
735023 109398 261468 800375 371372 209350 95177 126416 497530 41261
900237 245319 494374 326775 578288 857022 801623 234178 985296 503729
527933 368572 825431 492784 308959 148091 631755 199479 796131 555555
564906 98525 36792 728860 795582 82330 276455 625235 960469 757227
122831 295659 227704 88142 666269 730721 992499 666801 450372 107935
697693 576158 163220 845246 276243 999046 676190 249819 580814 459908
145399 175441 807611 992064 317425 875841 476529 471788 869735 613396
558011 595910 382653 875830 505291 743439 350663 2754 117228 272219
374876 665472 743750 783560 178367 667542 348961 179607 803346 929400
906450 694597 452830 131076 420290 263429 335567 156655 939233 169553
707622 390079 306541 487049 64597 719417 578071 702283 980654 880718
94793 56221 651382 456611 802137 871180 710697 779762 95441 60622
160273 787724 285270 189356 532842 805093 272377 937845 498953 837704
857000 288212 494417 808135 18982 585563 896356 923752 925526 227047
804692 355708 481139 372384 108333 318558 652613 832590 765341 594047
153761 333208 642431 332293 788097 734450 861346 360173 844329 703227
799242 205192 891303 568081 201150 234146 901615 617029 368826 372056
400113 651189 821266 67060 370269 578405 325513 113407 406433 500004
336555 76854 159725 976750 664236 293877 710142 977791 119367 510882
693063 64369 557409 944852 837536 282277 343848 578834 225164 378124
455845 338366 28805 519344 707777 397361 518682 908122 795614 939366
193566 201299 780520 263944 779306 189636 200973 421307 479079 59222
968321 174887 172003 116457 359463 161429 962296 826755 436156 966603
857452 697527 101087 841357 567566 13135 896335 633015 256389 483392
613897 882899 329093 961248 698714 727899 646575 543045 398708 419088
885814 452372 702714 476616 291126 53440 433452 399797 827137 203822
796168 979236 655173 288994 185437 959190 422919 552853 665049 456330
68516 972793 292303 496225 90170 432115 709220 700273 341276 291361
905863 238228 974664 15950 642164 853414 765568 611973 134111 44858
327238 816752 138320 472322 124414 196375 294697 790463 765056 561473
312085 887432 942642 241698 243901 54538 957226 353880 637569 77933
689200 40198 902784 53968 923701 288057 469880 961927 292375 605059
192580 313525 337264 738343 81979 905599 534141 156063 344738 123778
332594 448873 313806 343859 304749 885279 743265 904673 860787 450168
281248 281444 841439 284313 717914 33452 701853 530222 688587 956670
292072 497367 666646 131004 592279 567253 981427 918231 203596 795054
863464 162109 401145 634133 309150 515969 679942 695019 32233 141072
374269 816470 98308 545568 832708 381703 73764 347954 602319 757042
133293 736622 643395 552244 602401 602361 838434 792668 934937 931596
753350 913752 695448 631917 934278 761344 941849 986537 199435 110567
411866 565507 242971 210639 343742 853702 252711 410809 122226 786248
454375 561224 714505 294751 674055 358256 950532 300124 829857 697202
532261 768131 621508 995189 15279 327258 211667 527127 278606 960529
418480 837917 278484 653858 252314 68181 320824 188908 132308 932515
494164 157493 486335 448290 767716 296932 875395 4569 626719 386300
741517 379749 764943 927622 514755 140823 979960 706029 159589 162732
304097 948865 677082 503384 739736 900269 147411 506223 950444 4785
598277 788906 156872 464015 898901 159391 233476 472500 188216 780660
177140 671000 340053 287720 360166 78416 360638 824354 483748 86122
76995 181115 677725 911737 920691 592223 321923 812414 947058 374092
220367 148955 336918 46777 158438 270392 378233 655663 537800 481655
635752 883574 484092 580101 986777 729887 317251 727689 683107 261276
141824 36098 819000 953733 197126 747468 835859 340597 65622 81822
302341 132872 947175 483726 348059 577866 771054 889464 434890 716870
984934 966564 885087 296275 188921 623106 637886 276262 825272 623756
110772 704606 823801 610429 333409 711727 888022 601020 515886 731498
483587 678701 87882 693714 676498 512139 763380 435743 661397 165376
355363 755123 106964 173020 361695 479611 764069 975736 391047 210462
986193 513170 604238 526912 957796 247437 385767 841414 598499 21711
875450 566941 171518 21621 395851 639061 713148 916224 896321 184113
911333 973460 708673 678282 922442 100606 245992 610057 143241 530336
770847 691238 274280 838028 473180 434221 883023 651534 405511 999998
258774 424642 577185 681434 787782 932123 709432 803444 563987 437960
887494 136179 798887 322812 890490 711820 378757 543027 760695 253753
726365 664053 199934 351018 720030 990378 250818 876402 505648 511293
902338 436616 886702 12584 241193 769149 201586 224016 673039 969464
858622 223150 654163 437611 673606 617638 867794 394347 855389 884942
939862 250749 26596 395445 785839 499618 812806 187220 381114 917736
250541 334728 228632 543266 180641 552428 293433 840855 71143 450625
524762 962845 33534 402070 853615 456203 648277 533496 179376 425537
170259 550337 878858 687672 974404 797193 321077 158930 853525 639422
847654 468712 858984 665682 955495 32672 632290 120247 104879 935180
9629 174255 356339 756630 118652 874507 704688 334911 330131 929971
779286 378577 710441 989760 404674 97644 590876 446426 302330 551515
769014 98315 28501 331376 454602 566506 437683 476488 224485 751452
154527 712619 425243 828132 629211 127905 57923 418550 647030 791601
904404 791930 826835 399404 655920 968166 738541 185704 635136 997906
113564 363398 48871 305082 276124 1958 168600 81986 643610 186716
350629 21047 69061 873848 793094 209409 806830 61967 179404 286590
125472 939665 319602 516540 713669 119916 228473 699165 988154 676951
245872 615070 50990 464841 660234 563559 365623 741535 781651 87485
523340 349642 421518 42867 967580 89054 394271 916453 782162 69444
182926 275643 138806 937587 2316 894108 680022 646716 458284 380582
369257 278923 715832 57917 300079 476769 81856 12117 87388 16259
485877 262007 51234 358495 835453 88248 564982 872901 413175 863119
87716 633662 325277 824097 816169 495587 746153 279215 328253 96059
574970 656377 162514 942862 768250 347656 98579 236615 504018 293290
481173 298123 594880 335949 631818 462865 375279 266458 617444 731296
907221 649627 266421 985996 447712 727876 816151 166743 867048 398444
252421 173819 707625 443215 830246 5338 362784 927779 527543 750871
977758 926824 738726 351228 564189 722685 308446 439153 773431 386996
704635 690561 225651 858914 541431 411634 203717 958783 835413 277614
808559 117986 785784 250768 418395 216718 112920 371468 319840 224643
262681 880725 994468 891446 11980 508912 321421 471190 569156 382483
805207 774085 404606 325795 595692 635844 798222 631346 861099 695486
761603 739847 255416 399758 278594 216594 333688 350626 641909 623518
38122 243255 101642 388993 285480 392400 730285 966307 239540 804622
948860 800076 153257 552770 951919 746474 244981 831132 71797 203016
326626 293080 268 57285 829642 673050 534331 456440 949827 183642
841277 593612 672378 862302 74394 240482 940973 165075 961027 219211
565007 116437 157271 19395 78737 786419 179619 40405 400142 447919
315786 246359 898666 421108 416779 27182 933091 720387 52272 249482
196676 167236 997219 770559 749457 774949 962142 101639 913049 439724
775688 621686 366080 118720 580443 180670 660117 151572 423989 221178
244106 235444 758342 343747 256002 564294 442798 956478 949420 241153
681245 636161 710708 822101 416072 355575 893116 43475 223550 197764
929365 262416 682983 748020 843536 176108 344088 565041 376871 322301
857020 61841 922978 963647 35076 413127 624462 358521 247344 634230
92551 221863 443108 331309 928264 342923 353840 409068 296127 965925
215597 785960 920244 14641 986039 942547 573285 605635 679447 333581
751749 501746 100912 700889 541169 532372 517372 339487 154956 645664
228778 30297 441850 558463 819449 905947 825387 486121 179216 448664
98902 535514 596069 420322 857695 434116 453199 850669 727524 379077
732216 544153 654087 542729 653111 365581 609782 303912 615048 428141
952974 499666 105529 275835 896390 730229 149962 931735 66315 475767
61668 951218 235926 284337 367891 714552 4819 865541 141422 117917
748945 343461 501695 999705 646113 853543 11410 416233 601888 918480
974318 595542 902769 25758 872242 176787 221752 981903 24373 514830
701706 318391 90706 51020 118330 340278 996452 999220 215747 373896
691910 854089 120998 518981 126152 670850 457296 869618 975816 92855
944502 104609 495860 520189 862249 456160 470379 714906 770251 843172
125390 18514 648215 524812 825009 128402 945854 175552 666228 34465
312579 78501 667971 370638 973122 366251 385323 984536 761431 818546
496338 393499 96364 386249 170532 49752 149192 505210 457498 887724
657244 199139 229289 516676 893715 562404 523684 531686 210102 354840
662933 446270 650941 964741 598330 119768 861686 887023 370937 258994
584401 701041 412639 4470 309148 168697 243842 418638 77152 626751
137929 130342 443019 581997 902502 366201 186718 933370 561307 652726
236098 155087 970514 515643 148819 71562 257645 846307 849660 255404
993110 264378 186478 394063 117375 235509 947747 53520 434743 670175
547118 405169 850994 428809 421394 693487 639103 336530 139811 350892
193365 621034 486404 874968 186313 647686 250480 302515 95970 10195
664246 691220 322413 536606 21122 928972 568562 995051 387790 110089
665368 481924 764203 606433 447265 669844 981853 681297 508869 816166
373914 577935 423134 980536 922418 553570 183978 82737 724484 752694
957706 648590 611667 238727 866479 838538 142985 441532 21783 340995
354869 904966 785736 678121 95399 282596 373675 819660 232184 850010
193745 263290 438268 562176 359755 372191 357734 622900 164933 210046
258275 878041 950593 68494 501659 469373 346142 539548 126592 383680
251322 216411 817145 290275 393020 799898 987851 91363 371457 1773
773121 921896 600441 627689 297699 646584 228714 705295 404222 947233
978519 71772 928628 144213 449320 88577 262184 977797 812359 982321
455049 868593 778397 253530 1366 85157 629173 8382 833201 261427
561011 770629 995965 318843 309620 36179 928506 986722 987791 618380
15270 646918 334662 602534 759235 709652 205236 625813 299690 578308
199399 215962 550799 306547 813029 842651 681074 423666 715686 631005
988252 222420 733798 63928 675510 449985 522199 635398 49990 954173
776307 575331 6949 858931 206849 780611 889126 427299 830224 260289
324071 642666 750601 408727 278572 861947 190841 374077 689301 650676
7186 438939 536286 414429 556818 196038 341452 241212 813372 887715
896238 774729 318241 364646 108387 59213 190052 595679 863691 655521
76101 494174 397072 197077 146752 562347 741883 624117 144594 459426
334417 48346 848837 435122 985249 315651 404373 557469 443780 967023
602230 20617 20691 352681 51105 366814 973791 630593 782900 789781
573635 299284 236863 202786 243952 350843 680611 542222 14189 692929
757180 710178 422352 797220 837154 81018 768893 758658 195875 191527
578961 361785 862408 4819 89670 966185 57801 660352 740313 421249
778684 214352 339212 899265 69926 155290 552930 793779 607465 247434
101488 160885 267348 137517 971643 516033 143699 910248 939848 695649
236647 662431 219225 467264 888081 125749 963043 841370 709113 762764
797389 212688 615852 135211 626738 714441 917292 340362 590306 79911
522243 404990 139029 8370 309233 468232 397074 824620 784972 231304
840971 743336 253116 982019 234219 556048 939058 670364 236159 92963
161487 948199 238377 958657 273588 4445 257830 884253 693238 449278
277298 45334 462577 512057 498428 78911 745086 199770 571954 491754
584850 153464 109194 212517 160036 756861 489711 862141 304721 717194
642746 714119 133526 286213 77402 620686 347288 600727 210650 355264
236962 45681 120789 775648 38671 536709 241040 607529 24802 233166
357363 359960 232844 193197 495083 975768 262027 674962 751508 531315
468096 573721 260917 602068 280779 124165 715235 746842 442805 726002
895337 100299 500957 323453 739197 521526 476730 277584 381988 75922
930718 632510 930682 22669 525527 716154 938 655936 21159 878960
798727 19665 91547 705882 474675 166867 977304 858665 68790 272678
463270 618247 164698 552672 536064 518499 293016 551819 239469 618902
595452 530579 770764 411151 985172 695632 574096 457069 982009 970305
501217 536261 497947 213040 799156 340552 743553 64448 133058 815749
537981 493886 684928 275285 384063 988561 553495 647047 55698 132689
576837 360515 597274 809962 262314 49448 979550 220985 822427 604851
292727 97920 292976 324257 734693 390024 522904 691736 198704 13547
969305 829903 178736 239480 503613 850865 89012 736765 494391 698003
324981 499376 146700 315524 108696 257380 422258 101487 578599 23851
634587 501837 698908 431900 772276 434493 939369 13211 719211 180043
936355 503365 582460 660014 459549 651234 628597 626719 987482 803903
986199 833398 912582 627406 398309 475424 451746 882074 149025 594015
145346 500875 747750 157316 299125 73960 979085 483151 188404 261105
105516 162646 364171 685706 382451 968402 443213 78878 534500 950136
541000 224281 24184 303274 372152 959912 814939 444293 777392 671836
905954 207376 474386 848565 656400 633602 429751 892002 874124 763124
754501 426106 467614 252564 29472 985118 877124 912541 470436 441015
476191 160696 635072 1885 213640 274534 161719 994219 989800 734883
841972 253156 451448 474231 560065 498651 334973 720322 239909 754446
752571 276020 442710 39732 910840 973748 40507 56155 771932 731635
390643 659224 949688 805760 129610 77568 289937 981407 508574 523174
78732 519522 226896 948050 455637 921468 170640 339811 232142 903910
115687 366658 73320 170268 209479 498610 380924 28629 980742 772005
62545 84467 230259 887744 623378 954845 304631 791037 361000 298694
955120 353186 6750 227049 414455 814397 955843 89217 97749 162207
727651 749409 627993 522733 497058 796138 744968 838439 3611 533483
137390 565235 110943 835752 478109 899717 474339 220518 891787 27117
626488 592479 731460 832754 353600 771226 744192 615160 193926 484753
168289 455456 431296 69747 4723 551542 943994 281232 871515 156383
119100 35944 357713 487555 150355 208451 809632 19445 652650 244925
833684 666083 301562 595183 709852 478860 938069 658989 165750 23805
447842 471212 264836 110342 880117 186509 555402 336584 509525 580194
519947 180706 330132 975874 234836 945172 635467 149341 516330 632102
216170 435571 264964 711917 139875 295410 725272 42567 36929 988014
342054 654841 244879 274762 548831 257632 480413 914588 780626 236767
793240 794046 950480 792500 88472 619354 575140 562096 279419 870768
123333 567852 302032 156534 39382 745284 997459 817287 669451 195424
590124 389497 731819 681618 464603 540620 35465 413218 769500 820469
264281 245216 165979 6112 665945 689796 110175 169122 771784 843849
362328 900414 385520 114560 536201 106658 871068 193221 47695 975944
291452 448575 250867 23087 406365 636435 782986 192865 605498 72636
656005 578327 191341 690937 208872 685674 967416 623868 350693 442741
630700 741716 199569 295939 768049 59645 526114 736911 257556 611452
503135 527409 314661 226591 937597 877214 784620 926343 516995 83204
120867 76491 825960 962652 223381 65024 12831 683037 465648 608804
350877 416529 65221 661088 351741 860860 41234 426842 81284 975088
660514 135452 881479 470121 392535 330417 924537 487765 26152 993972
859102 990937 686747 285272 179872 29920 77244 301046 596395 179429
835233 259182 266423 324559 140595 162191 61702 4161 883312 515511
947753 356466 228236 491412 135446 950320 289488 958844 784956 981448
778594 764862 67128 820162 6918 975371 562547 841031 148160 216094
84630 376974 189522 306991 100774 542422 964390 665151 879304 424943
560484 96829 876153 37752 384308 99669 924826 377761 64611 663252
387890 761564 129993 770418 630393 826199 644263 143030 6362 306190
238888 445000 211664 691396 765452 997563 792075 262572 49717 74959
135153 130974 912521 498437 216557 820078 873672 506916 795287 554829
949057 125835 547347 110202 512767 646675 682827 884334 406106 350206
277591 408497 703655 196160 546858 413225 311328 216537 28833 110000
199777 236970 632111 783199 370893 213877 137946 880102 538881 882879
507792 654072 131052 637971 653961 3863 820842 247469 322349 973705
270960 716246 810191 24301 569024 24650 645036 451890 494932 740337
126803 100271 794522 298906 556920 266570 39925 673851 144405 21804
898097 613215 11396 649534 100919 200529 886104 393307 190245 303450
439278 419562 284749 484606 930064 865799 827162 396771 480053 865491
991708 395083 228143 62246 290394 723482 800565 746107 158967 148006
860882 797488 852992 535319 137772 943675 487617 432949 516430 922950
123384 42100 786443 709836 809300 566501 273300 490706 4761 908834
737526 851982 849057 831352 108201 971533 703708 647611 376483 220035
298564 234700 980439 330095 604350 741488 35838 420858 156045 621060
309769 853177 781339 998531 114582 301658 960659 104605 261967 503196
335548 859447 29847 579623 42368 197923 310567 956339 251916 706043
374270 7128 721304 246208 134154 443267 49324 295301 947759 793838
364697 118203 870373 634992 420591 457901 271917 946914 21132 52481
378206 207732 979433 557639 7856 152821 527090 751611 672936 198022
957798 436499 171451 992759 794447 263137 494917 996759 310054 404169
309367 214989 760282 218587 753553 486438 872833 494018 21185 479720
889110 33493 217060 209786 752989 504479 455030 441134 157163 490778
705501 238861 432015 595117 658785 378185 705892 317406 339611 606831
783183 762622 283444 736867 557297 674552 840857 914221 508417 700666
930892 568992 415224 460047 308298 825341 990537 108574 135982 447813
550466 732986 589422 860115 790076 913183 44561 91773 441780 778154
711180 542682 484759 690066 274577 298091 295706 828408 416029 51608
997678 161285 561251 914268 66731 151853 112457 596040 11052 213783
838365 252094 418409 825136 925801 599009 927696 46067 306511 27720
920345 650770 155852 653232 527339 999802 354309 174942 257996 160476
780109 759287 200264 398063 800175 611750 62569 42553 487432 695756
182689 592565 358134 549734 415212 642119 74719 789826 675864 285636
269401 928752 818785 836297 183530 187339 456806 878447 684133 972827
258869 354377 188919 427469 772099 34086 794673 44856 877103 659378
15764 228239 670283 945718 830933 280857 714327 33492 662824 895760
490076 501498 339681 839800 730596 63310 120361 308352 12734 536701
935688 704024 263019 294196 983652 903703 139693 636354 562060 471579
677856 939135 247730 778685 251871 189693 691109 946661 554020 217881
327997 144164 921698 340987 601765 158513 941766 613519 255863 742733
546860 742506 782792 355531 648869 932982 321343 869220 229226 133536
565731 695864 782659 928138 770367 750331 398320 131635 254195 320611
75734 591947 712658 168842 386029 968895 616889 404589 930566 367091
994474 249167 411262 819429 682438 720113 595694 139881 741299 609139
437962 902989 534237 136808 999885 92618 194906 69993 725295 340367
959383 631571 687833 499491 139905 162591 195733 999685 252531 380445
89715 91916 703600 928583 63556 325802 126104 984090 533214 766441
613235 983276 100836 446160 297047 348800 708494 142395 139236 754942
101463 631014 735091 840838 918831 430604 799277 7813 984451 814825
578131 485746 715669 327953 829568 796378 180072 780865 815633 953844
431274 207108 118999 116715 614286 960262 200978 737436 202939 15933
911839 93134 785079 689580 683629 131544 381586 288861 67439 8426
300783 428510 570518 761655 454054 122613 315557 485463 493337 501576
613146 137601 649013 516890 713426 77417 753495 961464 22210 22015
898949 706398 96487 479107 35650 653537 101072 364561 452777 860066
425611 620365 900916 552217 376802 422008 923024 825135 462708 826969
766535 959024 799676 300363 316377 406829 961318 873036 559914 573350
513744 879693 246697 681051 906188 743356 514240 701707 724404 455403
754887 612705 74205 729473 705580 505874 391759 889932 92823 935531
487106 625969 797818 120809 521747 237298 33187 498209 22896 438097
636667 477760 889011 144095 743142 815301 965701 303298 162547 624208
349248 273358 738740 609000 498480 303373 442113 730365 296337 720059
951942 33768 385147 406417 884854 449802 232146 109683 216020 860431
979736 123011 675546 293820 56521 516157 279267 170074 757319 208115
756603 564369 648905 594376 114554 252215 859643 739610 628201 815686
316693 960283 441098 73379 483237 742444 250000 980587 684866 246103
750434 437410 778814 981168 185402 327279 717988 170190 310372 41542
4781 775840 231353 150241 886497 683994 701629 518830 612813 587011
352506 627670 654292 122669 796944 311379 133711 687156 840737 49569
756517 578560 202941 980061 87769 74151 651613 790252 326468 339568
361170 251411 390799 855127 284239 601750 794079 644500 596976 536795
930876 104338 977163 317490 633188 268163 685173 836339 831382 191902
911201 498441 860149 424712 277347 915007 225766 337182 676872 426
60483 587068 922161 983088 850090 353160 418790 755501 930299 745875
836735 450069 832704 327179 138415 465554 610114 27123 615674 72002
639235 261764 81546 506849 649550 811555 378299 857667 545060 248949
883430 29502 139314 713354 776989 472166 210812 522621 502925 525976
987682 682518 954118 194923 799488 85515 194205 915264 461228 329352
990847 936276 838192 329375 546774 52011 344103 454288 211242 196000
871674 449397 426303 493620 284259 948907 916776 20458 633857 619943
286035 449294 961681 613382 639880 13385 667206 559888 103727 828935
451978 963113 586364 807615 898565 231298 127460 111797 375231 833416
913696 864614 118699 245685 698887 89060 25304 762003 663897 412286
112347 290359 313550 459175 603526 577453 100110 223344 917615 374555
437868 668529 184215 197168 306522 755445 237953 786670 913186 401182
549741 499012 891980 210753 896986 193749 533166 26307 923906 853068
255223 635358 687610 277711 819220 872943 505373 477471 529683 798798
8389 116893 719316 892044 822835 62894 83439 94903 331460 811971
157559 246371 870067 507256 693658 62445 790064 264649 731411 141632
421564 974643 586207 666807 437991 581788 144106 84513 509917 859066
170755 636122 62971 145176 921942 97980 406575 101791 768517 338659
750962 550910 85552 514878 4866 158457 84919 768736 228568 268192
880832 231230 315417 329590 647213 853586 10288 123899 276459 264052
11670 649118 591321 639004 882880 184985 128309 237749 106560 495398
713450 121144 153367 763377 344098 277463 710561 102313 560374 605673
196784 205770 807666 406431 390558 188249 991239 691364 467364 981747
846030 892877 757432 262718 590301 51688 458006 73920 614014 539159
804165 574061 278837 648234 942340 197231 314864 36494 706564 99148
466956 304164 75442 212369 464386 900410 184623 162057 737756 288872
863550 457912 419928 506139 456664 852182 900645 341388 350939 600120
957744 839833 633246 181598 439082 665214 376872 806966 442704 847058
28326 539791 89203 299017 747496 526437 841575 871913 895708 762683
923359 319341 868742 565463 318922 629430 270032 54033 263078 676608
467181 710134 979769 6348 704930 931459 813489 355 290514 680273
408174 293420 610847 625176 799555 241702 603439 609625 364277 126332
98514 384934 934708 802482 570958 269188 548608 894157 841250 752080
355487 150562 798686 923674 685131 669464 512643 160425 533814 276384
154643 831491 103572 119073 195790 876625 24301 981963 275339 788839
367084 59575 411328 102277 497024 214333 288327 106341 712797 173537
157241 460295 388452 995683 695295 386683 118087 759567 49122 256027
157775 826927 387547 820395 891530 21224 659300 104334 240447 136636
701759 36668 812500 591811 871426 888777 51325 690322 83660 1379
510148 51454 793046 690928 511584 356890 600779 547185 142827 149338
685785 991214 779007 327740 296852 854372 111398 250399 137474 908631
132684 868101 214611 262034 830782 168516 285158 729780 150940 603828
403919 264893 957245 519064 534531 827689 722428 898117 497022 139292
795874 683942 304256 785075 251100 92518 479745 357901 104493 881486
307398 32872 140820 341958 624017 609900 302975 145023 937280 140419
432956 701594 940084 473979 351775 542610 478641 856054 394947 235782
866758 944504 563656 656713 85420 365086 196219 884683 970572 765631
429405 310395 372313 802454 899347 462297 2612 289183 180916 936655
959372 55635 294397 936505 568161 528347 295669 45792 639211 51239
888004 601776 809916 506186 109782 524611 367148 664667 854186 166880
147905 874899 544108 29319 673613 598755 712309 775247 1833 466923
763091 616101 392974 565572 83136 756571 132077 514274 399860 432659
274590 48626 705259 830853 602261 681977 872741 469271 732489 523701
383238 638789 701992 813340 5231 356624 413452 766330 989652 673091
955816 520416 278684 116901 699703 769453 197604 583941 680758 861902
51864 552183 320814 124156 123891 596530 383426 853704 379926 943016
146440 83531 805570 995704 956484 191863 120282 400370 24811 187360
413069 969661 519786 28863 354854 931524 670807 766658 868744 793735
815718 944948 246946 984454 393407 7821 477296 826917 386845 344452
292374 814663 123280 480517 534392 560205 649416 704588 481475 323849
94811 429657 909526 620688 825810 685786 128257 334541 6194 509267
21124 287949 509241 660683 658909 156903 900689 876591 811248 175840
92380 641900 26926 263563 839047 122416 495167 237446 391009 762306
258393 719720 405539 127072 924333 389102 175070 708072 44146 27712
166442 981513 310758 389186 987134 473603 259491 657768 600550 213435
673299 314130 499873 297714 511670 894877 494931 831074 867821 708987
343195 88314 237482 809858 741367 569435 710036 784797 9772 367517
272428 633948 205666 867453 950535 502376 544571 917888 717848 672761
946817 669261 751962 298868 819185 253669 434537 529905 385906 23360
271002 988959 511760 41192 459714 622430 850760 764787 692268 487629
404011 574716 708960 469706 345933 368395 320704 911539 564496 474354
150169 342364 473149 247247 614923 521235 738737 22416 778299 952561
668259 119031 281797 865819 544448 73643 610853 419329 562729 670683
967670 672282 621956 239330 42076 998037 658842 595039 476804 659072
685604 450139 729938 322360 963736 495270 111041 928932 615784 603071
237691 78136 491205 825407 161879 229626 159195 320133 329639 180232
238661 974936 809307 535622 750854 345109 229683 880891 119767 931451
455743 654842 821678 392262 624958 374621 680418 617149 507038 974667
523900 120300 978496 693364 980457 40613 761413 487319 735930 483497
748157 134033 983373 480171 694049 693202 927588 440461 686308 589463
665446 25431 158079 18228 998145 569157 354803 254590 596507 137043
750692 154879 254514 272113 98546 843278 762699 421057 494948 480945
298865 969146 127464 244336 723825 716961 896921 53649 152844 83816
864991 481417 526528 901793 9676 677843 750398 35175 609764 594683
690218 723356 605182 651272 775363 807892 734498 110380 984420 464377
904424 903965 395014 496865 525726 342013 381565 310 739892 921154
40678 452966 304857 285462 82854 577376 750621 159842 568349 561214
687733 74981 103714 712498 58862 749846 878855 865550 417194 788369
256367 23766 957222 124651 521274 506720 414245 544332 521938 306364
49964 535569 641142 906724 270552 206418 657121 379348 735219 300512
472229 224783 611945 224386 757459 897461 538765 139846 946017 975021
822328 28937 334485 909191 105541 583261 905191 588922 708267 829378
323337 772527 527349 777361 40008 546570 494855 140738 801461 659598
721060 403942 151127 76939 936224 300840 411386 148293 618188 824530
336426 832899 500338 327903 747680 210217 669496 910644 354638 986411
177322 401022 900490 200583 439629 527170 115942 269342 340446 767413
706661 22429 531047 949972 236032 615657 807924 806002 800949 846825
650953 444058 734155 108942 620184 730490 262402 189430 305830 956518
830495 843608 42576 120032 57375 972696 686565 979671 212456 177239
160188 151083 935255 613661 933503 765255 217327 710801 6897 360020
52143 125736 37554 646458 40946 44470 424353 472348 832661 283939
953181 949952 240649 113684 379591 799822 716631 684922 117121 793877
27657 160333 269144 334794 936264 841021 969523 387628 708845 636659
707686 821022 737449 775022 479794 695177 85467 571176 926551 417831
900749 870198 326776 463127 699425 76088 627374 139453 270256 993180
519676 136601 393373 136147 724026 543695 739360 642649 920089 96151
241558 376927 688514 320212 735242 726508 621078 398433 968529 719599
242354 344703 518051 367420 483967 799 283166 122320 165712 758013
174720 349192 437173 689035 586315 94248 889458 25036 899280 127355
521047 343254 79202 288148 296933 791556 302781 325988 576562 708431
443274 142091 98709 235327 46196 477160 344071 370272 737643 234688
117821 989637 373616 578977 315355 13298 258173 992248 465600 750265
837002 711551 284651 167178 83713 850734 189198 117236 71140 745319
387905 33853 335769 521968 347935 514974 803717 70506 715273 563669
477401 943204 865690 197938 140379 457018 782613 180147 897233 228282
188921 579800 441934 658650 609471 950795 861586 10191 551977 127291
160067 290616 355607 873938 441685 260134 791077 277700 719564 780900
90295 431122 981995 378350 957908 276536 662440 413473 814157 798243
593676 298007 344742 98122 557031 668321 83316 583983 442686 159974
521192 186394 606232 398690 861141 742542 579094 844605 261626 478705
847185 324330 265716 827560 908725 329657 294196 342419 879342 971963
773533 965914 448282 871215 116890 314161 471061 267 480009 953698
413867 639390 313457 630192 905021 516380 613110 677203 792953 161940
112843 855746 857880 576070 39357 466859 450842 911144 401005 907411
946319 541136 844670 573541 379659 910134 312659 754807 568055 9306
322064 24218 361944 515990 347360 677259 299658 52772 336854 180510
768406 738213 90736 864420 244863 350826 990393 567993 246775 105741
25572 442208 295009 749326 647266 112145 512152 281194 714466 113319
321957 59327 629370 882513 473112 398083 145729 493655 64816 567611
356799 34152 900321 848856 902315 678141 469356 925755 94146 972260
686046 713960 143142 892975 955876 850995 187998 539708 417047 251265
706956 309157 552994 27417 467250 15941 23353 791370 219147 164905
753191 331770 384785 398062 956472 53466 927518 885725 61322 659154
826509 664633 674475 484426 681481 488584 168554 668613 810697 193981
111593 800521 62171 339919 994335 465292 593036 210640 322490 5969
490391 486681 972335 9534 509923 780827 987747 420924 101641 217805
925201 819405 122872 115687 794290 674375 506648 241233 841623 71175
777490 310064 849696 405778 310034 680635 834905 116714 34402 787330
401206 523998 269554 283503 882966 331436 696896 897253 635277 292386
366836 292363 621996 560205 747212 96260 634046 710165 335273 713984
581368 580986 806726 604186 332572 528825 838771 899641 863020 412621
182317 780340 9178 25251 340796 377352 561179 502431 54765 476383
107333 216598 499621 505934 491527 853485 393424 962735 567990 140789
350302 180142 345523 57841 169443 523938 539734 824719 697901 422136
159231 266178 758101 779457 536953 805738 267209 804636 67271 107035
316161 265318 558745 654977 17050 570203 814694 307075 653738 43242
496872 243447 97876 17551 307065 542129 427188 951879 283332 737752
22847 202012 737416 369353 998808 730804 276242 197435 911872 848976
262231 53332 141336 48115 217808 510204 36780 278272 519031 851004
482595 165709 961677 738335 839488 396948 553234 293330 771567 301912
289247 739949 144709 199381 709499 720943 954512 398693 679114 347101
365551 549519 179859 500040 39244 809641 715254 954567 454618 913450
872595 150489 405298 45500 608750 594268 875679 738351 3370 613993
960539 409925 200517 676926 439635 868947 787627 572316 702531 912917
895494 745174 40576 284369 132025 492801 806987 958339 542461 944994
207891 81974 752658 762913 193742 794047 686454 25198 948444 901103
390904 525220 656281 4803 23382 849501 566183 999882 826587 418552
63877 958263 69028 729301 580099 108659 285844 202909 195246 326412
2311 799853 720793 848016 117202 341912 233463 565937 19881 996519
755375 930690 985755 693136 503360 867138 520496 372369 401241 852248
250141 289410 420562 21131 850376 848397 324006 99368 391512 50349
235536 124711 932482 327545 63302 718169 192930 34251 757308 137963
404283 482041 30775 818683 68035 814116 475306 419977 976516 609028
422289 175632 910647 926760 470236 481359 993697 104947 943041 151838
63273 550343 64807 357209 811546 332436 418337 309388 154183 125314
727250 589254 403314 256427 599608 85609 206698 988507 838777 29152
34892 587574 282376 464651 875667 9635 331707 449951 561499 670231
356920 217732 913146 133255 823626 244072 356729 716515 963645 241117
763856 102620 585341 551082 195782 858767 678824 466999 928744 302949
768711 14696 757032 687619 419547 50888 936278 23969 556343 4381
17341 204391 864022 419305 348335 150122 824315 978482 460647 614321
178747 802160 414851 303309 420564 554102 785119 919711 150780 311003
761330 448707 941911 793260 278966 138204 552440 38661 472600 624315
931175 150565 245093 894456 742863 37522 654432 602887 686240 288495
287994 672911 198785 829886 443133 506871 877924 752135 89263 795872
7796 706448 700792 611838 482527 696684 82894 931119 275527 23723
429189 124096 591388 317571 875853 126069 945593 637243 538638 852385
921760 117295 139208 709150 393336 24016 831813 574887 501275 968123
426411 67228 360527 94109 501551 955576 298691 101448 407009 284873
124271 694721 848975 292199 739473 121950 937686 490452 860193 345328
778750 260052 814111 446086 653009 466245 790020 335559 230231 362794
433746 408909 6011 699542 296076 195999 611637 417757 849201 668079
242896 624978 572806 131998 751625 287946 983723 76845 78380 818917
543422 594145 410759 116378 150513 915183 21337 721056 739439 175383
298822 753582 750812 418086 796354 477094 899493 263954 233820 512810
914644 893628 811667 235276 992585 148174 475622 949716 167016 615255
757296 584730 531385 712544 599255 111922 147883 535873 804258 192432
18688 52435 292280 583708 634758 85949 67236 270076 199439 8163
812355 31113 106952 86029 865197 355583 270321 294357 611830 947341
973758 292010 973431 906153 717014 803743 22466 913859 566936 371883
283529 657493 744628 577941 988389 16530 89992 911962 619595 56083
42590 717677 124104 722433 795024 889526 513953 594056 25212 629585
834245 47290 829291 436426 551183 508102 849139 485963 121868 551903
197067 217615 606449 874501 473523 385943 917280 244120 633253 16078
315459 231133 387352 993340 161521 191069 477454 5462 30960 619924
543729 764489 172794 463087 346341 234985 544943 267604 165252 637740
21733 533609 738424 809796 467192 465903 975730 467314 135007 104004
137478 281242 871732 68281 7186 159787 717111 828763 926143 687300
895552 41714 405252 107057 788541 412102 721741 989059 727007 543952
893826 629547 503485 215966 541384 372891 53812 27111 934852 802074
960550 69266 469433 462522 396349 605938 963520 684808 239416 576121
297437 758360 872405 549905 276699 714362 958217 842699 274971 947755
156892 714308 448249 141103 431173 825313 329421 378674 923175 888645
975088 71246 104594 139753 845008 990255 513558 960599 883902 942920
319141 306721 218578 844679 512704 37102 666440 771370 966119 144729
690913 444113 769641 496117 193387 165442 530606 879567 185784 512255
550633 394610 788648 663005 872402 930578 56540 976325 541304 290704
630524 638593 283822 251622 544440 286894 41329 345793 854257 365253
34478 95023 495335 677405 75782 992319 486944 741861 222059 760477
608982 803202 125158 653329 912490 473286 169430 314677 887941 560216
212685 733022 483459 560726 602640 169074 783533 194943 386454 632634
213074 213979 718870 470213 700976 62224 939083 608644 941382 101425
631029 194451 628220 776129 888563 162539 165830 598189 919147 120733
822826 400774 533511 323433 585901 339431 150557 762293 590529 855366
415595 545049 970497 219230 32865 656974 971803 228478 241855 864117
944435 258457 19556 83664 793062 3598 689902 365704 209888 851295
257075 879926 385957 168509 577968 678875 66536 25778 108055 243717
193481 558580 366617 207581 792375 104614 994470 882561 224185 473410
60606 203015 739198 611657 893428 976581 409920 646188 572964 355593
326765 228522 770196 339124 774029 245280 187449 456051 415007 531081
829046 245154 814167 223974 313267 182398 140196 541798 768582 952432
789562 136056 327544 657725 557251 36602 786846 220315 879583 119215
620752 836781 901695 869281 344242 314382 896389 72055 884100 339324
436640 801634 101652 120598 685454 97234 582174 825160 93851 468452
678719 220411 944014 343140 919918 442565 326864 357656 69866 236903
154056 856114 544580 16682 845238 323532 790107 193077 199566 716469
130178 857445 809272 817589 311869 984120 116915 262194 126005 569695
231996 295318 504492 615237 483411 841768 165675 603585 602454 601977
906115 807769 642401 24402 343237 236942 393025 526705 466190 998575
826314 527779 542392 372254 327777 166695 311138 692905 346210 395376
542909 855428 704368 683953 405096 297853 884425 850299 350707 982118
9212 810607 413843 127647 61148 266400 825253 695369 989588 370148
837694 588959 786110 345321 439008 506796 368610 444732 167928 510358
731131 759078 959908 387804 482320 852235 958659 184123 212507 416105
166923 33842 362799 535535 398459 898620 504441 552206 362584 496324
940146 455344 625293 610799 607343 860675 681013 420998 402500 562024
505884 324142 423156 47070 303150 434047 861041 904919 917852 568786
417127 655318 367874 368572 54152 907772 918705 524304 663946 251521
739465 583066 669082 577615 859632 553603 432839 615275 662007 140013
982412 996610 8827 650177 310110 199178 647516 821430 468738 866930
375035 599062 961598 663032 940341 949145 559814 683353 916525 555958
291478 548078 219093 750695 755982 437494 858674 183346 872912 519877
324687 374791 381988 763783 58594 952360 413299 171717 289672 910437
495555 135149 898130 18943 691096 409936 364715 948378 166939 720885
678613 248461 95338 612025 233788 286241 943599 775665 369574 891805
244275 219128 756161 892255 564439 269528 743761 951925 385334 534081
770578 602168 856103 657480 992644 522506 299270 246034 823691 591178
821997 771023 714008 527570 263461 260588 760625 256211 977817 443707
943613 527709 873880 720067 647796 137545 2633 882143 517081 41392
117463 924166 684824 908510 370891 557057 684256 164879 51128 403843
25961 318200 850081 664971 16731 491970 336403 839551 901812 730053
812573 153614 585794 106559 261260 881106 712464 477154 491712 229425
314366 609009 707396 905187 375216 703476 434796 885342 897666 834610
725551 26734 530209 152805 428035 717415 36676 121214 428849 582368
54579 126407 863933 979260 158587 200636 740222 588888 787016 780772
462327 670351 483830 848850 409529 876628 134919 561674 619458 899959
665450 714501 867630 632111 363036 223650 951722 292931 479357 749652
91989 9939 811234 446431 95164 345826 316763 566343 469120 137039
952437 49517 787622 577004 578717 58717 872504 274865 263103 191754
819130 274372 352989 668405 262515 837584 543557 492610 998967 286194
223714 382770 623854 276574 461731 456683 373444 566588 313589 54106
506912 905502 428082 919146 783785 779486 752229 203925 905434 391508
978254 354946 349298 394606 45249 644752 566128 408434 679500 567141
926497 907898 265542 620455 652673 453103 890862 488183 520923 91909
520158 850201 28438 855774 555461 549185 740632 918932 317220 30048
77986 347336 346589 625548 641461 447438 374577 388622 153835 705802
503105 887156 266367 479597 156879 598926 952232 713754 377530 22381
759784 288866 239872 163024 607587 413049 199687 549863 741538 421252
36288 516129 585887 969311 32312 500762 185511 315272 700186 18847
654581 721982 691915 553419 23764 723991 521250 415785 879566 126788
529771 771025 420291 40113 584920 702398 263700 926630 273965 174551
31610 646601 144701 687807 271503 601874 828491 892679 473278 880761
404142 230095 987152 542597 611601 715677 202924 763982 843672 712780
553393 833645 186836 351723 855301 870065 38791 850508 995035 749928
658240 202154 924751 198401 81470 829878 994341 868131 442894 98547
740785 597595 929965 440932 730583 11265 418417 251844 658328 347720
162002 148680 713397 516388 258017 245705 172673 332883 449330 760144
970623 838227 899009 153382 817447 437939 898136 110243 104909 959542
731080 966331 252355 549573 779560 520341 443105 813225 877484 698298
917611 636814 705562 145785 960973 878249 410712 252624 973112 502849
16182 950167 601510 989497 408465 528094 483460 547611 181260 554244
915475 933096 289975 827630 662023 185443 366634 738060 973810 3115
594600 445988 204522 127341 933192 325991 718455 547086 21904 958887
920536 259153 553547 623388 248969 614692 370320 146377 742924 456779
90850 435419 541961 775599 184825 787331 622951 84034 84829 668358
763717 886378 316091 858993 749263 78465 527960 533284 533563 921731
793667 170205 488112 948512 8290 77429 157243 606014 282904 784698
77236 710725 963840 829434 953310 825200 980730 730929 900107 914440
47869 663368 720870 36616 953900 462538 472186 66235 683839 698600
294891 40357 144441 903089 288234 699811 965114 532150 477675 526148
116095 772906 593059 288560 380485 432914 534504 967560 948164 756726
566689 302331 321591 583430 452362 72516 392436 542652 805781 272861
931272 104270 184840 194588 937708 937257 352094 217855 56190 539828
694958 995000 415296 820978 107938 942109 129367 424663 103294 714945
620545 974459 983291 780112 415484 172043 399470 106974 581882 900067
330541 804878 397347 749174 464509 996785 396969 450707 678182 221832
13078 816461 520205 982875 626642 23419 328025 656664 917247 596913
554911 625430 540382 298176 544687 68042 313915 75984 323108 349376
530236 854318 622118 346175 443878 142089 981942 124128 667113 127136
494935 254616 193234 737545 839206 498725 623201 703210 902111 583262
766067 929557 891036 93267 459737 323661 824 502663 901056 667103
967577 505486 267492 857480 538296 814854 194717 796357 179227 656352
801109 849588 379389 842657 597897 241917 647792 557891 193511 465621
480273 576814 416535 368888 3571 214818 436151 86023 72934 161306
658249 462911 518546 700556 952095 537459 611616 710621 410195 77104
339206 723081 767719 345734 188202 634794 99961 331662 901817 492072
704836 859938 869971 333482 220637 71648 976070 544288 685569 228394
40314 935571 235609 956944 974134 505422 651881 998059 458427 845287
829801 252918 16489 684869 753336 987802 527031 266886 447239 426683
894953 824374 234175 254161 153312 131358 933948 590153 103805 951540
271995 225722 497432 553856 590936 156684 708214 290258 549640 787688
297576 696076 742341 480051 760052 647526 534462 657801 86324 389825
120472 107550 594787 690615 613672 621578 346356 315064 119056 241254
983329 279154 844474 276786 629424 750379 578055 192480 939720 484243
45977 66753 644715 93651 109668 620042 821294 298160 34243 407464
814023 796735 81903 414654 254894 366740 660274 566380 521649 762577
114694 906273 756566 882564 869461 755655 990425 615343 732521 184011
479299 747929 963125 976377 120807 710087 333706 353173 161534 264572
749289 312869 334644 384723 773185 139475 483432 39638 438933 311565
138543 105228 492205 299161 878647 517571 768529 137194 664184 57043
970403 546400 947441 743565 207395 445084 876506 357194 138960 942759
284767 632333 79098 905993 437381 156673 125187 786820 612263 67077
531522 632008 288769 118713 625816 317576 596591 215031 574518 472603
825449 266604 452158 14813 509402 309867 670241 209412 323964 251082
867311 889270 152691 626046 658284 574722 633392 734617 832503 857356
189778 74197 738812 50499 475048 779127 561418 967458 64245 797360
408958 247136 57923 257947 658833 897674 618555 794260 752528 965886
350461 681017 168391 480889 41542 192947 840522 540097 250688 612419
493692 790738 170397 870439 168161 826276 310793 417224 767423 370894
166840 329228 402463 248264 449791 270877 534169 427489 331674 499987
246474 711303 980949 302559 673787 87901 123511 54390 74998 35393
551052 565240 262070 602436 307477 207831 90464 898587 539544 409828
602694 192274 325942 483867 545704 477776 478663 760076 296531 392093
292509 408383 343951 743587 341052 224474 875280 678324 358088 603035
783962 391484 276129 666571 928638 537082 710642 811557 459775 225153
393080 692618 520308 336183 374001 176834 27650 913829 817065 943635
962930 377255 259923 502995 376710 587565 631535 140158 112146 575596
896197 533901 81143 823549 364691 475012 575425 675202 586962 35791
398085 471087 25018 133143 965642 552345 959240 146567 956486 891027
441327 293885 301844 516324 387734 271069 698963 437341 723600 767460
602169 18218 25375 625345 704570 33719 59489 449583 610971 687733
274910 836347 329187 808830 385856 934215 455588 510141 682035 980839
212651 434111 821521 904467 550344 519201 479222 423687 130995 604783
570691 574118 465011 822762 42345 653967 151254 186610 887798 748126
789284 565236 825727 625764 455168 463081 806947 400997 525094 599104
717107 315066 50089 633986 948571 999593 601029 109081 746542 208408
220493 27026 449440 42681 239303 334934 686318 111894 792227 803303
689162 193027 891976 140729 885644 270058 467200 291356 636486 616463
293798 774624 892156 631949 595212 319987 694089 787928 528784 603156
617945 205693 647608 885871 700019 462607 744653 78956 165790 618519
779739 70655 680929 800809 868146 568236 910490 897062 12999 642969
270393 464066 135074 204813 930155 432832 269304 240412 508598 915571
375202 858456 606779 369146 937395 147986 40768 168435 405753 951859
470117 376672 971846 337865 451612 542968 553476 278671 711897 669848
677664 766170 539641 195082 238377 23899 275087 407676 533193 707012
821564 429173 499136 237610 712753 225033 492333 503256 61009 895158
969071 61616 24385 320941 171881 368526 609169 102386 590784 393840
566762 434475 60700 254052 979756 276442 603467 905013 196682 500361
955686 30844 209246 845195 878951 713061 713175 345004 818415 736208
35847 572290 464952 468664 826790 824675 705795 337451 233642 430974
821751 543084 673353 91742 191210 437691 394990 784037 391128 759709
644774 866014 61574 928012 292829 569112 477300 728533 942702 964003
29970 976013 692196 276483 880829 831268 704028 129881 65929 420920
872471 803155 878970 760008 71410 672466 876108 512407 709620 42490
970239 298792 354106 694150 973235 6218 727097 523814 923826 885985
881893 355638 188967 434406 2685 981063 676263 19318 883735 901530
514367 665512 321260 479999 218542 81695 953012 661010 178327 26166
184046 100818 391835 60283 705767 319079 178179 111859 350992 306964
288877 70630 682836 979577 145122 9806 596509 878609 639531 162301
549327 355201 175194 645047 759088 384833 576407 995683 199298 685327
528581 971862 581385 679753 972335 335724 117681 374272 740790 521597
142092 482075 258583 81078 417717 564597 901432 23395 254664 910378
989673 942191 973748 317278 387345 866888 296420 915998 137016 113420
962413 648319 304401 851552 457688 424637 809475 47519 122114 880689
22348 301954 459562 92708 311511 26730 199881 211282 222093 149611
623190 400716 738361 896980 693507 911877 240051 707566 151262 516001
15756 530929 396696 861535 124477 3286 463188 650215 908860 191563
640504 845672 534307 298055 367590 834964 490385 341532 706478 889775
454325 285855 197132 251639 758440 691485 557223 347698 641638 122084
654836 562115 827727 77918 375983 942728 672828 226961 655382 637687
551941 880216 859400 424090 684345 54804 619494 425428 141342 464379
940400 393059 626972 960535 325903 288945 993752 98654 900743 60732
640052 137703 980784 80315 568467 742545 857127 188226 991851 607549
80822 861355 714726 502258 822980 344698 951070 301717 323664 131793
50000 542378 727961 951869 277679 556959 656474 726699 387244 351057
925309 574335 541212 780894 584823 580239 908746 120493 35709 828856
293634 963170 202688 520427 252718 155897 349128 923563 724939 22107
326065 740440 417568 648996 17667 407939 412355 561368 154312 190462
462640 655928 24941 701474 460166 564857 37629 583196 726771 779901
206075 807012 541461 442038 180679 973537 128282 480896 853876 3288
745642 85582 354881 803968 828108 163453 522674 619528 389100 586677
879049 909993 902215 527736 903663 577814 32744 877506 731472 214894
623341 748477 703674 839729 330775 180702 753047 598805 569079 625955
706346 137995 35938 193894 847218 325684 126306 413116 124563 24288
9611 428183 139147 421290 181945 336384 615465 475003 320053 447456
254921 178194 408715 693452 378499 660227 937236 45292 314005 364872
641602 702670 531519 896768 10662 706191 882161 299715 605651 651811
127302 232766 344072 589671 708528 582851 809310 408889 81669 915152
159353 217932 779931 248186 644517 896274 476258 908452 551435 876039
121861 961519 719788 753230 578961 186357 832016 638708 924183 102956
20915 392805 385980 953426 348505 44793 929055 774525 588600 190626
937302 336605 231744 698521 544256 489691 358088 985759 719273 820485
919999 101991 750945 424037 536729 235781 840007 368435 304811 910481
956129 876774 277354 872058 524403 206147 716079 119096 894137 312339
770526 941400 862941 989378 238012 978164 640544 128596 319383 791295
433187 854521 161719 395400 337053 743362 178345 467823 56915 396784
885067 728079 383721 521305 849852 714978 602544 269195 805439 327158
140048 738551 817740 436774 692328 710463 619963 228983 750962 770309
681800 557378 927940 360060 423773 353703 12918 577312 358900 211798
128662 969705 358129 422015 353066 636863 701782 466874 758482 365486
283797 200007 521447 189141 582118 268271 231018 948473 547474 780144
142090 695274 438908 49281 781802 574518 935001 549724 7950 192996
501452 405617 533710 599184 253418 578626 319054 551343 451792 282758
394196 42865 398605 198901 587074 735690 575012 934677 204368 676763
353362 721738 438850 790034 835193 412606 871413 719058 751770 720213
420849 583508 500078 453554 365592 639579 841698 141589 286736 68593
729044 145708 910941 95920 137874 776697 93827 511374 721387 515814
869020 258349 837127 358612 29590 828884 362958 516532 876651 760916
163124 193281 141346 967143 386280 782887 673882 611153 614736 170303
469844 538392 743394 159790 187237 881049 662309 424381 184873 809160
33014 219217 404110 877710 923949 97387 969989 165635 675353 577053
555768 479074 708878 458759 178429 782813 709413 786657 351271 612434
225269 15967 656129 67277 297076 693265 966786 564144 14676 880080
143147 241935 790687 239033 737884 650179 223671 757334 180693 973396
17035 955914 704770 157848 615940 186579 474382 176252 808492 35420
7327 999233 568569 43888 315980 500672 679688 289526 348989 997474
148787 112226 404854 884834 863734 955314 170520 175174 27712 939551
948021 521294 947423 423898 720998 22435 965687 331262 710181 830920
322644 551197 838874 773771 80245 242418 738873 549653 694143 787265
715551 789844 624756 508143 337375 856392 381758 652875 721984 85352
989296 211615 548795 153735 38045 716313 82279 602178 705557 60577
215625 241328 908913 921994 665622 377318 86523 750892 757552 628123
281024 637750 278084 117805 78766 998375 987006 213835 868185 885837
944228 434327 40480 335452 147431 680003 306898 912 566584 816393
624109 431928 296639 300451 747112 138743 929239 996632 58893 501246
354752 400409 69761 986640 477802 972446 362126 558195 392109 247396
275060 292053 875974 203380 463008 222402 531701 95668 539981 340702
215491 973258 789337 223999 537973 520000 798580 502598 556745 775568
726970 593913 197040 276208 943365 994328 55307 464397 223853 564881
246625 252448 261063 544039 30341 53822 168285 402191 354997 54218
508928 588212 659921 206782 688568 39114 151933 561850 85347 167401
678872 542961 189321 547899 711128 352048 866273 655039 183311 221989
761780 150375 41848 841212 167081 712477 591982 495096 514818 624369
531209 84937 931981 862514 481898 452099 835371 854490 628449 169219
475166 361933 241865 264779 975595 922916 823105 366901 146368 547156
275373 601998 66398 775783 481832 661662 684475 526610 476273 561567
157681 660831 566432 429485 515872 599229 399440 15567 631701 278688
282226 855211 839696 26955 390024 674935 651093 327738 855721 818640
538271 460152 616030 366675 910006 920887 130017 325116 126548 404570
652801 201233 303396 689617 961831 463015 362570 986533 852697 494022
612309 228331 641500 228037 957123 81341 802301 660433 889303 565693
195694 563712 490341 442947 661972 530929 845706 464660 45982 207747
72405 38696 209047 793487 717854 131369 287480 794492 346621 634232
735156 925046 213349 808924 822934 153271 537395 887537 843188 992038
718922 925329 760469 409565 462204 364116 247250 679623 455414 975956
606695 194749 179510 64982 274284 215686 729000 457807 817536 60601
300813 563282 81397 51941 398097 105176 920566 88937 167866 66403
240266 948649 536157 846075 569049 406727 513382 673725 510738 826344
450039 717328 619173 827218 51076 353846 849054 323524 86711 808421
751427 818134 513288 682122 396887 70928 131800 715345 754316 210417
924893 218319 176228 648291 672714 139218 16788 348019 362757 321248
330980 230812 448245 690110 750311 139976 601903 654356 309142 453116
440420 433719 812706 698430 966993 114323 700276 36880 967072 962615
696114 211370 865177 679353 365446 286354 839201 553219 221772 831029
208742 544122 226903 970068 639070 435881 981709 274035 488126 513862
939589 53724 697005 219903 248591 928218 290091 961455 80367 32383
483099 96340 972124 76347 277843 75284 67336 711036 666826 747104
747573 171516 775689 298613 295601 799960 195498 772807 664827 932018
975934 246578 729611 850945 327160 756071 680149 828298 610558 931591
44491 156567 552947 291482 634 348319 698316 656619 882541 440864
520142 14074 186556 140867 324935 585446 871437 132597 994227 772523
273359 706183 388242 957160 623113 892784 992270 851401 508650 923257
403514 664489 390413 244071 782606 72371 95452 764438 538034 311384
693175 527727 602081 952259 868914 707957 702558 500055 67739 714646
339416 129912 719939 447065 280742 662963 104380 379037 169094 237035
984746 69265 754052 558748 989047 794492 817275 928234 172262 867933
230504 402704 852790 420839 460604 985326 827406 913066 563493 280267
341569 267242 413255 788764 925882 411821 853817 399767 974166 14758
359703 340163 998174 517895 440734 910192 746587 651016 301964 101560
570398 246263 620205 903897 888011 557985 948196 584336 287380 303976
853155 530325 341160 629456 647814 768516 146334 502604 712564 119540
933189 131988 989731 413586 168087 619592 862867 703265 501097 89815
115715 727816 127294 690138 937756 87835 17363 472688 898683 37911
844744 483060 279918 517645 104270 619407 519705 715221 991056 172153
622651 254960 293319 206693 877369 206293 841428 324136 678537 925195
778534 654625 474009 672833 974023 294469 224043 513187 108073 369165
127369 433554 883075 344379 488024 934152 875508 553245 221044 339177
229895 102688 19692 168382 23949 965168 582778 782705 991138 302547
949437 178399 546988 587995 530939 608389 916569 816921 451119 594981
516126 83217 558185 248848 976519 19964 978944 767841 342521 785168
545082 42713 655305 477396 439155 769374 307223 653865 716593 317039
182942 529952 433896 605488 476060 210683 644596 432261 787121 61688
707462 167944 860062 816496 648125 659950 862277 331991 396223 462928
867794 541893 695325 750381 999208 592475 426976 73411 514498 720150
415134 864751 940948 473402 506152 845187 75632 562506 303016 572781
612522 270552 573702 567452 336905 668928 425341 570682 876307 641332
814884 350031 7805 201251 485245 288932 105261 278411 717901 6085
32106 884754 790886 673975 615141 320727 146605 561970 264837 620594
579969 726692 718725 8709 699605 728936 728760 787911 608529 108868
491076 107819 711303 450876 891169 744993 485637 125337 346391 138227
781269 778419 553327 961963 57913 423552 597162 433643 675580 366735
618648 370009 724213 846791 160505 400939 241529 28874 843728 217346
378150 580926 450217 486892 685862 421268 180401 292223 630287 243316
596826 685645 917499 314999 259712 755732 486198 40779 625794 355778
191628 463447 747706 470186 846947 514659 751661 777377 847953 268849
365426 288583 238089 592567 645537 388104 517995 914434 743621 266509
628543 362869 743585 799015 511583 900599 226929 448898 720032 232170
852865 747385 423865 462062 268127 502754 499641 147111 528623 211362
447992 766752 1286 743915 792001 621963 794994 88310 198837 136466
281018 190831 769950 182013 812838 528959 979257 516016 229292 227119
728 527638 890689 49969 245087 428282 160522 602621 103706 561570
870762 669495 974028 495703 423849 699553 434335 674315 865084 101622
889691 917558 992186 461737 378373 526665 946705 221218 926641 672229
266012 244029 717920 378199 229320 641790 839470 362387 71469 829015
457017 744594 206488 538155 418153 324958 388198 23227 820117 739119
399546 756227 924491 80925 891317 739784 623992 859767 600358 836055
488192 800364 599269 546082 984172 71684 606885 419676 87464 807513
391252 54463 535652 521250 959110 676762 933860 35404 308155 192707
105532 777813 260254 58698 802445 367844 676276 511556 586460 326147
701345 511809 375057 733517 169542 537290 954697 763221 354517 671367
506876 161698 138626 439882 159220 691786 901333 544125 232635 767898
435032 375110 627052 731143 511494 780125 349195 918244 410150 540622
859455 330619 747091 28387 539256 538838 708751 403 532340 595929
431478 471367 680149 152132 143674 753844 673882 202249 313277 374428
459801 266599 720607 756533 687011 396797 856766 448675 860337 721398
50368 615434 601835 776362 473026 209356 910530 984663 671343 965117
354067 656412 23719 158246 621730 336072 642983 649554 540936 447869
107097 471569 754459 335295 525991 751954 859412 371872 513239 58237
96168 839599 246930 332802 207919 522701 962812 635391 648084 508460
760934 636569 751049 508230 143917 979938 539489 441236 72826 781052
270472 459937 840712 483931 307579 145901 822469 20462 21191 755388
812718 117935 326157 847918 598976 747703 400039 238658 101182 280119
584816 783340 837230 630047 353588 914247 770269 816724 798685 263425
393888 121610 750437 583040 571701 234519 727529 717324 182784 623860
574314 969104 575374 166009 477474 950420 47228 544240 134768 239648
83144 272692 286534 448799 518080 716121 567145 902068 698294 964592
638789 101655 94999 442197 650757 476502 356797 344582 709544 920038
444641 473858 313328 833075 18661 623138 224730 108784 273102 705463
778485 743870 859667 93172 837728 999793 734727 533721 923233 925269
995425 368032 526464 20043 753013 509232 874441 683398 99454 743093
835361 981260 209228 978946 533319 214802 92263 986441 397240 805963
559170 174021 697100 763269 574094 649449 365633 523209 110245 884218
713040 568499 636134 603640 896213 998376 318602 792050 101080 787367
642199 644030 816528 219918 702154 777872 974779 533065 603969 482113
130798 428404 163888 209695 935479 65948 519979 8236 370411 203033
655528 645960 651824 932872 497647 39847 104951 787471 857026 716173
413352 202071 820646 954917 176395 554113 284157 636813 889901 465907
435468 300962 912153 886368 655229 683528 28741 83837 94643 608739
161465 203244 131615 890164 159513 28186 471763 314682 993585 35530
913578 473429 117087 457001 456184 121942 692446 424504 300136 729823
78868 853153 264812 11431 696874 57869 807528 843349 596018 515390
488886 233051 615958 17598 695074 70394 564066 778401 499455 171280
248531 860835 196811 866738 49384 512384 294513 105005 782724 460123
787423 265602 974941 955043 98990 968709 146068 555246 131079 667030
239336 499105 101457 267702 831971 784482 297557 900702 254491 123751
70729 841689 761584 875634 281928 730015 171661 759836 394723 86266
179677 826850 372782 445007 104409 466254 670731 948031 365583 875876
89438 222891 45825 282375 482640 334256 54084 188025 717515 991770
450888 141631 381637 481912 12998 553122 586695 668833 792142 938624
555944 876811 728946 395212 586004 255605 158863 55743 388752 377902
618378 691170 669880 842816 260951 573141 989378 742102 615382 887792
889172 819367 519646 569360 919314 864642 313930 617649 401573 407711
761547 517904 633446 816088 898564 703276 871375 410315 750500 450120
330336 852401 386655 798289 811039 960182 785183 704119 435952 157620
865922 719684 620663 711063 847692 997467 798710 87554 628918 548551
891684 377960 895013 905990 409224 801507 360437 131748 37339 680136
668803 758075 878876 238149 695341 414380 730663 108127 975658 229627
355761 224075 421960 545615 188753 613285 395420 789710 271976 745592
331985 946639 927690 483967 439991 255595 22045 481903 36420 301372
375546 366902 114259 28468 850082 947735 712633 7163 127435 450522
780345 700791 519884 483423 275212 350496 369603 811906 267363 438634
573875 781409 292910 589684 118021 138167 438052 339065 897923 843028
147440 866467 382520 630844 665292 219015 380060 241142 673842 64722
554604 264457 423744 260913 217537 650352 779767 58906 369116 960841
726646 455542 90982 74060 803985 812131 291637 714150 947265 710626
108397 399464 313545 841044 958788 246998 656341 625753 893516 258662
856949 88492 33644 114367 919564 589170 280095 121466 763590 795879
311711 225600 789070 362794 777679 382231 793755 441357 114817 71455
5925 648764 440833 696035 525224 440679 52547 98734 9655 693404
42096 247914 246456 274358 135809 422882 653200 168970 498913 451890
921601 394588 632064 827344 258727 222892 787364 357770 154506 75460
333382 402189 616800 899340 580219 233612 693753 543669 456541 66336
380978 950475 530023 993543 260739 960945 420071 682976 161321 914235
629846 36214 359048 990506 48358 634283 820487 166722 721485 21375
56332 11371 6316 801836 732712 674925 156126 820802 855635 34182
617795 558780 262636 182694 113933 360208 197045 572179 500168 981442
295895 208962 165712 746948 717372 510875 240905 111581 807031 732451
695950 417658 436306 181166 868102 945128 859987 278812 719429 170663
222428 481777 197939 528011 105132 843667 666654 40143 623171 517061
772116 802918 145611 86669 890971 24029 433654 849442 722486 877611
511770 65488 527052 637704 359943 643078 410433 915583 259263 336018
705202 495364 255095 732627 315680 806253 264350 450390 634230 656236
126679 741051 539490 322066 434250 16217 195600 134539 337070 443688
47545 336835 380922 919159 87676 414395 623827 94142 251640 720139
808168 566902 911116 731958 976426 988608 741917 516573 247778 898375
681101 655780 233041 643120 666393 313628 823097 556835 439217 25768
922634 687045 449295 907040 571814 54681 456015 321629 459413 881872
483397 457159 880914 196818 91959 775293 656030 608039 183205 951553
975116 254802 659279 559828 905874 289671 462184 315835 822783 447521
231332 943502 483818 265113 974799 953229 487167 375409 605687 156305
544889 457028 348628 263647 489374 519490 11186 258827 917789 805055
537333 542420 880820 357781 861903 151935 160206 431216 870673 679017
406216 503551 912260 532230 76084 412634 160764 695100 652496 973878
533350 728331 235977 170560 669820 935785 101128 36887 170891 5367
548736 658811 239127 538404 700876 222434 957313 390265 100782 833490
829021 693584 293471 369101 554498 510311 588455 555009 447251 702452
797486 248330 966195 962090 282235 302295 581757 57759 342198 211062
961288 919006 660175 677079 501021 695498 770390 252776 927714 703168
19422 591073 821835 824660 963699 472995 137946 736132 657487 493273
901387 76426 149726 161108 388386 146105 339180 997939 652307 944274
976605 418764 868601 888399 231027 201964 941162 681301 620757 358526
186586 956870 598918 239895 622478 624180 546510 237769 227221 691155
486737 43653 132983 656652 18260 930200 690822 876055 873067 268108
136288 585341 857905 24717 370091 274028 135363 760113 335444 426344
77914 944834 465127 74919 383028 139689 232985 903128 949520 740446
73907 192025 47777 883432 391906 272070 846437 9561 512668 745357
929627 396734 942599 814029 381448 363258 862596 265735 218498 469368
79686 33309 89719 471969 143766 744243 423764 312765 472465 176361
415542 773044 160595 93899 478929 412411 411962 225464 486704 690589
238615 272247 872618 344120 793196 790110 724692 46715 416213 21751
342075 972776 982231 191462 695685 485023 604840 441849 85733 116030
382380 402178 441997 757296 4125 480185 744123 993655 527178 672780
386886 508865 139411 809631 73348 962213 74624 236447 765432 645250
305975 88213 197112 643800 495791 502220 700608 522334 633135 663790
970168 14121 418834 908464 492707 14723 197091 381863 865949 546322
915346 372777 185176 215568 21186 669962 400529 267558 890765 117596
86961 161160 917833 916377 322091 928043 144526 931786 210715 315939
307594 142420 292202 989034 404874 693725 258243 584398 838573 18141
158163 752547 428676 262777 337490 419542 883233 183097 921188 923606
950187 550154 62958 568363 20402 588603 306269 692228 791351 460443
541715 602694 405701 41345 815478 809759 364352 88279 309108 660190
144517 392779 281835 578066 617711 929094 955626 872242 140085 897561
141738 167825 690880 639576 62661 207553 920443 391183 953010 879546
632716 539582 161289 414775 241247 358289 788133 353891 991059 908356
912658 640871 612833 145921 474970 1170 16362 46366 798636 524691
557955 554190 366149 383456 106140 282415 883550 835019 968869 226263
417124 401020 80717 555823 245133 237716 585363 720170 133773 678618
603428 651012 11447 465093 868096 577200 974423 650968 405213 950174
317601 110480 457041 114573 322110 464923 505446 66038 177101 266682
845449 184101 533130 321390 3661 748946 881930 816195 943645 158715
915350 635983 360208 318998 624390 617115 68437 637543 438816 841657
712623 667806 769416 773127 553042 79105 133080 47360 700391 750580
551730 478759 656871 340226 250722 714247 690929 786803 124556 378531
362385 40883 36302 202147 967082 289917 446060 447708 881062 970197
945490 853369 482693 465813 965730 648593 361742 412209 518582 861169
338247 851089 989236 768496 639459 574390 291844 597140 810790 882499
874972 674192 389849 852757 349087 356882 543794 518042 621311 818173
746502 689326 636850 493266 280592 68200 309551 299840 815955 335689
57948 143224 353026 529376 179645 770233 196690 827549 111695 385857
512081 662014 537034 56849 999489 246476 353353 920479 479568 334558
848017 822492 338370 379591 144473 187361 717324 282258 282624 679811
957951 833789 368509 628478 809325 844824 965597 765324 803157 479060
382383 52510 377348 911792 395448 71340 386702 626354 80657 158472
10898 95013 304876 301035 16290 473029 679293 753623 912755 105405
872977 383331 717481 654293 258626 50988 358084 878845 300909 111837
966403 431891 623215 657478 176673 726364 31496 327673 697666 786391
149579 234368 904763 267841 251039 284888 40090 723925 65162 89415
914866 270140 765159 963172 793678 300179 924843 193337 864761 605291
50029 105435 753837 131682 8271 497427 603605 792504 581296 406943
862429 261475 542187 654887 145776 602215 928026 867098 575365 516377
883063 759487 694166 89259 919834 882062 587814 598185 397367 144721
904245 212818 122532 148547 349706 709620 2111 858271 629408 733947
252113 433324 242802 320193 314679 602077 271628 149264 549466 544590
477715 672963 869459 899210 800485 255796 57123 989554 842802 143517
569298 855791 323024 616026 275518 988340 281241 775543 804169 839423
982168 18616 61313 682350 281065 144125 159863 688685 29674 171697
673000 696949 269862 232248 985169 500148 475673 196616 572395 833695
29012 482858 69571 946504 578019 467139 530858 625930 192997 732944
985773 349670 797539 431311 994274 410741 935677 275459 164315 727712
936871 735452 641526 339167 751618 45025 459447 469352 971742 501569
742150 213505 37423 969810 594700 302351 713805 327756 471555 694308
386103 19363 794529 612726 288122 12826 224388 882292 968245 357187
630602 70461 926186 617891 268835 110001 84897 51030 135588 116198
353357 883557 677507 854951 6249 179003 994118 227469 74255 206386
575817 4007 710352 806480 636464 969195 145745 497312 142635 962720
827717 680169 142384 327805 16860 815454 332985 468721 47447 953884
143449 298833 56412 880150 633657 732165 310004 428379 762195 328097
686536 357297 921180 718352 959850 155304 482785 789557 348 917322
501729 996024 906824 389605 380345 634404 803756 715584 964334 694704
708095 118245 606672 446793 578562 543 589360 754722 273045 337401
295228 952127 461014 278604 318612 57685 850170 681808 151249 102992
676333 606320 776666 525478 993718 33242 902890 55660 53163 553999
58416 345566 762630 860684 557086 430498 509054 424444 892854 195907
908233 256537 468960 292830 148982 847859 556307 209697 615995 486726
910710 416138 219449 285644 169233 392617 413551 943435 847026 600557
474465 219857 204010 841465 226672 480355 767962 543316 600169 626664
339457 409732 279007 59269 106091 793873 90117 445396 681758 636027
349877 579095 75174 626776 414270 846014 720508 681083 835322 292722
613303 67872 651619 235725 519813 545945 72956 167293 262160 172851
900778 779540 74885 186704 732752 70940 459439 879444 115514 296916
888987 775868 690292 830492 240260 154804 612411 853781 676274 873911
997944 47849 75026 618818 787651 48789 457041 574372 531889 796186
936133 457615 582651 631125 482049 518416 594636 375398 196524 436065
590715 351598 69135 845323 235821 628135 516433 354619 483105 485016
902186 196152 93088 431574 772787 690914 682534 800798 908474 912024
36720 775820 354908 727631 724561 587943 557539 506934 437517 3854
623595 166096 85699 812995 614437 884756 79565 191182 278344 59325
814400 813170 896108 874649 82859 743334 18145 143020 171109 215445
623957 520254 616562 162632 634969 648388 391424 972163 181303 95654
270807 151084 432444 919968 235056 414907 607106 376526 324969 144831
717341 964498 848832 54353 474162 534434 626448 403913 5234 435839
443617 659191 803498 689110 771399 176586 147584 103246 204973 598806
508976 625590 993522 612192 133302 632016 476223 943754 704383 824954
151312 769708 9855 464843 102721 550937 422123 837906 8813 427144
188636 445064 6857 379499 197693 361506 39954 34040 655870 368135
866154 94772 249776 243475 887651 327889 193752 286066 879729 20388
891337 912159 223011 519915 682435 380225 164244 220223 701844 428803
566301 388553 231937 231469 639763 836213 673310 799770 458922 567994
796513 821003 326161 818648 256833 24559 2026 248636 993973 400458
112209 535071 982739 7067 298046 221557 27622 855914 473129 599185
294083 156240 400785 708258 276678 730065 721232 339678 728427 490242
825217 43503 257203 665755 407899 378183 93725 61030 380716 482857
568024 433577 412473 345568 228904 252455 436413 734288 620567 426773
499060 670665 355633 434003 890510 55972 389855 786876 143163 271651
921739 770787 100386 640337 165886 332028 35856 379953 999890 841410
107262 513678 280799 740185 529563 975200 615927 632671 566032 625078
437802 796203 393108 71620 678355 965542 798479 2094 299274 439495
504217 949266 29613 952975 13836 511777 264784 574290 636242 777379
604961 613841 115039 957694 455164 141625 905623 294442 764798 612213
615360 296042 818072 512974 906096 172284 366583 40177 244302 152436
526932 726331 527293 561680 853654 666233 855740 89935 347035 582568
387759 922295 820900 100756 152809 919280 709422 788811 135224 429074
205885 627939 857097 309369 517136 373476 354087 130180 134382 976613
26488 507525 468265 883730 737976 702505 309362 561117 971034 893163
513009 260049 103553 489781 817768 256769 703586 754491 833200 456532
560450 614883 408645 155185 756291 961026 447548 79009 861551 884102
409241 463554 412397 318787 25491 883315 999070 471679 175863 843141
174142 999674 178136 419623 120420 57757 409602 667652 632402 822317
348502 169870 969426 155113 998505 958580 107307 79638 57927 87302
132547 43979 367844 402642 782509 587856 628030 97765 168246 30367
733332 603489 929560 979513 291146 274959 827804 144422 950743 413377
544978 475691 738997 949681 53981 904658 867879 689296 171864 221329
969107 726760 27402 668891 364522 850605 563587 305971 976430 335610
480337 246708 503257 572735 328873 413474 8174 566581 202670 100223
920250 636961 830455 980038 300486 7533 356706 388128 239617 291798
637664 981864 734152 764845 892200 907369 5952 731000 788859 738155
858811 687919 450245 482688 452728 54025 409995 322848 150771 10272
88506 761008 572313 997392 285169 221081 370407 264365 16074 529274
24083 476152 751297 209236 764536 246491 51380 802285 123505 842324
176410 761506 840106 273752 734875 298851 926190 955328 914209 111225
412636 139929 933264 993357 214185 433636 683983 177305 328183 98722
767686 955879 903536 730687 482691 502476 920533 158991 57627 593013
898296 963692 265907 895407 753115 839700 898569 243737 792700 126696
31682 436473 786405 442677 479589 846295 455602 114306 47935 542021
1332 594023 636800 204842 535020 488370 466427 224478 720315 704660
549817 797255 992861 474961 911554 267010 910808 351633 894921 686422
740691 685875 589642 939922 706789 93964 903384 485323 144665 536921
422545 711694 772809 343780 594499 847607 156417 17075 162421 140684
305815 426414 361656 847587 516213 791392 101012 635143 377756 475471
243526 254228 846050 898126 308367 568282 496221 886712 203956 759782
442626 946672 442367 388581 367409 397755 627447 872945 416706 201289
636665 501339 760898 973072 481487 86196 214628 754551 898791 302079
187044 967662 509644 985910 853245 960777 941151 309417 298295 242690
181280 174615 215829 942951 688726 202790 573277 379095 627965 272990
997795 440143 523992 449052 414877 674847 799047 392297 374595 648717
235163 650983 609292 111839 912717 415848 643956 241007 922592 859420
411421 714496 432373 559939 353441 272586 136890 463881 377223 554580
59455 188722 830684 20737 563799 957439 615915 586470 943310 822678
370121 465736 645689 183843 14634 850767 124021 600964 320553 732639
728968 825744 257470 103762 832470 945341 584189 983193 631493 158192
264922 681385 842609 298355 335177 449110 673538 24012 344263 362442
351685 773358 86877 879659 132941 131608 205173 75017 749922 771721
982961 728558 789683 167117 425337 257942 308513 766455 802805 460366
186098 979685 181799 902578 654169 213808 431481 467533 683181 489593
894801 988141 995877 948140 778556 336755 251204 946798 80998 401591
179840 395295 244015 407280 234644 470368 882668 651501 725646 858334
608038 327338 836620 908997 339231 124084 382037 244422 441405 399514
528472 552344 229248 475510 120878 575612 459840 100344 674140 540534
842707 272082 909645 802171 928020 864514 660376 643422 313424 823168
266720 258092 779312 937993 725476 601599 827576 912866 547310 586626
590723 99422 237357 419809 572087 709471 413393 631538 918670 610247
957402 859086 100497 967212 811101 704058 511741 78771 601288 567487
257575 436896 112887 314857 750715 787580 489179 540012 381273 260786
827491 475626 651380 602399 617549 533918 731612 49341 935095 4876
781058 353636 426050 246578 691181 95300 180339 964411 364286 103794
498607 126042 416782 409879 370948 924414 94416 907468 414071 583236
38715 344768 150489 840411 485224 313683 973571 366105 244907 238943
595339 817574 795064 390826 756319 1028 254454 880469 622589 818114
578831 545048 366006 193238 323038 187849 936971 220131 466231 848099
57351 782298 201517 936757 798131 216642 942002 475425 995405 193416
647515 601587 668388 306626 149430 298678 596263 230662 890875 76744
327281 763718 550489 61160 453292 157419 501517 361837 265973 34006
581309 70398 486223 237530 595474 941310 121133 971385 996670 851471
223985 790333 489623 195708 843613 438500 380629 963330 366598 781618
439373 827266 286928 991493 963491 772244 539392 444305 713539 94812
535080 636047 542875 783505 832865 955756 813703 218545 346371 213886
841822 244670 369617 554478 772300 842339 147586 99668 428087 818312
467916 431102 79982 46444 537737 524425 399515 844853 330573 671607
84223 357545 797241 73682 76421 507164 393940 270595 252994 970413
771585 550040 554506 779969 905937 324267 351358 729349 918721 380276
127664 740667 651821 250737 448074 966370 939081 623308 12954 258780
60704 462080 624870 830058 473480 215044 691963 945147 8862 677825
275022 640571 961713 748718 157388 156247 259243 681961 95021 561741
511370 174490 280428 720881 205060 50924 353650 64220 806803 791315
435017 245711 524449 249162 427372 163499 750833 916619 840366 904648
874661 50248 382169 527961 134653 132250 528166 834694 757409 667339
450326 858630 747629 473368 10010 871162 657124 773585 629300 763672
334696 710943 694318 407502 343223 672468 908540 864576 494269 13724
519852 87399 761084 887706 929713 131895 419295 897471 537150 704629
885274 503216 879912 732791 181808 907650 438453 688361 683483 473790
401973 301694 881728 961767 498859 687293 963112 622101 251890 806437
672317 795229 443495 844155 971949 306663 337870 801950 791510 385315
180261 555475 51949 541787 734391 972283 296501 562133 220967 550624
408693 397839 337445 34966 901111 166121 402150 180339 208061 945167
808502 920904 281801 425281 523055 929995 441879 930699 57540 721742
234299 793088 476119 500749 431768 221940 101377 70475 497251 521017
454106 509759 133013 380883 492860 927386 89288 764944 788189 234865
676940 642941 425464 444466 34274 547203 630212 444062 462624 722337
630544 325901 779250 511720 887544 90384 7317 573845 746986 1330
405891 401768 28400 972542 275431 222604 987220 455207 26451 368577
354786 381706 343714 400979 610202 393049 257103 943645 557149 805945
84767 795899 215305 332978 736954 529786 889610 277076 666200 977667
5552 596270 632606 909153 354766 175033 142461 554810 5850 397487
889252 376048 374500 940470 566473 577595 632851 127858 651011 717616
484638 782863 597298 100264 525260 477259 305278 249606 7445 415268
366648 965350 594064 513724 831940 150865 533048 6593 783138 22952
170919 696386 946708 871803 792698 526783 546694 760396 578150 211015
137217 35245 797690 228294 312286 948325 706767 65146 486295 318175
357546 770106 75197 907855 55876 553692 105863 94554 405280 212592
664714 65729 941021 918155 796022 639053 50980 331397 19909 289709
88922 989788 90064 149457 684794 859469 229314 351034 612975 223997
206136 48997 860907 638489 835182 877187 365560 910226 935068 674416
109787 964780 313436 507282 972063 187482 682396 844467 102297 184457
586442 451244 86168 839300 609982 180342 443319 230491 551080 71635
678727 118337 137991 296229 677378 117466 885853 595335 849967 712107
916567 172643 758956 571459 33940 270221 976067 5390 997538 33730
723138 338254 894213 742518 4530 54296 945677 982048 240468 917547
132648 966725 315850 499873 414721 74332 28478 6053 764901 391820
326237 800077 262981 425350 779043 665182 908021 568119 111792 822309
611636 507471 928908 635829 784813 873769 164967 341774 471446 468490
282054 854448 448810 131611 252381 992998 977729 487408 147003 327347
494626 811386 248942 250478 759286 471700 911102 521196 390335 562291
480901 924396 961161 629056 892991 690683 639057 336168 738119 264051
293198 878629 575138 498446 531852 18706 120116 941368 289986 850170
386225 917435 528161 868304 859057 235324 21789 669255 450535 659325
51964 919926 975735 434576 229487 325736 839651 926406 442129 33273
615403 125879 545796 192405 452046 385639 479037 866084 262930 446442
807843 681171 19098 367406 92469 657180 344198 790203 178130 826367
399819 292406 237696 896659 833590 69953 135034 526283 927992 311053
943411 942749 803016 754421 965694 704929 6329 241646 623357 601062
402910 49366 420338 536423 999790 777339 323852 563244 283974 801688
948127 406487 726745 797620 663504 477851 655350 371214 596013 943860
670488 565872 955839 131109 861013 772060 273238 652506 87022 911207
116696 415411 887177 105872 158156 905640 105055 415452 76982 944652
950487 349233 243627 70023 457500 966457 597595 328426 489805 375966
292365 867914 422386 938684 589079 825588 760159 317762 6382 750685
337523 21452 365476 197722 942388 380094 82504 573394 543095 777553
712877 17312 987362 239385 921064 959814 631575 590790 902378 965228
222024 216808 191113 200317 117957 789270 972287 283623 212358 190455
939607 228942 74031 703781 106615 828677 376287 554483 368327 501115
670940 866608 340690 488677 831520 748468 333771 142171 81337 859683
542649 111900 104288 274799 922808 448739 101174 927138 689897 237702
122546 414104 859742 512196 686267 425837 126732 653474 427889 666622
189776 709982 434735 812396 433642 638177 491099 99117 494331 567902
232457 170664 614737 543776 75183 591194 514613 475032 360767 675576
205314 19452 84523 792200 341266 687248 245773 1973 93159 313564
909087 430990 964991 641689 45241 412749 136956 733710 679922 839013
717283 525888 77722 362951 767926 725388 550592 640842 906351 51502
45798 564364 289000 920460 847528 944511 797280 860828 195985 411362
40298 230040 181161 747474 67763 898277 324511 880466 279496 70693
730651 99986 47172 605598 0 901120 149687 949659 67020 119801
856415 151717 347863 246183 363246 237392 956022 860525 906282 635029
694738 441987 634730 500657 96253 369428 89707 561150 720413 371928
462921 835911 439414 39949 4505 875183 654833 394972 348008 636816
205589 37702 447943 154762 437817 405407 759791 279413 502735 81971
598854 41927 319940 11012 422562 478632 362459 63526 447826 962778
534379 218082 471443 306752 57059 725190 739469 277204 665713 631287
253239 546048 579110 820331 513075 147484 877837 924163 24753 410014
617532 533915 537397 78749 52498 214979 234708 599094 325028 911950
18687 179903 162263 539189 108220 393989 935611 808579 692552 464320
654401 355975 688764 978656 319543 558507 130084 514439 99176 747593
192085 830886 680939 725219 144790 628491 958048 739341 375772 880871
609843 397550 430657 775706 62988 130400 178767 585794 232418 495570
176364 188005 466612 465004 79851 440980 524039 286124 435134 614066
723625 838628 38524 410569 878030 219862 774778 815717 895752 198714
60160 467976 317630 583420 169241 67365 17125 956383 218219 115916
841074 773587 813460 205676 623390 90110 327661 149014 128829 98587
148336 525416 529400 171462 936941 836424 207170 394226 501140 874559
349359 794121 736087 915237 692160 126570 823086 812314 485032 465466
13044 654780 167252 131606 633106 549475 945167 725465 543678 423542
452822 229874 877275 145400 28774 33512 763647 818733 386789 404030
383316 803089 823759 955258 490410 316760 887456 546322 458969 867755
119390 243975 251238 567466 353583 825228 152996 530653 115472 355413
15664 39054 791124 39795 696600 757179 344970 10778 182200 212536
148099 121070 358090 948789 56406 802174 295052 13664 229447 747242
584165 185914 211069 679445 559248 812644 978615 817093 531534 738885
520267 677835 661947 668226 239965 501385 626853 939454 405020 979636
624603 548713 697461 963981 317687 291310 300778 255333 678474 800348
816535 71737 689390 520734 801520 897467 759061 404947 469607 704504
29195 774295 470732 88759 242793 872661 203607 675344 205651 356278
143235 963807 843146 727631 717822 349117 140274 685065 616586 24935
595143 298655 649957 312678 916795 598420 363532 476411 735273 529313
132026 575182 680342 88406 811432 709965 294414 260613 961232 969559
232201 650285 98635 351221 676406 824301 336895 352595 337452 68322
869553 431088 400859 111898 503590 41963 515251 556372 669055 282548
39020 317367 273022 167846 190998 149370 305102 684984 313538 513961
537221 89726 896341 66805 170801 727229 99743 677880 17455 70503
130049 153498 501461 652999 508925 784849 803630 146350 275204 569534
411753 227159 963391 86978 679964 974018 277471 171095 270115 205816
862131 515559 733365 772607 536630 172334 804492 333159 609511 874607
562953 638502 168056 170809 236481 741058 271724 521783 148177 563399
269979 240285 571006 492964 762485 792252 376344 336180 890993 703791
952943 24504 429891 750867 755572 332283 439096 886951 828681 272075
881678 225319 568514 795024 566586 424184 617795 343450 814715 844704
970515 612216 946062 984468 179652 127000 906327 67142 419844 108436
165057 275724 817582 88716 700087 479423 751227 574854 773573 809809
447492 836088 172181 332940 440631 829954 15357 4206 580074 513479
223742 418851 211188 57647 241630 505323 415131 241287 42924 629215
175118 555348 788202 992461 378426 322467 895398 610630 861447 490779
193304 380292 62431 47483 287768 570036 8881 231740 912088 884972
515825 848003 262553 196204 131361 697277 784294 700807 176656 9373
333306 837468 432396 455404 714941 917377 824363 95535 587577 591381
635210 570455 822766 495721 117395 926986 18645 209469 968403 308729
221746 710504 851273 671635 455698 252987 536896 108908 41674 929552
220245 876869 549850 141736 472479 733119 1556 179194 113215 752837
975756 969750 450015 733150 531759 255872 961873 434852 916846 45633
896489 186091 459625 224538 871741 862041 564266 287330 433231 976117
50948 899920 977184 557411 210119 946825 827497 881690 689814 424888
260535 152931 914085 472705 466222 644675 355052 281110 793554 258505
852338 592775 377967 657782 865562 282814 377421 192786 367110 133103
633249 30547 416936 43795 971453 389753 790449 535568 193804 364395
367545 124920 613891 187760 755829 875240 323221 111885 46566 255167
156501 392552 794738 637704 346066 540082 390581 673701 769400 995790
646159 988246 451866 554118 372924 377899 878918 199854 596137 884035
821760 793050 228567 908139 562209 858224 152799 342787 696604 177611
862692 783106 978919 171482 550768 279661 351072 546053 968500 964069
419892 831134 512003 87385 805467 62577 152859 66342 93938 908358
373116 139977 736819 787962 669586 642642 362651 351934 854603 287502
364246 899848 890181 475168 970484 799418 640013 556975 806169 332215
27874 273475 658760 977514 137559 516120 616718 261532 855091 421462
479706 105149 632965 426033 41516 277138 41610 274120 894421 620354
945773 594915 763249 90773 576565 403360 347420 777218 358218 843432
264569 233271 924592 179647 497216 488421 489417 628236 21668 650335
674726 800385 143027 956611 384112 754027 991982 167880 886711 42791
266583 251002 169223 665672 314907 764898 901674 171095 847090 967403
31935 830256 126776 227394 397769 330617 546710 886868 594129 987832
790373 882086 69463 523060 536961 682737 59178 977556 622115 172206
895594 983234 386574 367130 841433 371010 76645 949498 830083 717108
582129 298023 179253 715096 387543 390988 193408 262972 142333 422809
586986 540049 661354 931355 421290 354215 709098 84915 431824 46465
208992 692134 725155 530517 340664 855137 681839 205151 47126 49004
81731 456535 394071 185034 927570 123517 211299 317151 407636 896655
53064 280645 6451 989617 574355 865146 534148 620201 792648 189274
717154 285519 919720 310396 270852 151891 642025 583931 510135 889661
476515 347349 250420 917747 168220 782409 777762 815508 635362 616246
830713 656301 77774 373143 706263 572457 878752 974634 306374 209163
14229 508026 593195 365040 577316 826367 66550 912922 166411 208630
173416 629446 853061 792606 182727 35631 208565 699352 562277 793518
997533 506544 389016 161277 325273 369140 667171 165589 227784 585839
820757 560032 711360 405523 545233 761051 122784 455345 932795 583006
829627 37791 141874 866756 108692 687505 911306 436575 634971 974614
463284 334632 726209 171827 181551 931136 719950 537456 587455 193648
915747 493327 340526 690254 358745 580646 589815 458116 77930 447980
11777 122786 746094 542608 284241 838633 366306 223725 770128 233097
24937 987140 646757 993889 746014 203573 996893 727883 988326 606457
312478 113065 149101 650182 747681 944911 93212 197618 495859 224533
944087 360046 443229 609288 525394 470583 937819 348894 690026 381093
150472 228055 270404 880315 896068 988177 234358 404910 126813 675015
543222 513399 517747 512883 776447 528285 805651 567932 419517 884422
666788 33455 783161 580898 261443 403114 481472 964720 969680 763541
596140 971317 572292 87541 856427 112192 661871 942145 648350 541972
726436 27807 161885 165689 186999 963172 629433 218785 22990 325982
552386 287035 732392 778952 879341 758294 862489 357567 117967 796663
315989 358355 429941 41732 832120 102581 882242 865027 534035 763399
42485 997715 56766 21310 631570 199379 247376 888166 227915 230621
954484 786600 402881 6199 90293 685788 861212 215256 279618 824503
468244 700710 544119 900266 826077 293243 774201 426588 295710 423003
248944 402735 590102 63118 721861 89544 154598 727103 440564 423169
914060 370011 598955 852456 94137 484348 622600 636683 202326 265760
512474 759436 146946 695635 714600 610022 638630 227780 543989 76795
72634 337695 871681 156066 704853 567911 170718 32071 562844 899530
978080 711809 53418 284460 535338 390643 813583 891175 87878 627646
116596 872550 660682 568109 752300 64843 65623 456539 405579 285219
353976 773202 780295 317731 588867 291331 943856 97003 964716 85119
428921 986271 480544 698892 110681 226113 766112 419603 518335 786125
318822 615017 123094 456645 333067 598072 308503 884014 533528 6155
242454 925555 427567 914047 904035 99633 456597 927586 900851 592756
160765 628598 415448 597353 495383 919008 290989 524653 269498 57826
881678 566914 898729 732580 803344 764261 164311 865980 264029 375944
819715 744187 353926 553617 404796 398408 216915 602187 522781 126441
835203 62048 388556 182608 373653 572846 64296 340318 578013 926628
658975 630565 582758 676298 274363 745567 951884 438817 128696 109639
718345 905298 286452 697802 904696 840913 801840 341094 790266 744889
876038 933085 916198 517200 815240 779694 79604 954596 487361 837356
921893 102938 584934 184508 737002 614635 461296 943786 432120 583740
929748 93465 577292 667934 417652 700260 222171 97772 464607 15199
890322 130043 277095 86792 323366 602360 160116 156022 947896 327022
894726 796897 327274 504777 604196 134022 124916 558024 711765 365075
751486 497725 608266 260631 225254 38510 682484 285421 338588 741833
509513 685437 362217 406138 560532 269742 311189 467872 985894 36557
969430 958494 196142 228667 928468 450628 813342 741794 669667 476970
988951 252662 755590 533693 589933 705006 749653 723783 905082 152695
788818 582896 29231 23318 90241 842273 62068 121284 956124 763631
594021 104882 876838 83938 51438 561567 952280 783385 894384 44897
586333 803984 824168 696338 122653 347632 509839 456246 736247 18490
224026 821807 446368 519122 108313 920362 219319 689625 154730 173528
898275 354929 156432 963170 257686 456512 261367 323355 204825 229621
298028 418493 495930 37281 184758 480944 922219 341694 582542 868086
858601 344485 474753 435973 97312 791371 845105 29286 9655 725092
975645 283492 117433 109876 270059 249694 932560 745653 848949 396843
291286 458048 935796 94329 463168 947383 695924 597081 716835 989626
890471 68840 216781 933325 287009 671856 83884 193460 264654 176394
386345 321885 383970 296801 902142 212852 722246 615159 602847 259617
275152 890097 573412 928060 589428 510584 124997 992139 789033 129023
522827 850346 16596 257478 100140 719921 639925 8251 620929 844072
351538 824703 305741 51469 796359 188094 86032 809984 828058 835490
486269 721196 467706 897036 536065 366056 929611 405516 382042 891361
479997 710719 187762 618300 351244 522859 345401 348981 669705 377530
585679 136862 53876 50886 996789 611668 279790 785646 109448 32750
398560 488088 432420 606764 816011 685086 131700 158198 890093 572455
342931 746429 909510 246517 927053 58008 29649 600111 289646 321283
521612 969160 652197 656810 466492 498260 669634 67355 14629 268490
437787 202900 816222 318919 87634 750043 473591 101558 430180 183209
822937 166543 651625 621270 131488 880432 188647 837076 529168 251357
668815 176860 400435 702110 567717 483364 129843 343553 308262 27676
720370 459929 138766 199377 747106 340870 843938 855074 300265 341512
936996 456151 357148 404965 781323 381354 336662 448703 234233 581469
30289 897850 299207 52303 389475 54211 418075 829878 814237 496532
21108 921964 671829 578585 943554 35706 648991 374615 487394 428902
238481 698080 493947 761058 827535 479872 322838 181283 595963 930611
803416 634157 132726 954368 445791 290524 843656 279678 607668 553108
617179 927609 42205 79634 105622 388312 148762 743494 335203 250273
59844 909870 187892 829645 89909 380040 167035 158087 173020 64852
458861 980670 356861 162708 900648 508684 3485 644765 303297 413581
460913 390268 657434 513652 908002 798254 765059 495228 192363 555335
725512 237005 744052 736128 766926 756738 718325 900686 648973 699648
942615 547980 145908 608704 572071 198057 260183 704738 481306 157502
633889 946275 920565 517488 895163 741999 843349 329518 506930 80787
491736 462518 383575 694594 262602 102170 620161 149798 757888 177435
435469 450626 655492 165390 479618 574007 838600 286515 864528 883128
789686 555530 366980 62991 93717 306729 140205 636363 453536 311385
920168 578981 70488 121329 794294 646486 44652 94373 828603 769450
213874 484934 649328 495608 372552 290781 137355 399109 273782 57923
94038 459681 121852 481271 155726 527306 95739 857808 14871 965354
644417 560712 466052 613070 998433 502285 254395 511103 333930 128353
584981 712019 937632 754952 836525 670359 31207 771087 545861 881311
783001 538514 170943 675754 159507 834594 441940 919448 183752 550747
148044 720592 578972 528411 388261 519274 33306 760357 741749 324448
799880 232629 905432 536593 53848 590034 342133 603499 779952 774775
603212 850477 535978 180499 798776 338242 921516 31863 597747 756497
421227 405741 340248 959609 951525 529253 119900 406150 209701 487843
690506 626874 632670 745478 994501 8937 627083 756085 455994 448710
567677 723371 431491 850705 546959 760978 416982 153021 928908 787866
981517 122390 514089 773442 52590 785761 941562 642264 866622 691015
195057 551835 254898 98664 97028 696220 137041 466113 268007 23129
619470 880645 851532 151521 663909 967104 10907 651771 184542 493519
943761 10575 828569 996420 908514 727422 860957 530437 884240 950936
972254 384221 43475 621573 624576 232543 88950 731652 261384 509709
354210 230760 844767 347131 126136 744338 989278 894858 337881 719776
951249 727753 399842 9602 451921 229337 652895 300029 764814 560845
431965 634943 831991 798776 227979 226499 964983 126385 907545 746662
900472 970460 896861 579725 15525 76538 197864 697524 708881 491455
993602 399914 179510 813536 310896 432559 870693 497802 346156 826787
426050 769135 721258 324699 947978 79391 579912 629357 289978 408381
170115 360399 355356 30058 389809 668342 147931 677671 657987 788065
100319 332877 52668 409522 154626 638462 761272 783686 743645 514314
65327 945386 946817 304825 652595 691416 193456 244581 121451 609567
506740 80134 853652 528366 523316 432912 38890 769451 646112 453824
674985 708568 425222 347791 534307 643597 584934 922922 627275 334510
466425 510894 928193 295791 753765 929485 60813 474257 687861 927370
662727 606269 872719 956852 545956 580305 595788 558053 989127 936959
343460 106429 803053 322190 845980 525444 432103 584265 766401 238704
486332 947384 776928 152360 758113 270926 86597 988313 478835 139900
605906 96177 43608 852756 294544 933013 160372 396418 920744 24565
45227 141758 736395 694760 925289 320968 136424 937134 894674 385385
387782 974761 423869 123701 178506 768458 276130 441496 569156 842619
19649 565064 360346 301370 330213 501706 319893 206469 477211 35022
465150 786377 284758 861661 692548 945031 457412 159885 497423 657803
457312 998135 335783 262817 589944 237522 754997 703649 595792 352372
122458 97090 381927 704466 532973 117498 152633 443034 97352 411331
710660 658936 101234 343729 98121 873094 612434 600573 677250 202538
912255 55228 889555 978804 83057 872360 382801 580957 894459 371269
772832 386602 920 432913 361158 845191 748833 586082 135199 635679
699148 582905 883304 312918 424259 211056 791548 921215 927648 510899
113663 904173 848212 836345 300382 315702 145252 838182 621694 712271
443285 229875 225341 555877 973011 942473 203571 611811 199533 122736
677417 721265 654981 94940 660049 571460 133104 709728 483358 370489
390327 693541 388709 272882 16748 909683 822135 232795 729071 680594
196711 609215 80733 527601 3753 627349 122781 316069 623337 899245
646629 49511 885469 479077 569264 1674 695092 183931 920586 972833
605005 161455 683678 13200 462241 553777 880128 335649 272494 544598
973570 172444 142154 896988 559051 817622 864552 500220 674008 991809
239793 989058 982056 529525 879164 173640 418480 242039 757144 618206
893508 242102 605753 332081 622038 226026 350767 266990 49033 594226
635798 71534 760279 547686 408153 786458 256631 581293 692441 646526
481726 786379 583811 950272 8455 349496 436629 760843 536442 335309
901936 834779 80885 857044 764287 854449 856792 887572 524378 243617
534696 601285 206033 998249 299212 436329 268021 814874 984836 994671
537216 401230 295846 55594 734194 642902 605880 561044 864789 796233
520158 802810 838910 999515 668641 540826 947522 336859 167745 811094
116015 179744 82363 69315 172939 890799 722192 243891 959277 719278
835797 847410 221530 809870 413715 947920 396968 904305 124832 688374
206557 199282 409010 281944 187486 491111 88488 569591 72904 896128
560320 369357 902860 851039 42039 283318 383085 787581 523146 617051
917360 727272 985777 615811 180632 776104 156828 518812 34104 558272
169001 479668 586529 597657 131132 935943 253369 25084 980884 350541
761795 581418 843519 497952 861591 52865 102046 500630 210180 825948
298885 339752 339518 152503 791617 240529 1715 946070 900237 554711
864200 33301 781925 386234 589240 145193 336612 27154 710514 334445
404717 635783 113236 688436 143086 674775 446978 54719 485448 968897
430109 692797 503111 65946 822920 401479 943356 715068 175018 826252
525855 232824 243232 877873 682935 687488 281686 367923 826752 140958
449235 133516 573563 583111 813903 450298 162253 869009 523402 112255
562484 55816 650051 948618 260834 894392 668724 625664 342248 100040
323440 763904 494251 915327 507304 964493 181470 928461 484277 568886
382452 658456 82977 741263 290795 638050 436206 883323 332549 409543
748099 679538 165095 614035 267000 39966 230947 849518 740379 168304
543809 752001 427630 929233 336708 151575 674043 610409 714887 809846
33139 772796 798931 253570 186674 359287 657416 480760 547618 814623
590959 340030 643190 316922 573982 624323 671498 23741 936029 779469
176684 903408 327695 334742 225961 532817 784360 98301 402199 418337
449012 366329 888670 753891 654111 540745 158570 153171 653820 748187
203424 94328 635944 739208 667872 174547 956443 546019 566417 749199
715154 869329 143193 183351 790898 371714 415644 365291 795282 622860
457448 785162 518504 462314 95807 955972 544647 703204 352096 454419
578753 948587 684653 891118 785281 439417 152169 130150 786736 96658
872918 83801 316197 489921 764684 76120 791631 667256 838214 886576
891890 500651 552292 363975 682734 933334 715023 354040 858900 869641
532618 702494 534894 693450 335793 633642 279225 940619 190648 466299
319302 14837 163068 959816 20246 90689 740166 502395 251475 543153
689333 460175 370105 774744 619249 928835 6596 352500 838468 213608
180544 536967 185981 967394 720858 46773 46859 476872 216487 596088
775841 45614 778169 124124 154813 273712 74549 415808 415332 795301
339827 477920 372483 239384 749483 373430 771680 296392 73620 881318
346899 607836 996947 168785 432010 686115 990636 383726 233611 509048
501670 550333 524424 43599 966916 926855 768291 651541 264867 505991
205819 839506 652608 412185 395297 536249 445779 149363 305597 862054
189866 143928 232857 349252 936226 318070 494450 899739 661600 850278
612468 614121 295468 252470 907218 31807 312485 63060 524330 185242
779490 647943 503904 619975 316931 438652 730172 526918 714613 389739
355266 398632 981814 4507 4742 918248 487521 94825 504894 538875
581182 813607 535770 93378 303483 717390 503700 722605 319486 334135
447819 998185 999165 253505 491243 301266 686642 902747 271666 379437
494032 574837 820441 842762 957573 853537 529941 868944 870034 897049
528848 856335 843075 2906 45041 112773 302496 713130 88886 429263
407250 81063 382263 455264 471417 140600 105636 569566 11196 666481
886376 24052 148136 677636 525940 10427 954154 48873 312326 522020
435090 63540 337830 169154 300662 296939 12253 873006 166592 295013
272300 441028 4149 112311 736431 848557 741251 916592 844221 595924
823118 335213 862395 764979 465723 373347 886091 485312 491314 687306
25599 703183 704293 446813 715341 603957 161133 408667 38734 870694
475704 420500 67300 638810 902568 422200 600688 460940 174387 932456
211652 196689 271355 635967 817232 405098 383506 262331 377899 641912
764075 906324 970138 621966 378744 61052 47030 967993 560831 271654
167671 429561 286404 39569 584197 276055 370824 61643 322268 217083
468311 390308 628887 552377 606290 372160 691786 24898 140985 759342
361809 204947 802664 248972 851790 28221 454140 525283 39352 868077
556593 578415 566841 5854 729554 847113 142077 115760 759394 7981
647580 854350 181915 493929 690623 11005 376438 496803 426170 346532
286854 9249 6415 598750 715266 675359 137744 177278 969950 411501
468143 783500 219002 3687 502799 86260 927084 785367 434762 933197
953503 114873 811585 577288 740033 274642 320012 109945 170168 874354
402862 784218 774067 724018 799427 226517 366427 492031 317498 829775
791885 323355 52963 303417 155263 369626 176483 140295 562335 589944
380687 365106 591871 682352 523488 189914 410806 754420 172775 805649
312770 825678 892908 241028 894130 845471 826315 712910 62101 503016
819177 545713 650205 463100 661246 475647 499247 769985 904924 540877
152970 537279 26171 716688 822278 194690 598151 244235 20271 499487
522122 976989 157488 82570 592671 390363 54300 72873 773019 559703
206026 270978 476700 434106 540440 920980 444205 619034 744316 317031
241886 507188 446045 852443 537273 847179 136668 217597 594298 284093
330513 124836 817690 575468 991546 9731 331880 671936 734619 560817
230195 812533 788136 242255 951271 762205 308974 684851 365020 566553
569629 948237 297519 418633 54212 672139 428210 212845 626559 628145
374626 716518 340355 657830 180946 539933 603818 973103 646101 904991
696291 125674 349944 923563 444170 847095 670725 354726 215877 556651
143778 760060 347141 235677 609723 341711 391129 684339 633277 21274
712315 255367 734482 944152 753115 823481 227302 596257 339011 34052
600544 680210 776498 298709 391808 954278 772499 119302 632140 653581
887640 312574 68078 834895 396937 239475 57650 211132 766018 874715
132741 341896 743952 328438 869709 759960 621394 194516 372749 984610
355075 567882 218426 987225 432181 192681 284129 396143 484045 673293
131248 329511 941337 423179 693313 928105 504360 623148 819855 344259
90698 624791 459530 769958 383301 369103 442392 500860 735306 746935
503008 92644 849461 504475 995292 683510 283523 497605 116686 761322
541035 189467 495884 538341 702566 497605 669592 694400 974797 566398
24482 525930 62440 86744 762206 333833 284505 808042 2733 893421
867413 963604 143153 143061 728907 945011 562822 180314 958260 42891
423787 127512 133207 440878 739522 541280 941761 225135 28294 168288
359043 95996 151627 570943 295095 632405 509026 245829 156607 224788
992853 871449 229415 904802 37626 440216 503080 451680 52971 879476
452643 399065 434146 6512 810987 144097 502863 150013 662938 878278
767595 66294 994738 787043 536510 923906 226289 520052 85843 868060
704949 146002 638446 862161 976356 565090 312343 418271 853668 839411
29825 936054 688821 593289 466118 833943 382874 223411 207579 687270
519258 878128 744182 66505 831614 163660 416273 181622 693131 491028
845452 669194 17897 631270 982022 765843 342123 995014 285656 706833
216122 313898 147734 710918 627869 632992 327091 629019 444144 410361
734126 374041 721512 817782 102975 775136 953821 604213 437893 568752
688506 386713 597486 444429 958329 722062 557593 225405 922870 67687
206373 253683 562481 686232 925821 710690 311534 311488 105747 20305
669011 586023 142145 13727 6951 129712 359085 573637 2928 538772
864254 123701 639871 122018 218866 111235 152874 838912 588424 938699
147892 689324 352083 2558 333495 173395 615355 472510 21821 380684
442425 31178 74913 915623 974280 435826 527564 956731 745785 596855
350903 997743 789667 330474 208828 985279 999207 533002 462456 985059
574917 197406 937740 32433 525967 471434 750620 771210 384401 659167
889206 790312 889545 121322 191476 797187 341398 407463 70469 583193
332368 26646 576188 202728 560664 916152 454792 762430 11169 863165
1199 767209 723350 451469 873262 945533 42019 444801 947890 734102
197128 997443 252244 924103 798248 249941 847600 621043 223188 742128
119194 359717 372118 189920 32475 636298 403181 51000 287594 514974
673571 15157 559823 233862 174761 210575 876971 853537 14433 993267
596429 24299 297283 798584 638283 418046 292557 114351 839827 751756
396910 241026 934230 604161 6493 504027 879582 681333 348193 62720
790903 586272 124831 403982 36953 158781 287647 669160 977532 737360
475494 251838 220518 343932 708956 940028 553294 753051 52519 440369
564484 110533 311068 377917 724972 302563 200777 842694 447195 693829
931749 475638 25726 775828 337140 68707 557069 978740 792981 696362
490483 678754 774418 719332 125447 66252 367436 666415 643287 974761
935818 533086 737175 614214 435309 633826 775796 382922 700066 473677
446110 599313 916353 812994 752547 936136 759449 320759 148208 276254
425532 351347 700060 842529 660202 931995 921567 152438 386028 271246
38829 794246 421358 834097 736867 749461 716782 533613 872942 546914
767430 441074 545374 988781 723834 460074 967828 705834 445686 473623
124947 225853 570538 914163 660840 404147 812910 161879 529172 889444
939298 935610 855057 741343 230432 746179 710962 300892 241270 850523
452596 746352 362602 351628 429526 395156 8357 680946 27717 299220
534093 107375 552818 239452 701647 123350 709792 715377 838559 440243
4748 401490 248952 537785 103263 504115 35642 919442 490871 39595
556176 700253 530541 709711 13198 646276 342036 875962 539404 193368
346012 909039 236537 223214 378381 794832 38467 227654 358860 358424
500588 323196 70276 954864 643231 209942 342827 697885 822676 256607
780814 662648 910942 664490 461092 206059 555814 986646 424143 44364
142597 517005 97156 156409 354222 820146 106259 627660 250258 380070
450838 311273 535415 691931 927974 377586 530214 834793 778077 288989
6868 327002 545030 448698 254254 354260 20173 846770 295744 505801
47762 583582 367059 905631 466256 704866 987159 471560 177518 788713
826798 152636 929469 965307 251655 659717 167595 884054 843140 335364
346632 315153 916488 716800 394841 736972 384865 324304 959935 441162
868423 455291 182253 16333 740476 789906 30098 624624 151400 102692
214414 392592 342853 74754 96392 649512 239231 236912 697473 738357
892094 937703 485611 411699 181597 568177 108310 213311 200918 918063
268287 563495 74015 214955 665134 397664 376962 423375 462899 919629
42771 943289 751814 220883 149753 81137 183806 736124 504496 47754
782942 128563 994736 616563 832504 133255 580054 941513 192074 798842
235710 259878 236521 393706 626613 237843 23815 198832 67288 558482
64413 194755 743102 812183 387947 865654 64379 52128 660945 526544
845200 790608 989643 983139 258978 477709 126845 96955 523710 552339
411128 29609 786219 222433 752322 420646 650188 78859 326976 744853
743720 420170 87383 118572 394877 557101 235212 231487 465293 965655
218760 163197 813702 428199 880893 516768 24397 615091 904901 931724
993320 8459 457088 585177 328743 939823 414013 465432 912581 152953
773117 534233 92844 455164 818986 814917 55265 671822 848613 692823
229493 29574 87073 704190 43055 817274 570136 681479 677622 793795
694924 250466 994566 967348 259408 828290 536466 358981 214579 42084
870541 164812 456644 538956 424446 985252 46250 696309 935554 288277
658214 931324 702111 618018 963227 217083 137340 235900 927136 237680
817210 658338 973525 216411 488036 610670 715550 970635 776349 945574
384938 525848 487206 707930 77102 533410 231923 872467 514139 657375
736465 431751 435067 789599 192945 790489 330600 237627 156781 502588
68238 963163 528691 761510 467441 65137 129021 917107 153910 515797
899422 794622 101044 374458 648440 800671 445781 55382 247377 738971
605519 571741 38894 35806 768315 906271 893387 822181 583271 794825
954950 83222 928523 772928 803208 824112 406985 86883 325675 839761
148837 427257 307363 144432 397928 422913 372981 151531 268660 742021
49716 916663 431641 104454 28496 716186 207133 313726 41606 682179
65762 565634 179500 366996 514291 990127 48868 835610 974273 169044
175356 880678 570033 459411 101943 319223 8918 348649 988802 831761
383395 598125 623565 541646 764348 909369 222186 266829 843808 913814
149236 958768 557139 229876 903176 812464 64794 748442 812643 849295
446666 491097 760432 434569 524892 710464 425432 369245 708468 44797
147704 312932 364202 179073 663758 68794 307221 723408 670145 51654
13100 999668 117693 57586 137526 794264 864653 285485 854365 288396
328020 449357 116849 274337 773393 891718 764665 650549 60630 479441
136289 741080 828426 191619 536259 698135 386210 931914 344841 334157
346653 734073 510635 200732 104877 863243 461460 334584 899083 959310
199830 539393 227699 106919 13635 434337 961798 26078 639042 492887
460791 485600 245763 313822 704940 329369 864429 660419 622951 473610
876587 994662 286175 562397 764385 974773 422302 324128 491224 324747
479579 273186 96858 479111 917465 171582 268029 251134 626189 55166
127347 956139 581156 446077 473402 248614 599098 101693 233728 755419
184998 243181 74719 375703 16613 851357 5660 504416 233640 64651
237161 852748 910165 734867 147521 873253 835271 315663 750424 505616
273139 795067 382418 515697 270155 825107 122146 872048 396496 621183
805567 613570 848135 356625 296972 269650 295613 642736 577586 59741
12219 776842 421491 465047 466882 897043 418269 142465 62580 65260
951515 929087 935668 763175 220275 56683 412281 24780 823907 538862
45772 79521 370684 791244 929673 829106 386410 61220 481547 240382
561428 32872 375579 388225 27300 597831 664152 992592 655913 667830
410462 936976 900047 845192 70210 847821 126334 26597 631780 194734
942479 785748 590335 409085 878848 974287 441963 142274 195815 531765
402787 496474 553432 52548 315838 700038 65148 538710 944579 630304
180962 938350 854759 594612 276157 424228 476231 262426 125464 912539
35542 628933 839021 478030 837133 70931 157062 527196 15756 116261
411041 939637 522135 924049 842612 988139 876283 206524 713138 995089
903174 165744 39893 76722 724677 319334 86353 673227 254630 113560
634179 385795 913666 372214 620454 354185 7892 620511 126652 838273
669611 385838 922337 936831 180682 304067 366082 435607 506092 21235
837557 861716 592904 855010 933371 910811 89460 78161 695630 431678
487254 917233 166719 64399 21587 395981 309263 765383 805904 442613
646178 607307 835307 961888 806268 410850 898045 922105 467647 802765
744721 719260 514640 667707 368183 660731 38738 916049 82438 859268
230273 4570 37277 489136 4880 395875 489849 210351 695557 759565
593674 213557 499400 327926 747753 829045 599845 408280 775336 667644
111261 670974 281431 275578 335861 997356 536712 595570 792762 532752
879985 219531 522255 924299 548555 456912 557898 43437 320477 640915
280511 320078 460517 786993 362154 904168 911577 641573 438616 301168
16779 729280 815170 606694 192855 205334 847948 468574 295670 560823
104644 704297 399695 764803 922134 440002 872822 917003 800194 149188
973664 421118 810649 884593 75882 869651 671582 583842 403805 842914
910449 504727 753583 476818 252186 833123 539252 750917 921496 484124
356108 53963 215595 127378 639094 717510 512961 305634 415879 248536
880474 265580 334166 264214 25912 948063 765946 944437 17826 389091
783455 377064 74730 229409 858872 8986 216723 823528 367072 920422
691773 498793 593248 659531 198743 569682 200185 173592 291087 694539
50540 252698 580191 18971 913463 362449 772277 206111 147596 300769
820843 913604 617456 930900 437467 163896 760579 188588 505405 554717
963746 936747 569683 918905 98303 939111 777641 695748 582414 233604
222390 884239 646537 129839 982121 846886 580938 307564 709950 47853
484029 177529 895868 36563 401267 857036 203365 969224 741782 431989
545747 948618 132196 659205 588378 965697 789843 910208 528964 486320
977159 912925 37319 556497 580220 959516 59235 325061 298224 562298
702168 413674 330636 860613 190706 132548 754165 446877 622126 820340
468834 192203 437345 677869 175384 808608 906647 38696 736758 310272
293150 931915 252746 168408 444704 984970 781966 749416 689559 458047
92412 460555 74535 74625 27176 703607 159848 487282 578061 815531
610994 784980 923600 474313 934045 638798 189793 106828 52629 586293
846375 753624 449358 84978 162049 390395 575859 947354 329836 86161
251754 710058 640392 769469 635450 495986 764545 976165 567820 462813
260936 6709 20270 433683 677572 845363 17468 247542 249386 433139
635705 888562 625957 836788 134877 816246 820317 941707 418896 338012
487281 466932 963134 964716 542223 777354 585460 421907 830475 711924
33974 305492 740157 320581 534857 933141 450821 900508 915964 738042
282021 75682 83328 619823 251226 795017 142582 438253 155179 977617
498507 133577 318376 755699 430149 157442 19337 399098 762538 964716
795192 196487 3531 347188 856914 842888 660276 733307 666570 66539
838543 967812 96042 118049 211327 536791 163970 961863 408658 724204
583548 464687 880928 269787 630540 340578 704552 314709 385172 549217
194812 761843 631936 188570 331940 32422 688831 188328 690279 235279
320033 94024 206506 182370 512102 558972 371737 269497 987176 18265
746773 480069 682105 197733 318939 991028 816183 662111 551768 45839
528658 221043 308459 165204 535846 693344 410760 889154 734007 959798
754770 239346 612993 30138 773922 158778 832271 713240 489779 716549
769105 21917 485025 86317 939147 357371 807179 600762 330504 627833
902602 776652 359412 534588 498766 452788 917222 196583 227045 379889
1001 514144 814257 842300 966641 109938 614362 442984 567381 90503
366425 672215 226786 369623 271018 386033 706989 238790 635671 28799
479368 694384 704302 340373 72411 23182 556878 779582 230045 835286
871121 211998 2944 273276 961300 278761 898245 515152 656595 485471
877228 953752 557093 102370 795323 675366 594113 435957 27731 871950
543402 376874 447011 474929 155206 560080 499162 229312 51584 327393
43530 979669 399488 979016 56868 920625 796466 834656 385632 968601
68519 921888 650570 311116 487299 293152 993251 811979 539933 288101
996552 420322 563957 196297 114225 987796 545359 404292 815954 415160
6645 929032 594160 788547 235096 701966 258262 689403 491866 718908
490428 539249 724336 287071 742007 566741 940665 143660 981814 812545
283154 857380 957295 575861 653512 287990 359264 690439 341770 839871
600178 443107 20489 895812 917076 481326 591713 667063 998102 785937
563145 391216 752173 535785 272889 222249 745600 579819 8124 20345
844328 104162 649313 149720 346518 166385 488998 367358 116610 72538
524371 751429 952106 116567 621281 205068 222838 466648 365605 966918
224460 769619 279870 92780 176566 769725 784421 677760 295832 481204
977747 318846 48211 487276 331892 199792 399727 849188 928270 869234
303004 158252 206514 638445 154741 390117 73728 287859 654684 131943
771187 90564 831162 38481 79423 963939 33139 198170 504888 790909
272690 456519 30024 267730 735156 626644 780889 587914 334654 326761
3840 359552 574615 863323 381806 571126 596971 778759 861802 727376
945512 250506 948527 984914 221675 380413 40123 635812 15050 709317
90961 727830 398961 294408 209669 863659 710180 278285 585234 677728
979107 535488 434484 991709 177435 858859 904919 164648 910874 986913
685372 312285 872288 707386 485242 38036 189472 662007 187535 186886
586858 217040 817180 590558 786759 350388 717488 401557 89622 243763
672569 788008 559655 417269 268862 201382 544289 158068 775974 326102
389750 192936 142252 502673 131494 82237 713015 316952 217255 477354
952703 730199 362511 825546 439246 564628 546158 460008 231583 354525
132340 637563 349768 364867 437252 386181 281735 127411 97418 172076
713933 110593 737155 129772 100595 535471 896419 999628 865487 513767
380079 646410 795631 760211 396590 541939 162566 36243 936603 246907
51213 958829 711722 989797 937450 781494 117170 114674 809235 736234
992167 896560 844226 77699 61425 391704 430398 321754 943406 594017
762899 281516 888521 543227 121393 302747 723919 771806 956630 111641
902503 824339 552138 736075 679702 479280 76976 586083 555036 627197
163578 904672 280313 642284 250408 279513 80441 82198 525968 252980
148085 813246 881112 388942 962668 513984 10584 277244 550957 371681
28340 475860 217825 672634 699392 42631 454947 779058 454308 184317
987855 743198 87762 36552 466705 256244 599820 219327 693456 891622
660804 254215 291246 105459 671920 822354 268801 183328 44129 590722
231924 261577 437988 406508 445759 165749 377380 781562 157200 197831
879695 25221 218128 868538 905179 978220 498495 485509 413168 699534
420191 403644 22975 150266 325475 227048 321634 704179 534120 996344
172348 452387 620341 174875 52899 544641 275035 262101 344860 588566
922075 291832 859862 340281 353909 330158 20700 325790 192450 78277
142126 866076 90715 696682 117594 204133 513202 29342 42625 436065
744727 820250 736957 50317 975187 163640 700207 706468 366174 565637
232835 381807 239142 757651 386718 79941 482210 213021 252773 957687
758301 282376 268011 421799 591287 194508 593848 278533 91237 392907
178814 162312 238303 571289 801961 691733 727623 371794 596618 753610
408968 577860 751044 498568 510552 646431 513709 401556 807001 804527
469741 624770 829356 488223 612293 996233 333776 157191 250273 152644
181953 521630 691830 345114 612864 623611 204565 851507 809565 188258
557394 827776 830714 143921 346990 116280 401768 236456 881590 460351
937920 658542 170413 834322 692167 501723 992227 413071 60779 60134
194884 55001 398498 926757 134931 479061 768828 292169 267711 174504
652449 655184 840009 123356 935400 315278 942800 523837 133447 503167
677380 315193 412 737300 265142 698316 900412 997679 555915 131264
943588 866644 720457 109143 796047 690493 381237 81985 577126 564127
973656 226962 276909 764998 567494 255275 934621 702129 961970 270963
186843 623598 826197 389030 26621 43152 712091 910136 410827 50579
381278 118283 68244 231882 571694 792966 60756 845898 816423 831051
434407 153403 768119 413356 454780 798620 304056 816486 70219 293366
650734 84849 645020 104361 883651 742500 716058 637766 151380 751629
848499 671150 452799 313384 832967 757025 718543 972567 226950 904539
748663 714807 224787 942060 852736 467344 228286 449332 737744 53358
634987 45136 232193 643366 525111 948910 815961 892660 36537 681372
3138 897370 986610 20044 506560 942912 9939 985638 732067 817917
112807 766265 87896 865846 653369 329817 122819 230493 122554 655351
897089 870739 32809 651051 14016 39603 432728 844909 170896 755626
373414 450790 727502 66689 148338 758216 96660 199327 649647 3426
667769 538455 147254 906318 121447 856011 865438 312470 111162 45817
218639 343272 160221 4078 650554 325581 181200 961135 176040 35003
684792 640990 431008 406567 493823 364219 831857 803551 465617 702933
255933 321031 399076 803733 969337 224282 82729 770422 41001 745966
546728 737441 463458 421770 131480 215979 136390 632925 376858 289255
977350 950012 375816 755542 396186 730542 379426 683888 116099 914552
911556 264738 380521 489888 749152 796377 944937 410942 366620 793949
21815 505302 198661 773426 397759 274368 109047 897968 389321 220131
287496 371267 680558 352555 948954 259500 392128 440761 529821 605424
306066 269898 232429 171044 545479 497100 454691 343019 203437 556604
161967 672897 297946 781879 984970 682906 37125 789918 655661 308240
649195 893224 280248 759831 295139 577048 273632 159538 635107 547723
40209 456557 895937 316899 782105 758757 524651 257435 83421 338840
371385 647099 738073 565739 908250 279797 568189 460078 981527 341938
190969 373249 77467 244909 957292 758652 167943 324500 610485 512843
273386 834440 935072 463630 527647 455383 151885 95275 763585 191625
315418 739172 209355 245823 649537 972580 302270 625934 302818 95192
723007 9084 177309 717840 390147 811405 55342 419242 784411 644013
299363 290653 871544 141843 418844 146162 196439 453482 517639 852294
839049 538514 285293 962484 792433 138908 309608 337288 934866 708853
38383 527650 50203 53034 691700 471768 745773 756997 106283 556441
915630 727151 85273 84765 83831 9908 776934 215099 871388 882661
962354 775216 372908 963851 998901 338674 507427 974321 138986 21061
276444 959343 721959 112243 881621 736701 656101 806116 370018 682028
445770 892727 224264 398844 706929 627836 283734 980630 180062 688498
489966 931978 765385 786057 53199 606800 738160 696576 765944 600224
26614 948407 754256 208432 750784 121934 162536 771149 609017 591844
727759 719178 784527 213549 107252 131144 223025 600554 763752 19075
84880 509643 255463 287943 17758 468070 501603 498907 849690 620660
564272 255130 570025 651435 860855 327752 799433 561915 271165 242348
793619 783854 827651 215425 300032 694626 275664 144775 761480 973402
454105 848532 389372 673151 35467 894569 741287 163097 370882 864953
67321 698255 756679 742379 856388 871933 76028 659067 809082 167434
414692 525999 376024 215714 51138 853008 130779 84009 586447 546784
881638 654460 982006 780887 687394 95168 274499 893815 246960 92431
722552 561465 385020 586544 853877 290458 588513 267908 854813 497734
260343 173597 920372 262023 232391 405062 657819 12691 452788 745974
534479 633674 770539 209600 825981 809467 307239 870553 963172 86474
900290 822429 977914 886287 867881 822443 427003 309569 392882 51467
187213 72242 896477 428781 175199 617544 876364 354862 756144 290534
529401 24557 633139 47047 94348 632365 718556 336096 896846 81259
972271 891797 773298 828833 425841 346003 692716 590595 106960 36697
967200 385987 879686 157583 348107 999805 837182 254411 202339 308882
124873 608585 728864 103039 144973 330194 332744 824521 541823 524498
253094 238529 671990 744363 126954 872414 357968 348708 830124 580620
499240 540873 22074 546792 718436 150994 716551 948101 59457 59255
262275 265446 236538 602764 428709 967940 543989 793097 10245 33189
987237 179348 917657 649035 868515 43134 758115 339155 738531 933559
345595 434514 536454 772038 908152 476825 958418 807043 427690 867528
651172 767115 891917 405665 80606 484608 476243 864911 492664 243638
143822 159018 815675 528155 58795 643208 907996 633102 967255 660689
856011 637585 101931 437544 555774 461912 498147 479481 308859 391206
139850 510304 397481 397379 294685 783999 435033 370615 659852 238518
308525 13132 197383 604230 296274 893975 391011 581048 689853 591610
855384 261741 12343 329586 51064 334579 444801 72516 904943 915714
744446 365089 535290 616760 225590 326763 248960 666716 473925 386737
759027 302288 518657 619429 569543 131182 148805 390031 156533 90753
152218 272971 580434 547710 372855 762383 241010 232014 193200 316773
523052 730097 267958 120892 177295 375745 316969 428332 658412 210481
210279 795808 580858 89011 820223 550100 74240 166768 84979 849669
760839 690291 162447 101177 357658 621678 497860 974773 115360 351045
959763 556193 707187 455959 397315 927873 474957 384135 702600 500723
337878 198359 20662 646112 520766 835704 306306 312013 526141 264277
429736 182580 476175 221245 29831 879593 544202 774977 169003 234423
113749 476590 446882 489473 190915 753801 25015 233630 86932 955436
421918 437016 61703 645012 589129 969519 747504 900550 749956 402855
931908 92730 31753 363444 817527 61687 634469 928774 244290 10956
379262 808640 477978 602185 522421 164743 936937 460411 821371 419338
444199 117764 268299 421791 966654 607648 211046 848893 488479 967072
830552 382297 469912 79430 592173 66656 445905 380821 448282 836870
644476 43375 729302 965840 748053 922724 507331 435652 266330 169875
506357 830382 947060 840110 659872 78375 494599 93234 960526 226746
104211 397289 266341 124587 991083 509 395586 797024 593324 807452
670294 408594 479750 172854 677199 974711 370707 765611 500825 675123
293265 364397 694679 140407 347883 429317 495611 9544 909309 680947
982135 532585 785466 57993 413305 835362 239100 155772 556327 273342
964384 247000 407319 435571 702015 295414 495643 946731 919439 327127
839349 963088 691769 962331 741018 342911 206245 181797 926565 788903
726303 15307 455451 965879 282276 783170 288321 565944 561908 129048
677439 181996 393888 54824 205824 824181 202234 641192 853796 952680
262828 117380 649290 918039 439409 796908 881555 187564 567811 325754
145704 302365 295434 205804 286114 435561 497920 383617 12870 984058
959644 813726 576756 606445 79579 678941 319516 811288 918405 8341
76272 886086 618726 787640 766529 578497 609840 186024 232166 927880
548984 617311 368469 811332 634836 3403 812321 743099 212850 420052
59253 677180 219913 692894 777639 550097 748761 758831 159987 964895
513331 38749 146652 939529 161548 843429 205187 731297 191566 227532
446273 847504 215074 336575 973687 193752 982237 670522 287369 712064
938459 388870 807782 769208 656819 548407 54928 695492 31523 380425
289623 102024 728266 263383 444783 573802 6872 812798 594721 468708
216710 839860 54036 655808 723231 59565 938328 847918 725032 706711
82887 468777 396908 637648 204679 202509 909311 180986 45210 279170
807032 111002 547383 566705 31282 820383 49963 12251 228257 272567
434147 89071 282059 506155 709003 369371 306767 295765 678111 23860
9636 943078 89567 586457 502874 954273 660222 247229 894993 637681
521648 253328 465999 125176 808445 355669 695394 312945 782548 172111
487038 219905 843292 590180 105845 606193 563776 491561 42839 594286
986876 597997 634379 148772 802718 725077 8687 448807 346692 400038
762458 955406 286822 388203 809817 742996 616850 525710 97988 160153
285278 323211 604149 763541 705861 876298 660849 453509 902358 26976
251569 884145 3837 835142 338367 158640 916620 113291 678209 627804
451679 88402 260301 956266 744252 53192 339076 881974 898416 595489
16355 379082 821873 520998 259156 245179 168171 777792 385630 187635
286506 919184 702598 602452 330236 615868 16527 680664 922571 839761
47970 917841 263914 779415 64596 940140 610826 848855 927626 248227
305732 691488 855006 571112 270376 698919 697152 40162 816168 237765
192555 769537 736631 337183 293064 522312 557033 675089 696987 177679
180102 680886 460784 410406 996117 931877 822461 922282 460969 360068
183723 516042 998309 532950 757564 428022 832983 666251 925815 996357
265841 515598 87565 115593 395292 752041 904332 358759 982661 952101
46330 922720 122014 689085 930071 201455 347076 972208 90229 589515
537716 546584 754038 298960 10494 145319 465809 786867 592090 493890
655831 349471 111570 802900 424434 74633 317573 699080 368938 618969
640609 974544 88970 930368 841549 689309 633440 919936 826573 678577
20239 475055 11024 794335 157032 62814 202046 672061 82623 760285
309300 426309 556320 994547 157572 660501 221492 281873 689140 538610
313550 359696 518023 277327 359735 598292 742551 263869 330155 117801
373430 706765 59828 115322 611883 525861 480820 852649 218023 991664
488322 222685 457083 876177 854004 661870 523415 89300 670631 443315
159719 704745 603353 802565 77149 927883 130289 812410 326179 211817
775784 729128 709675 657279 918880 156310 345326 836606 960565 611033
508129 357215 873292 720337 802303 503558 135174 113815 984108 654260
442830 769340 255915 399253 591400 629711 568527 898787 157502 194434
720685 264437 129056 694645 93089 19274 346351 281663 298972 862061
114562 709888 318291 921728 383992 460019 307308 572654 742077 376918
380346 406252 292720 631755 901845 667055 628745 316185 353431 599652
487418 631261 974284 444338 781273 157705 647088 9834 326539 567157
927060 384105 136873 943210 675700 454439 430707 269132 664462 194871
261081 336645 193191 210105 77833 998794 210457 743769 952451 132709
120577 528327 8748 32359 276934 545112 37170 463126 142909 629124
944292 321085 849632 650206 169175 494175 650969 875667 702642 132125
82190 603978 480151 537406 176098 440846 78983 217741 426571 510495
16453 140354 466091 899558 334343 325558 669065 734512 800778 382461
226322 402979 6143 168000 784596 969094 844316 990873 813154 148120
688259 670278 913578 73760 945390 424971 692734 350840 463512 90922
412369 74034 145131 662217 307624 338985 343534 772118 918656 485178
234669 442887 272746 209445 686717 834464 916156 223572 658423 15590
364959 528631 798486 681921 810435 188928 107191 739188 572878 83973
87024 259395 849957 633712 141300 730699 946764 154413 25458 391778
233672 510020 429181 352671 164300 863172 115113 189713 477998 595661
805367 566216 7310 889049 596545 299089 644883 361148 954297 559777
512745 922537 255198 998965 203809 461705 97998 124256 411130 402998
725245 59184 793352 640278 252877 842947 490725 142831 200449 183625
450089 846565 289061 914894 349877 100791 725808 580461 882732 490083
355900 372901 698676 941124 897605 878861 330275 592001 910444 113841
538641 485925 862781 52492 427784 473196 969569 458087 251768 622427
236017 524598 919644 905773 310251 1587 243342 81068 408232 381905
790415 751428 780771 256701 946277 491965 381374 738273 599487 696965
364171 900140 948132 417534 956703 872753 795039 61495 659929 910411
597253 904154 926175 449978 591555 231122 231451 314311 368267 377976
338688 214000 638847 364678 358644 962725 669039 920442 377722 770383
599253 32504 110240 337774 830926 26464 337992 127238 571174 332404
407282 22142 712202 457230 639246 266665 856302 976170 444471 30755
172778 513055 118627 469372 374432 835054 447892 412468 460680 769194
788816 76323 687583 668948 288411 656692 115336 445350 680302 984428
919749 290931 275092 400437 966435 357445 415103 997359 612637 354172
965633 824749 47001 627480 190158 443502 909615 375252 903379 487809
160278 950671 862920 444916 52603 142716 444210 812742 696124 833730
788981 845518 670983 649254 177697 76779 774676 756814 885625 251448
56749 557440 969578 902508 740848 227123 130045 44434 431722 763608
577170 218010 880306 659954 900320 438786 491145 839135 208402 871824
225282 591416 372080 880442 155295 747452 437836 292822 764641 300431
71705 700692 330191 706761 630025 316560 600747 163587 264325 823987
996618 895963 723242 377790 144585 353652 138430 231671 916556 50342
19587 127771 785081 459913 54304 537230 463435 343284 172217 103680
33235 203944 937994 492727 211914 908932 533569 999780 767908 382455
35599 282323 443790 239708 651163 838763 830646 733784 743702 670791
866002 281918 216215 764498 81534 625162 39166 141186 236316 981004
599321 335623 748568 379494 471826 124121 284863 382886 973811 535545
937230 335405 132537 191145 476427 121677 865875 641085 443608 113369
583435 639384 408129 370569 555694 942666 574832 851738 984693 539363
761947 980342 928839 696747 642928 907059 921151 888305 892704 657764
857906 444034 761412 19084 401868 926672 225113 58567 155855 128126
373291 946449 417427 496855 239703 604915 878439 194158 403908 897705
141238 451651 557115 658070 766358 558590 623142 755259 383860 391196
206405 836823 244266 715572 574410 90460 144119 424335 243942 274213
995060 731372 901946 625925 868572 194629 890502 863538 810342 594399
138937 160449 490382 22015 960158 842866 76666 28348 124385 3731
867315 777566 887756 42527 723163 57670 850821 887595 128337 786265
857037 969319 563821 876477 595379 137394 884281 422282 626995 503608
723322 905174 703282 62970 506774 857994 161625 14950 297440 458990
289329 771906 957137 767846 391491 412222 89295 695006 243826 316884
700431 774806 406312 95689 896813 148696 207400 591685 784525 941305
142563 286572 496012 470710 626275 876775 128191 138373 282080 82055
410738 630122 556975 624055 324445 859966 768726 390161 597021 26367
549611 92111 35142 645746 762876 368188 701789 628848 803382 546112
885358 907034 509750 567809 426974 334197 556574 699182 270123 271331
600332 284258 811086 329717 85105 777153 807661 514460 390141 657560
337027 526110 136869 428267 859046 535060 291348 751611 327048 944656
338209 803123 627790 780846 598325 848147 35292 495607 368773 220661
352097 653426 251689 803631 292292 443877 183617 240286 886404 10708
60090 122311 352695 521497 285556 89132 361957 130137 481229 861387
38142 533228 689438 165094 578478 702532 562251 554080 610525 545143
246715 375720 924752 418442 544795 596507 679227 774211 326578 250062
290348 542194 378782 655290 936806 994339 929032 172401 512903 579449
936687 761927 643584 609291 42777 921568 266398 67794 305156 346797
409914 374553 462929 600847 231753 968648 711619 670809 26539 583288
555949 572686 402975 39686 557516 904411 672118 650636 980139 923396
71064 862498 812628 433968 857481 271378 947155 906584 592807 324798
15915 299124 374672 650377 423684 13407 28994 816501 218481 668447
462773 86818 577238 742770 651663 525935 957088 103856 242314 18563
342630 916624 14091 41996 405533 20135 2103 538061 154485 68074
143172 658249 72755 108286 524991 202990 529140 547169 925907 394460
11494 601537 643031 788099 983222 22513 943150 63471 955016 196618
220978 80081 219074 842060 632739 110520 720444 414836 818541 201193
841197 901030 159599 728052 969385 159003 860927 151732 472152 375978
275803 732162 506612 146354 185297 15576 478929 459985 162215 973702
855594 533048 332335 931646 363914 745598 40864 365063 489767 648479
373739 298297 495847 624015 232980 562574 459831 695360 904801 96331
947271 555155 334214 994245 944696 899567 740896 427565 600374 641608
290736 211186 481854 198596 116582 702991 849427 361240 458782 646828
917160 541932 992683 222697 988576 164843 381597 682811 542069 336803
672832 299182 379096 72801 31734 863672 665375 508365 763657 272897
791316 573583 561695 430811 81833 157900 180651 65269 986646 881173
274171 768361 759047 605693 153636 885478 49221 999727 267451 745313
6904 969768 763651 612250 764289 672318 822780 683359 359520 609214
15023 392364 248497 65883 304963 673682 407719 399041 717031 611318
433286 119908 276266 776800 580346 627826 862944 561032 368278 756363
644486 37766 681219 281494 104239 859539 505204 903712 771052 343764
957065 358079 350071 764396 569597 980857 549599 243359 231890 61636
404412 638971 827398 918221 327037 543565 29815 787275 398041 39766
987404 515011 560346 580668 554968 487690 750960 678844 852883 73817
637027 429359 172433 728680 683026 739234 119123 147819 747536 98892
57184 216670 628752 849601 943171 705432 95074 434518 54751 940351
602441 993868 825759 750485 851271 178509 713945 33731 39021 962067
268715 967018 570144 258694 163876 323939 20993 603719 6138 61541
691564 755391 402890 14288 668765 580294 766104 466714 456780 331183
468272 976944 380996 582092 879400 332019 893656 97930 884505 193048
798617 278044 946222 442065 400884 629370 642126 482369 958317 541911
76542 634389 774542 6331 802573 575558 327746 576889 51109 335016
725996 800031 235869 101717 946477 159438 580275 205189 133929 715040
840366 558124 886646 93108 446963 929600 122671 571965 825016 942515
525489 762457 430706 488966 937227 838023 372038 705854 622600 233546
527095 785126 235777 344339 988370 777522 356021 958386 408625 923497
188208 586631 818735 151356 389590 497654 198965 664404 19674 185398
260568 253817 621704 653346 321159 719261 149 671791 158924 595821
578667 476935 539150 990688 21982 758386 591515 746468 128293 212709
387942 225581 53833 972931 249643 86369 349092 664675 817390 111102
201111 550252 453250 716037 920242 766892 208366 612526 108620 574092
135650 945357 352548 750458 569467 566053 84742 478940 292589 319499
178850 421339 432551 138164 443598 505332 202666 526648 569103 111303
11738 244409 184729 91418 128222 491635 152890 811971 132010 328038
942884 438881 812518 497480 94341 674590 40181 560311 770579 460444
344512 871813 571006 554053 270275 498285 866503 304575 618727 612166
62523 733952 958603 890746 939703 357621 359868 508604 708127 33307
909585 14423 172426 396402 176194 750057 622160 538502 39605 288452
108622 920112 381114 56070 776161 940832 365712 456892 85322 763463
265463 911298 980501 855348 841124 637919 329569 608345 964426 526443
468821 531533 41940 290573 124114 850399 26839 265141 441750 485440
949896 102323 861647 887244 882837 323822 839127 820867 163248 975784
990445 873318 84970 581184 210798 653977 731274 220081 529819 758463
263790 569383 627483 545476 580172 224459 675900 764167 755896 995879
573874 109831 432843 529513 860308 354927 197223 14345 232614 824910
790254 613066 71730 145970 582248 63054 310606 523838 351155 342650
706914 454765 686283 579584 757557 842002 727284 998385 56756 196822
709120 639762 121962 942895 589459 514206 310771 787382 542702 898930
249828 621020 685075 961216 386309 352767 661295 660732 395972 221795
205205 615388 8185 588493 814538 733609 332932 5064 500424 896390
725479 582420 397798 317246 769166 388484 359529 81035 878269 753745
52816 789562 978366 478813 276624 299737 773771 564919 467779 134484
545044 258066 242495 210863 674505 182254 398568 836743 763934 294226
685926 648581 488183 716326 288295 692086 761017 175289 421248 666812
74998 113446 3944 613932 525156 667219 144389 641572 445999 838901
338414 924557 332343 984560 759518 393397 218612 642914 46549 368665
207344 492864 300729 773835 364819 330460 684828 549840 836734 908742
413557 887999 727479 167683 247756 420581 533177 879731 332267 578743
931131 690006 6998 287758 917295 191893 968488 106163 139428 79852
807220 845984 667131 385123 996096 123784 603932 12735 816499 244025
272350 954103 637169 885664 119387 847137 591906 861106 544307 602534
481803 751881 290006 242299 150507 275318 339356 690649 548097 893426
28788 191879 569073 478357 649059 660397 605500 869871 306473 613234
720748 864077 400099 699562 824188 511287 888741 878419 535003 624745
567549 597029 545228 270301 524996 739684 907975 179611 858478 52994
205625 118445 621002 309228 71869 855057 620768 164807 820600 758083
552412 152339 841021 646334 827460 369266 961022 327849 328998 565551
35588 93891 301568 238078 854924 364963 139163 1797 977435 898379
515800 142822 726565 255976 728433 966855 240004 684284 843238 336895
131307 88053 325426 742457 442760 969776 999513 33714 528370 928203
34114 458951 727096 67026 986824 437946 821907 490150 963515 525371
106923 481555 241644 650729 297483 489925 505440 139238 111384 359159
408910 282896 239456 7143 167280 793282 668942 500393 56345 542061
74975 245202 304842 765646 728480 263336 365950 761854 556239 442885
613812 676033 175003 945409 720214 610341 782562 995052 106971 469950
297043 556432 422531 104196 23785 833260 825928 182649 718998 756243
970714 748642 895255 372306 851583 184432 235721 28135 113122 880289
712770 585342 986248 157804 173781 254866 941887 322731 46888 953083
272714 983805 153333 321095 677726 282950 364149 828824 227251 667731
765617 449395 943039 175363 679645 242093 139436 79359 442876 225435
280546 995716 589465 462250 446357 582478 13097 165286 558666 115699
400026 83158 747077 600406 372498 948562 448708 215694 163501 708961
94443 856269 873371 874314 522193 779815 219327 314511 471038 959629
908562 8801 476303 677110 825165 55010 800678 962007 208281 182896
735562 731568 281798 532422 763362 885558 951536 396306 815641 373925
410085 553651 385106 621896 209033 139948 78889 552650 821530 375218
426167 502747 907972 90046 502345 739125 400279 555580 164265 470239
531228 955842 531219 425297 593079 693649 227683 857625 978627 951202
145446 658477 618229 518659 92513 611097 774353 796130 858769 443171
501392 453338 194585 739234 461906 390405 376114 287533 946042 775831
440468 820503 555963 413893 663078 477107 917818 522852 592198 422982
107121 335650 880627 831836 376949 29628 134061 962917 243181 67953
610236 453923 571539 679835 434365 146400 833261 407988 358129 898916
132567 166666 986802 697073 412864 439543 863517 853630 963956 514690
707983 337060 450501 539806 940393 443331 804987 359894 992252 633725
75144 34745 905636 803672 14714 81666 431655 726951 632775 605498
259704 844005 641308 766360 759061 815271 207650 213785 878567 396422
615427 65709 82206 602054 590834 789273 327799 558841 261631 502754
901467 72381 211060 34807 26418 190683 530403 689108 727626 372947
119495 112546 357059 504736 119044 275104 955153 688050 189197 798544
806911 821873 912714 294935 185137 228230 888727 916923 427484 72395
899981 168396 478114 595698 633734 615176 24091 455880 125422 575598
184087 956380 940131 69264 284669 956140 792284 895671 258200 843422
343455 82854 910134 435198 413433 984372 492930 732207 777478 470466
479717 856334 190871 596673 70954 786150 36801 138543 923589 793781
809203 335418 561308 738089 809675 595512 92926 227376 647093 796114
359215 148610 141470 507009 197286 235143 346711 581785 415973 148724
389354 38865 934419 367163 247291 120452 845007 804668 213202 346547
305673 215432 448939 440064 674526 152017 765382 89443 939038 655446
712064 748701 257437 79764 802743 724381 264354 914283 713 325967
828838 952818 667777 990305 341590 708345 407920 182961 588829 416411
924985 71667 813969 487188 230618 298109 424351 531375 631667 288700
754922 450932 473470 433606 759085 939851 564479 50936 329810 512583
157019 749404 833505 101399 99021 412392 692096 172266 403587 620673
409412 654455 108503 746481 954437 67905 347164 269621 614031 174806
983549 590404 75886 259292 865702 335819 351383 21880 504709 383190
41739 472176 102193 205494 463221 149932 132172 458910 358028 621801
52424 25027 408619 695511 866245 408693 256923 186344 152257 244245
759806 551980 370934 987956 703002 560210 962366 561855 702115 767550
750833 265390 345684 274053 774622 887068 408900 701981 274265 980878
239371 264048 248882 326796 800690 953373 507775 777350 95982 847964
624218 224493 834728 366212 958206 672172 624669 584823 799545 332660
384414 145393 596204 575646 613599 791609 944514 958566 482374 517863
383427 864437 23299 355024 845146 119749 957922 685646 444626 945732
697621 507334 300302 591379 194847 107080 440106 44687 864336 148335
180252 186237 100026 760321 922178 743629 594843 357909 469697 505083
952020 397937 515408 90734 713039 773911 253906 813897 447783 959261
557070 362088 631453 707162 230619 498888 307068 793736 946685 243648
802119 951223 472314 339504 519988 486694 667194 526180 288088 669128
705672 501097 195948 810974 425524 600184 391039 448391 770041 481285
520802 165182 480729 764536 449772 967037 375972 346456 774680 954075
390386 652287 430838 380955 385843 979570 552123 995407 705207 263716
251138 142178 919686 910106 478299 34171 362914 558218 200221 438985
421997 779760 622879 12365 313305 355058 492621 946605 871524 167569
235701 581724 363114 659986 955214 793125 172731 104714 228633 226327
53758 464431 276834 320320 961240 34883 846694 336800 802013 78072
106431 817327 530910 777511 390592 506797 823416 18273 136474 915648
658954 892596 300563 331869 388081 722379 850868 253275 637653 613263
964564 464453 540485 762423 56517 210329 80478 974940 30066 667441
66712 261773 457379 948245 703709 353494 457957 315869 212768 803410
171868 733016 694832 501834 452454 960226 65271 786633 640969 366847
304099 44692 985525 195000 202991 920208 132972 656398 720387 629626
978396 55064 299625 43085 938511 653258 942413 722882 440458 355407
878234 932680 664960 482829 728787 263214 343947 468628 199514 217387
712106 636262 819026 287689 185998 240859 402945 413064 835523 54463
397305 553734 986574 785902 132087 119627 832760 298567 87810 383495
752216 212983 679158 781612 35057 562422 24114 428543 875433 45929
29691 682479 353726 474739 269335 110191 204363 285979 910146 610632
386579 53056 748597 588512 545720 25270 928533 998736 791177 45264
99368 78861 396612 354616 240682 722321 380663 858145 289539 263234
428846 524645 977842 508493 580447 506003 893395 750161 680325 73624
383891 899068 548775 637227 123900 617861 819798 198725 349315 472776
570134 634115 250650 328107 635391 82814 634614 82569 977535 267487
609591 764949 604051 868874 491865 230667 673541 624815 80271 910486
270589 714447 916550 278497 654703 754865 54585 795924 842818 179378
943801 555932 89250 633764 118624 569917 831045 183084 840812 744088
336488 751292 473502 549509 567223 342256 63065 630373 766097 810043
904577 13603 279380 666269 937052 191602 237709 646243 535398 569708
759584 465565 877258 568559 900941 136486 553375 85155 764848 728714
908000 724719 496624 850240 675609 502933 987371 814742 543998 254293
565754 435775 616076 487216 125794 320313 728715 70683 258468 660528
439758 748715 474202 506291 148878 672545 274287 992461 616621 958114
530118 844842 70643 896088 212874 241980 749846 934789 801780 104796
174789 989046 846575 987542 923477 659725 938139 667096 704636 179459
919176 122565 678370 376991 791839 908534 814964 928587 282225 914969
484282 349817 345993 768537 577705 562575 669371 718261 6772 603381
764795 389304 127111 872543 706843 303930 828566 421051 46254 62898
847222 483459 663854 957630 810005 429184 522281 289375 583349 747952
604196 733919 626322 355352 34398 138277 220680 333266 489060 766795
984919 445104 484491 798226 327320 56126 121037 878068 143272 253381
553099 390779 762902 551836 97651 253325 416034 384570 863444 772812
879733 820615 392948 386908 956206 766669 644115 511053 371247 819056
947716 923586 269700 4491 517990 733803 119136 625848 272695 179769
273361 114935 407455 496600 379340 896169 736156 327996 727509 261592
681804 643206 162082 53288 13225 880833 788091 171101 191501 295287
767419 903089 837696 774319 585885 952534 415549 375293 950277 742822
232801 894711 359010 706451 814355 738762 191566 768445 783632 228552
944350 977942 912003 555181 803771 887143 13465 30791 380263 281149
22562 654094 506706 931394 428025 408237 862662 307661 52128 639462
166907 25103 655283 788824 744844 998027 243831 198726 312471 471308
50155 391071 305463 630815 158191 227908 985719 451675 123434 212878
396811 643011 537574 953341 438982 556996 82578 124523 195487 478690
144660 263312 745331 352258 989069 75297 709199 890968 80405 114752
244219 906544 902451 782803 352233 287854 38925 139390 218831 934836
879238 345673 256419 338933 595975 92270 597470 218382 951667 272028
884757 44701 160790 884825 758181 686738 234994 996065 117390 722229
777029 488858 513920 177094 337260 289069 854491 942935 670310 427368
165392 902859 65858 585985 233879 580980 394080 332870 987726 713006
435028 917548 491324 852647 398698 770529 52108 299377 780810 49705
356802 720206 260182 119592 841901 941492 11197 88813 77685 705981
603087 105438 805012 791920 298031 205116 116628 34279 19769 846752
894952 690024 82285 694569 428040 218717 272397 1985 785971 275617
544095 44192 588564 388461 408598 958157 153850 347452 877334 225632
689727 87589 620167 458913 43741 978873 92306 150460 876688 379843
450543 789392 643884 546799 317230 497208 172876 755786 972722 450322
602959 8763 386194 379920 144451 119900 652795 534964 720885 302914
810019 524348 339595 609622 320671 949342 550029 744431 23160 280231
401957 917018 886671 371603 701719 254285 372274 821878 949404 220836
571896 591940 394981 110241 322395 76777 957861 337555 678524 527808
878720 314702 368559 466988 433892 664049 335608 837388 467482 766316
48816 638448 906563 48479 730266 926178 432016 649366 88248 233513
646944 701448 615156 458990 766311 66516 334859 643628 951955 340574
466696 891704 222134 211549 192791 24556 913357 497462 240749 399254
276661 626072 106581 543504 537389 976911 817687 389466 734671 476654
443298 278062 150844 172255 241995 975464 176147 277785 342613 996052
132099 763228 591733 194900 762828 266788 286779 365951 604726 25669
970175 708749 126476 14153 83260 645699 904522 191816 15364 20521
465396 146682 521270 623084 116020 579513 715146 436483 771322 172931
753995 49265 534034 218254 216625 797234 7991 270162 640450 858340
96930 297810 11156 334952 837504 325886 472691 729527 647149 7227
928654 381370 55292 681923 764681 493580 20521 433825 995335 425177
614280 971585 804795 182573 141680 12896 983352 798549 489965 849885
322843 956920 943620 321396 803492 333291 556711 503222 96240 244173
361019 409971 849855 376937 429513 538571 839657 594825 721715 248478
325631 135599 208603 255689 268373 209052 305978 323717 922419 687999
958067 722236 499047 880899 848755 674216 628883 127619 634194 344717
440137 255706 578866 895448 610338 236460 496629 6059 649001 288721
309414 725478 373064 533199 9753 444565 711872 455128 643572 86054
100952 638802 454718 107296 248150 51356 488824 433294 532487 921771
494032 209213 248315 950798 373526 252814 295767 171539 525013 53209
733877 985185 575911 890481 427474 66536 228507 146024 140655 860887
318444 807871 924320 486758 23944 786926 862696 128736 50955 502817
814074 487599 521953 323553 154928 503934 207600 152224 438931 526537
475960 817479 745226 927193 167876 744401 470258 355125 637035 505453
866080 50174 430502 689137 831928 806138 566345 782337 260287 740330
314409 483126 132978 243847 454179 623817 141886 47100 884964 8876
574617 170877 658338 281499 26152 233619 774416 597845 809062 10601
919943 308243 731053 80086 662917 351495 335075 712915 662889 447920
391055 279580 413530 350211 812928 943432 675718 347825 129947 490092
460639 749995 100088 595542 447333 99023 69480 933998 415338 513674
765929 360746 539300 634014 23784 230708 989991 316235 379799 687548
949206 30536 196202 184048 942701 512409 783242 807252 969972 726386
655114 492498 556845 874480 619553 364462 134959 984513 726167 65911
184506 719534 504716 53913 871634 590669 946120 950358 341129 856586
84911 516536 559138 970970 419172 772176 169849 75602 954489 433429
288565 299545 744604 716716 429262 71124 163004 855190 258613 841611
869103 185204 733927 556050 687825 978790 348085 705596 764512 373031
343655 486860 540423 550729 696681 11832 371058 578780 892474 200168
333428 160173 237236 886082 541246 946803 373783 865001 432537 326540
932909 587513 324705 275508 697086 284052 284276 895854 311196 77850
989859 614461 114707 692858 408346 620463 65598 813106 107627 407869
143 720920 952181 57346 908509 719859 973206 173059 349892 57228
638388 312423 705934 129437 793106 683736 425816 268650 382463 407868
45762 383564 595319 304267 480147 211272 290004 387446 954812 371897
996010 86339 377042 721083 680026 485993 468071 695273 246784 588771
901277 406225 514551 629868 123915 32016 398633 875732 462002 862612
668844 483262 40938 658858 493384 750310 678340 799007 114384 935458
849734 583086 552396 538456 106267 637554 895307 154364 261772 965984
660318 483463 86449 867561 94541 266712 476499 355006 806291 21759
469363 694140 78672 492956 891243 597647 311586 516183 694628 158405
25446 444653 658018 158624 247875 41694 802469 751282 751061 837339
917044 922340 153713 507643 733462 507714 461467 395096 165629 668055
599045 203245 198998 841654 317607 216491 887922 156138 576352 953721
169951 443147 954087 69221 335705 982397 840813 299891 380110 247642
73858 550652 526360 849740 845784 124548 268199 181874 481973 621035
747679 934382 44521 419592 821428 383943 63034 276044 413812 577321
834297 607081 625769 200167 519257 399640 201395 723518 926688 960436
380315 241324 602455 954094 160354 368148 417498 862940 959429 320433
798209 579464 138055 746970 380758 672558 282506 771105 931878 712202
770064 606818 632558 33745 40691 667419 987384 198693 213621 747441
357809 250830 13339 477170 815946 720180 56561 187235 794021 972527
82676 379959 414442 668925 556195 764386 763361 858631 707093 125821
750775 98958 301740 536165 18846 724970 412122 168694 577306 960173
623752 493359 239857 756980 624508 511151 875150 461348 790285 955683
694083 11810 753057 635808 28228 52622 390144 197574 631331 739767
481066 774344 459640 458354 77262 25942 141944 210671 532542 593894
57575 66219 376563 798966 351451 178538 291718 954519 192889 939176
293892 896981 301856 524895 973924 910181 636339 89741 689241 146226
650390 986986 796282 457230 188243 435529 357124 1323 571575 959697
77065 20551 152017 259142 963101 189258 441280 289044 597389 68332
310264 960079 109312 444837 329606 459249 821334 667555 651222 407008
637658 103947 777158 76341 576509 800420 222689 145476 585517 311348
738931 692108 393498 48242 113967 31301 877794 844315 634424 715836
976774 600296 970298 899927 896961 613920 495152 20046 333053 911297
49209 976167 506407 962825 882346 499856 804928 308596 230939 575411
896766 664551 413606 402919 737271 610749 31778 208919 257396 517481
300090 293998 247756 954614 212632 502399 380141 187234 628734 64535
242046 59986 353261 862002 897548 962287 780747 780711 343269 307024
374809 852353 854496 233853 774468 773453 39420 380927 84406 666261
853722 860698 637236 280322 458531 197100 270038 681818 18269 552087
287764 965712 264665 43436 243910 8944 489904 8379 107108 186580
86431 611288 444306 761223 506473 470563 514863 818560 136395 967207
609712 733251 329318 951048 28555 428836 664878 822626 631277 424982
444574 505235 930301 393691 550707 101202 52444 47919 794322 183236
547143 330423 313979 637227 698080 942731 561009 478312 88152 676475
704404 132145 657797 725226 363236 509615 304430 211150 346915 919054
892444 241891 436323 535132 597300 477274 148724 812186 617990 676022
260658 985714 819377 112765 81839 578661 85313 89572 120595 30497
579393 28756 152683 947564 917104 820764 167720 875308 207556 983305
588870 187191 500547 539732 75912 638378 60961 756088 522602 225524
539057 177018 753500 140389 29043 982579 290061 939033 801062 235942
928952 567385 448282 62738 111066 192644 504806 21077 428848 871103
339662 757941 717500 59693 441965 70108 251432 807544 633624 735603
465779 569627 283050 94364 825566 208695 711093 277402 258151 106668
302991 695048 491883 59186 526278 679200 884898 7350 620879 290426
924441 74033 236539 628060 209184 227580 436467 74323 772184 423336
389455 193398 850967 554938 465039 905823 447913 733313 462258 199848
222033 618639 455618 337454 520933 171162 679753 659371 551865 603181
486322 276792 234895 97327 544469 83802 231986 382453 980791 888011
280444 204693 962775 633206 475877 901855 150137 125412 454971 493029
980595 721262 543545 813267 533347 455481 210123 295742 161399 862178
658143 300488 980380 144781 876280 269927 179636 165561 740319 446894
281739 392032 257661 612162 335186 159140 69799 936919 121318 684764
896599 159254 667128 877627 428211 122762 921191 47976 444401 25326
73777 164178 727059 132603 446192 129698 906485 415701 455393 836933
230034 239205 105944 321618 36645 724166 750042 552828 200271 584777
491520 632658 195161 123307 445970 16246 860793 512996 34920 326567
459372 488060 84033 619286 964434 642066 795933 167784 349985 895710
775771 635775 334265 841283 438626 251721 455496 734492 636235 822354
184449 743549 47741 577249 783742 971467 158816 406135 92686 715077
885379 818765 47368 478495 77373 659378 754352 134880 106221 454248
675039 871232 658526 672889 172393 239480 493628 759616 404962 303947
628108 938219 831209 176485 287099 448754 57692 699493 131480 915851
700868 326389 991766 825893 408731 108173 103272 804273 6764 155718
303397 448422 599896 245516 54667 151687 183675 423082 369384 167845
220992 280761 52927 549063 848583 1907 899874 285506 422663 913078
235400 201751 841408 298293 557962 713216 103138 701745 815684 325834
515757 193256 20103 735981 870373 324499 944187 81398 496720 613153
996986 222032 760574 526743 519706 918199 414499 114035 969574 533559
340313 152417 245948 402263 854702 141797 124377 502434 787059 761580
987562 689912 742694 458662 731060 642481 453893 545268 256047 82495
278110 43446 52065 691407 626066 911923 244023 830574 84645 43723
652453 300104 630536 624036 610696 81345 10959 759993 957153 808481
229471 22052 272924 587506 641682 126643 448725 458246 7187 873824
155790 275507 671254 1740 625736 362316 247119 254063 134878 590620
580019 389794 672324 88539 119738 555201 793514 9692 698522 620608
97164 621505 952941 260439 29035 579167 879117 801967 23641 126172
838636 872224 794026 69459 89847 468111 114434 546714 181304 521184
150082 629674 904504 965881 603888 702246 395729 515882 500776 982842
338385 195071 106801 529495 134006 79412 812916 51517 210322 989558
523195 998066 595630 266735 237636 787279 307933 421957 964093 878724
397840 226531 86140 615031 834707 417692 809109 327734 371943 312488
526436 803155 566458 172752 294408 357830 545520 575966 580453 859555
656935 13623 670514 684304 255180 93222 626104 696870 210151 393225
891742 349985 713025 892735 688507 960860 487423 256116 811733 381789
266658 200013 510115 968956 901264 74683 620496 956820 638842 471325
287977 127971 304246 244930 895602 879743 174510 886733 731127 178742
477668 62418 672847 644839 766602 637627 638028 896169 966877 856916
309484 988354 561119 542826 407130 614459 291004 371604 838465 480430
534621 903567 919630 409221 855919 730717 785879 637620 662245 875139
421420 958129 130942 198209 857194 368907 913670 707028 242657 200964
34380 61561 860048 482906 394319 532510 860396 330762 315408 287111
997935 819221 82384 80825 811845 464590 962757 455863 954493 368002
792505 894812 250497 417505 553346 314668 633062 763182 984657 28803
957499 765831 416545 997735 122640 68048 596623 259160 668881 558567
118301 412557 479408 335373 350017 453311 71577 259870 754124 198636
645978 213101 156513 779940 221011 989928 354788 764310 868010 698493
481415 373889 331930 198531 657650 606034 903138 196311 547936 857043
907131 426293 491602 83857 781067 135330 28106 741448 358837 873683
737116 716058 325916 969008 337947 113774 525002 418921 301769 622903
129853 726468 474112 250409 164339 344176 938371 222807 258927 523050
638042 332661 210631 48419 315467 497314 654442 545245 360533 314651
539133 205354 202334 288307 552176 442369 482858 133225 942059 464206
443444 291376 673098 687049 771351 549538 755671 633762 199752 667912
213670 991924 286593 618629 572039 572435 380192 872481 384404 352086
698709 437912 309951 862628 53772 141688 205727 79587 281662 475256
246392 993576 235162 590632 508628 947192 241520 805600 390565 683181
528525 324525 42113 151490 316091 697120 138944 801950 272254 342048
438900 523950 498270 203916 892695 822434 267554 527713 18649 817156
275568 667635 152167 623598 311353 522067 787951 127804 588778 773298
195951 374992 675846 73083 157115 676339 118852 410915 623119 549213
495000 131976 490909 618592 43020 136888 615489 376216 559201 659084
116506 27172 359664 238137 13621 708489 128434 241841 687362 452163
685408 529429 197291 839097 381718 577196 108348 10376 908590 815470
92651 723365 108412 998151 443285 396676 988932 950310 480415 77752
315589 206623 195618 889709 216933 659677 926995 593920 945409 887732
414755 372095 52731 413948 523923 724118 688043 435596 717723 691977
254645 861381 572044 624453 812318 878295 853329 658677 562793 40091
81263 642496 564884 478783 172876 321495 108289 836478 957809 509324
783506 599140 101154 868799 502255 717602 760006 381123 925169 845150
490086 579867 45509 214826 477423 931682 317743 974800 129708 235058
918510 971845 3526 241371 270460 124998 534304 808155 227397 981812
816251 771301 785686 479347 817153 584373 569335 604705 482652 980498
132668 590800 994260 169648 527008 685943 12661 532202 517303 305095
799695 184144 22726 491748 621157 452943 795419 885909 15556 975255
56942 442739 523287 237506 119091 436458 909307 741390 151564 766572
337419 831386 768970 679863 979046 805086 328777 9207 953957 101613
809227 557079 976365 211536 555242 664217 591716 914606 336999 260795
324035 468812 619524 273372 464019 167438 667512 76722 686018 357936
123064 936091 522295 587051 90468 556585 57394 835312 742636 552264
14869 209957 706756 485006 866480 682612 116309 108293 336709 63930
188633 801155 383201 318950 286573 328190 480468 32558 250619 534190
203725 103904 411908 779963 519642 716522 231162 885469 250083 442474
353392 268019 815243 61236 891614 728843 125694 972799 77645 771939
758807 607028 744874 217878 307068 464369 54696 508434 443633 613568
23363 560511 15126 614909 263180 174147 969608 597850 846790 660645
652204 38161 838602 684184 585786 563018 330002 402636 974639 84693
930013 146545 962162 696749 616108 817463 66464 51802 777706 802005
259551 307332 666559 414348 293532 355107 349700 458622 317110 167034
957155 54977 147781 698461 720053 944245 366730 786374 66696 814415
936375 326652 748913 11445 459726 711157 153661 947012 145218 682314
232566 914473 688314 178948 149978 334264 403708 539014 947185 540659
355153 726891 249525 29364 735769 500132 892730 528060 839958 657593
586204 440113 105043 227438 466929 917000 190086 703495 970292 866262
664012 907574 163536 752424 945594 432688 237684 967145 559453 121372
215726 838631 380565 823366 656926 841136 184160 431255 761538 811440
125790 743922 329419 541971 544389 660362 949937 82940 108939 188601
302343 716256 34681 87389 809939 16495 328402 211499 486457 895390
12567 52794 332612 116583 207938 617566 22041 86817 822677 635738
744591 856749 201368 57655 84129 907733 168336 471760 586127 394692
957161 885098 650292 545973 549866 907653 458590 780539 594733 204126
776178 576598 869839 358638 516491 417509 178064 437008 829195 936418
409942 438864 339970 24297 243762 363336 234569 513007 992928 943664
575832 664528 299028 633303 421171 603701 762758 422474 457177 663816
979344 146791 684008 904385 164770 241181 208730 188100 970466 8772
89967 441617 672036 703598 378026 657019 826922 472145 388207 252840
670295 159697 140181 357955 766670 98325 513697 153624 172509 69706
428853 749978 110356 586505 413642 606290 928610 794302 323134 421200
79078 494305 610233 568597 881404 102012 531779 646564 39201 264231
437097 699305 422942 494061 9552 214469 778994 328226 683324 254039
330730 649545 550776 71649 374927 274601 450967 542235 221229 285990
415513 286371 861191 492049 612831 613863 52986 438778 914791 562174
482354 341436 957786 144225 525805 173962 955610 970202 566209 735944
210874 953126 111099 994745 780365 162115 316723 888272 477935 110798
383545 261887 10464 334545 420691 485860 616018 702436 470229 744484
969767 135579 23382 279952 247428 876670 205650 353993 282475 863590
296514 894669 827618 712285 797270 694882 352725 87557 613570 151529
527725 376686 162740 468786 435509 519996 644349 608478 792235 159717
373972 902071 364269 992055 494136 21582 675822 961855 300781 890314
154302 39401 479123 623089 21712 355624 803760 695761 455228 426865
344006 532453 374528 857006 233201 707472 685970 627580 925535 958209
62116 16026 379293 102399 380370 355812 987420 317107 608053 835229
26056 947288 926690 870373 545853 335773 319376 213383 541869 423449
894042 621429 341678 188654 391715 202411 783733 47460 836668 374431
175833 771419 924206 564333 820593 762210 900430 87472 905407 843801
615828 132441 405984 632466 166128 573295 668855 177534 564473 913010
775394 454683 19269 149345 42988 5519 392740 20770 750775 111455
545447 57628 338114 503347 51442 813118 416316 66221 722716 936429
901760 941605 367704 646960 572508 527776 2910 705501 694024 919523
313883 471014 407792 85988 235220 686352 908258 643142 85534 982206
598492 439705 870206 269797 111038 416424 189688 748228 910795 989585
668294 31610 542223 897603 342464 662103 765239 301417 415076 295380
523583 454425 120880 873219 628263 854708 323004 928014 984261 98973
644636 179472 561481 181056 520303 430567 364718 577782 930848 957079
874581 625999 116702 214438 960049 540296 101090 456242 903818 901259
820893 285802 271772 953478 502874 732480 384348 391245 379156 803866
422120 457934 313022 554196 14282 692661 806404 395290 871563 568312
322415 942312 787673 154796 541087 759632 124900 908469 364105 434141
848950 435500 376239 402140 347824 155515 293171 347579 224404 339643
44535 460722 860608 339249 773417 478545 754605 169322 351766 47549
731464 349254 868346 147897 953978 465450 821721 181553 406628 665088
52599 574086 671077 367932 757213 643571 586103 530496 968579 438717
426916 12350 978538 677974 109518 938870 144551 994379 322687 986239
174851 247354 399027 398188 119050 820056 827441 55597 477051 824102
772014 869147 384430 78294 614376 643619 212843 388895 95606 434434
899348 224801 475341 652968 41064 735265 250048 72147 485273 394751
174393 355415 567308 489639 819294 591001 644746 311146 62908 388008
608958 703690 595747 831807 531288 955337 752467 228974 914972 381421
910723 629139 44826 781116 526701 448153 714150 560006 277490 157398
768412 438624 229784 844847 468474 966945 611533 980801 52063 121608
435463 654204 125361 551948 528915 309726 270985 434947 178383 147421
967982 751829 859131 853611 252033 938125 75427 413978 174938 436260
510705 947389 661652 246020 250509 950856 354053 915368 19856 567047
896438 575636 683494 839548 36946 750455 283459 592710 268824 431460
555968 308443 132755 948554 668736 714796 622460 731580 674717 265844
690033 72095 197096 779724 64379 769772 21285 665581 223139 174944
991225 503943 697803 976761 955831 729450 703863 504675 361822 784856
272932 723083 100693 307121 884438 986360 661450 772766 388752 239069
887138 854368 960614 878215 887800 328731 544419 449949 500071 136183
243950 201113 130 91058 27379 688434 181578 904549 874065 138763
840746 377597 624516 911724 677079 358639 845281 426739 365304 290067
498379 100374 83477 269620 71090 524697 959875 950284 153805 477392
17995 557702 2250 476503 314022 340545 541355 669980 96897 711799
397220 827649 290867 204695 437640 430847 322149 183748 209392 565203
383116 573023 102467 922430 912198 267352 68033 234700 745732 427229
57026 446696 628494 213380 974706 872088 191758 932090 666701 245300
733556 982528 729775 285990 273728 921117 303555 488239 365449 564435
482311 4259 701680 192100 256219 807752 970751 913886 679016 580136
939719 225766 51916 613732 292530 670815 604629 964731 199428 471770
14727 477536 223119 936362 872295 448245 113546 565818 931927 583104
785785 904668 500614 952437 842618 169539 441639 165611 606368 17338
393064 614195 64150 494829 229903 718860 498718 481026 796252 871302
699276 279452 311561 158930 227030 645674 566261 147627 415141 435478
539558 428105 472923 444199 606248 635418 437796 421535 875279 754873
410644 640626 848415 630540 641067 747221 880203 771047 988164 712961
386956 727516 104501 645003 127586 815029 24531 930061 979392 668744
59618 437621 875807 832481 467061 858624 403390 74976 2385 688019
471854 619656 129268 243711 712093 864387 979543 45020 604785 911909
603484 195348 41623 836316 677615 337649 179748 695666 927125 227313
454753 531299 119209 507086 831854 71636 818035 964554 801725 778756
653445 691774 768863 850289 645670 293748 949247 897797 90407 821937
978960 321565 381560 172087 713107 202774 2682 182115 995410 567852
214002 759106 325715 474977 690905 192478 676116 102739 825686 762542
203896 325900 692151 654797 906442 341589 191920 980696 505994 419320
89985 848114 178116 744718 560562 231940 657515 890546 566901 429207
100608 809370 601298 965864 174510 545333 237037 871488 773881 334700
807460 566751 160662 906818 849740 364534 400350 860292 630734 503354
64264 902117 471598 773609 980025 60175 718025 589202 773109 446527
720232 523004 983920 936923 500880 128844 69935 668936 435741 663571
662244 694858 424666 954345 285455 737615 591101 156283 756958 942990
773783 985668 856175 957858 120749 757138 167565 81927 599006 807255
396248 435015 780904 605996 173539 674651 676607 857119 626913 581210
974589 21471 556873 472044 455483 697441 639988 844317 130922 507072
670939 663504 457093 958854 567822 654292 798110 585024 282204 301174
3605 173385 818578 407935 226226 522883 305571 997877 963607 584533
595643 941002 275806 865449 390348 13655 560334 459357 196981 124243
663914 445653 32010 956954 28075 370410 538160 547251 299638 333244
24580 769360 890381 841532 659458 874753 132256 756321 126754 822281
709046 170707 7093 380630 478151 735216 773205 715095 645553 582108
945544 254552 120301 845709 685348 15869 200484 948668 996631 766789
344957 500220 132620 889209 898238 768223 953755 139145 129529 302975
320729 521504 605892 999707 986347 879569 849311 541572 183740 63444
101132 620270 157569 200440 30443 508245 701836 690159 666804 18394
98321 485017 212957 512518 281651 841566 87637 426704 965456 82349
614918 231456 519748 241307 448521 931362 793059 769870 666103 975337
734015 727340 693313 235423 755207 304968 409262 248056 548943 678560
886144 263613 687765 931286 441376 250056 644544 795171 754938 400954
637753 506604 670895 602455 26435 365275 581652 558743 767733 108871
389302 736901 300775 41913 311629 815020 580294 821282 936936 857977
135398 493556 108354 576147 168713 403524 151843 43675 46706 693535
783527 57086 615164 788196 330363 653335 100051 714787 722419 366121
545306 85620 202291 898815 184455 103965 377504 67518 692556 849826
771054 106016 712851 248729 733529 546904 191905 947781 818428 77213
78853 428691 157602 273751 455525 688935 562012 617564 694370 864282
922998 179521 193869 978005 457212 514381 101519 380486 233486 654414
749567 716452 43425 364145 418816 59188 966768 624128 550085 309166
261466 713881 868557 239678 203240 109812 887061 862923 24010 788687
305776 718423 808102 537745 769860 57097 49256 767903 668750 279661
166507 501613 844092 497202 678163 313850 707431 962035 685348 165159
39363 250115 730125 268396 113884 773430 960942 228051 300040 367486
891432 49066 618893 97301 901729 262997 911710 443709 229157 461905
725970 669783 332494 706428 609389 281593 152562 664855 86356 551453
728249 706120 885351 202334 656765 628415 520656 612481 284924 41317
161318 871933 771990 939560 757152 683705 179169 299103 33035 267279
983687 480543 234738 518381 248294 418908 870100 230588 975202 271386
892640 422588 522968 201029 170410 162311 464124 898346 878074 462971
648138 754366 89909 475938 147398 897258 636904 23354 690507 581196
879072 552105 903338 649288 296988 419313 655860 796048 918496 865202
32301 607007 582347 836703 707701 197637 404117 381737 524097 572001
699595 573069 618641 255087 864211 267485 825659 282229 367632 251487
512558 926119 939910 921526 167929 303477 45053 804440 374756 113898
99212 450845 495473 571969 872426 423714 793808 821827 297235 663083
430451 70672 186244 316270 129957 916506 310215 32531 11900 372613
878097 367271 677928 430801 984053 941132 602508 452208 293156 647969
120425 189144 624318 98656 221015 501517 343555 952938 914801 118708
969152 65664 16417 534740 915432 408374 917039 260177 99534 287461
597387 736692 813473 515527 26011 32789 204147 557989 861293 398729
676334 572757 220372 342883 648098 365288 222014 80064 701950 685843
959408 126765 909055 571706 42236 437417 121589 358566 182233 2522
862937 585377 718364 279712 497187 335513 291859 694786 930282 326309
35712 830208 560981 271581 576921 738029 515672 574437 354333 800515
401982 9993 607033 779800 898989 913578 630753 602358 172896 220151
455345 572963 845328 793574 314224 900862 775247 74237 297883 985038
550337 662707 501169 550658 785095 105710 532751 827857 662504 275167
570262 688040 414597 239915 844481 324893 354721 867487 411672 139158
483310 486809 798403 905013 78675 881006 444519 405221 348446 508811
72300 925003 138937 868229 110554 251739 737793 235387 254236 98633
336901 680720 939234 278557 238618 605493 160161 428774 862673 405474
284929 260546 431843 340500 662080 319836 714880 482772 488168 765821
114178 428576 481900 385461 516595 573009 490259 446428 137363 340572
388398 479704 214572 600005 888279 287786 492102 156915 964404 80701
316917 515777 888877 883401 553675 861736 731632 142454 185570 904349
218131 935082 460913 670036 922383 557407 76689 318097 146973 478243
959456 876184 397238 269562 172686 26367 397078 622998 301906 826286
848411 679900 800708 717980 117170 450172 83564 523449 599489 244805
657370 976406 69086 109434 324769 359754 370733 404350 546227 621181
512980 411725 572229 785760 742434 429584 748255 809251 628087 663262
970010 949634 140641 639525 882469 90955 134692 328433 387980 21646
332846 362604 14142 898503 751430 748020 942964 235320 873785 991109
262475 424809 830667 21235 691103 946250 377509 952698 971905 737926
435370 663966 326851 544887 490669 193722 119035 15418 457650 554010
473297 353130 281766 908247 154405 143485 943694 101552 717928 336266
708708 82594 67353 64748 802826 301013 758579 723745 87818 857798
442488 679050 509963 515021 948016 260158 796135 907287 609107 621786
711622 81263 687048 203362 502851 260544 486466 943466 283902 755487
332705 857573 822804 414965 460716 576052 549431 199496 226546 78191
506582 724636 437215 530493 970958 15474 406378 407136 814183 250827
835351 859426 276268 195329 412531 974512 65060 278503 888349 550753
6706 143935 594706 662640 730652 865374 348078 72373 987029 674520
169221 975360 475655 206011 846340 563155 896355 986651 198175 149455
491341 375191 668280 207004 650588 162943 766943 34233 526362 581527
916436 157238 129410 765488 644859 843825 19368 885872 992940 559478
206596 586116 454449 620042 557640 296696 66433 404739 685981 757776
991551 942561 419617 49554 280348 623394 427470 601422 459420 875140
589322 627313 533810 508037 741760 69454 339949 476241 907607 75457
369173 99096 314621 109283 32862 998758 635825 105613 660531 796189
205347 233635 54101 287579 646847 641011 31778 240634 869316 927957
611925 644335 550392 832470 318149 609841 406412 691013 898115 763887
853937 728604 106093 298814 376568 619470 787674 50625 934094 735711
662995 411575 404586 410699 640731 285243 494693 48046 890530 925208
522119 119722 615259 853865 955124 31066 484460 422351 864370 362495
2511 103263 185589 120164 50284 965755 244036 144731 921141 485754
673306 692452 660655 271843 965825 517085 762755 61667 877373 514676
954416 737659 597836 145275 123208 529295 718184 911176 21432 708638
109385 320838 393437 493464 848713 746970 201756 856403 976640 509123
434180 524670 811615 569395 772827 602794 971399 608512 377506 926106
869602 538324 414324 104955 160047 669789 916472 908457 497928 706960
227540 346887 762809 854316 824560 349330 160351 939255 714466 1130
257800 545074 84593 698206 960211 726842 986650 896562 568747 733168
693297 54881 233691 194585 686980 706790 29946 661923 857768 190785
504601 383308 374802 633643 426002 78674 967102 31927 681912 203067
33037 799768 867810 503574 881767 646364 697090 51713 543506 967803
70623 724173 355714 83731 121381 614797 723939 107546 443388 127285
479451 339500 403464 815156 253897 835851 487155 407222 317053 855561
172945 287400 569625 192392 621235 699630 266937 155767 951965 968458
123471 320416 130714 762535 363665 433679 623524 393767 594284 75199
934329 270739 11686 464664 719969 421773 520907 850986 302042 939621
699339 606541 833380 737115 836770 100859 592384 399670 53699 947978
105828 246144 791383 522405 210248 304626 431319 545090 936192 808886
326659 351994 18345 719251 226359 639773 98016 292489 830018 485038
714038 839182 997759 561757 805988 761378 592334 115041 462512 429208
961937 371043 809008 591763 80276 25718 883177 789010 741051 480730
803043 512515 441003 498886 177629 558315 387003 223510 719912 698456
66181 495863 659527 117370 850371 786860 146178 38553 474319 684984
528007 947813 312800 632297 953184 964750 207393 817026 727454 292729
810812 299660 608245 493919 713241 740316 45262 659326 321366 937529
602577 581040 691150 832884 189534 697434 153006 538000 619757 895335
305615 637191 322868 524183 788534 627196 300927 812687 954072 210181
163141 598611 434277 284102 536768 689206 124455 49319 540691 304793
220567 55678 47934 501405 477894 637592 812045 621265 331849 584824
894918 40180 619417 330302 222432 816966 531883 166151 972811 300981
608195 626398 668967 916998 196068 940306 796182 431208 200714 890477
978700 772577 721826 325588 537960 131413 281242 464549 446771 34960
842666 995024 33029 664597 271365 897409 693164 152841 135037 751841
360369 394537 951146 259878 109660 596551 385533 434184 225029 385673
990804 432898 150662 272187 294477 982510 933249 683379 72669 969903
544728 740631 441491 318332 665358 963233 68478 848411 143752 166638
937943 938613 935296 339481 226063 449568 886115 658033 310595 621112
246501 615237 491615 342646 548129 450683 217248 125572 246563 964328
91176 894325 5493 236910 376638 703150 272018 878964 564830 431505
542115 869503 483658 421801 860187 964136 159612 542727 226792 205288
419144 616045 75938 158245 675346 297739 697912 339762 296859 266668
746452 163813 97916 456821 311842 220005 79040 958065 891079 94606
730256 56434 482103 86715 13344 490034 235682 338831 785188 103501
299089 130377 761058 554047 634021 192785 153026 963697 222965 177170
622370 509652 271962 682122 483776 673473 423184 737098 456616 110302
664479 565731 333975 898667 155765 418086 985027 368974 797859 564000
553231 522244 121357 494437 420295 165124 61298 516412 127067 222273
864518 837659 502936 351965 654179 898914 239721 71831 565963 242685
826931 815533 746525 324700 514515 54063 830014 907637 538736 786620
844367 96393 967044 497019 658469 300460 480930 400657 28354 258913
92623 270833 962226 204885 169796 646188 771713 373819 878167 65064
383630 600748 109614 834836 215776 653965 6387 611981 103820 464636
548653 660845 408663 337773 389761 42547 206874 6050 72881 514208
954207 910387 771174 482317 212784 392332 554372 378157 664825 760418
771050 680341 253703 695225 399328 101408 763667 453810 713407 507920
646664 606042 446945 997311 104219 499020 396581 929915 796236 890504
72636 536827 302870 606690 11867 221661 481279 127331 543134 457998
530370 615184 945217 491868 785691 965146 855751 580277 584956 721366
731988 747846 833550 666006 336215 511012 500335 126524 467277 463039
920648 150629 121483 322287 407654 819518 200076 69074 46743 25979
735573 610893 628855 913415 598930 19720 584932 216547 136871 594233
71277 274630 202744 724362 370443 899625 41935 390712 358408 584841
134534 142381 294455 613028 523217 409561 294789 754124 847794 461872
779092 142074 57153 840132 245628 80188 649349 41701 755646 326639
228569 991574 100426 570756 207445 813279 839464 790454 361866 767681
324792 340820 72659 471449 70870 303828 158907 833965 452260 174155
959480 823862 951219 953459 937042 45816 120987 209210 783306 422142
117084 169258 1413 86236 521835 965308 524000 813525 107212 636321
896018 873130 159463 495694 126624 125984 668037 667580 248469 871558
276054 277647 179133 284991 353080 793136 118531 80263 552668 363425
116967 847313 810135 311357 303876 435986 869643 417712 536776 271157
233637 554277 511976 793407 41325 85766 89367 400606 337965 131631
387991 761665 373046 64788 248864 23743 867786 116607 621935 491101
545533 522405 770961 544468 262445 859874 697455 617849 56277 543060
259809 760413 377733 313479 55934 619265 666553 35677 772546 229093
581763 665188 611198 890206 351517 445845 988926 605136 849769 392862
877349 851657 305246 91134 853803 299300 581952 1148 94912 689444
996036 450531 981337 205248 695201 999683 528209 70708 139390 864321
3050 83040 12618 288783 799130 861449 500742 762158 172455 844864
648020 773203 609442 80813 189998 437707 949261 798033 696635 958201
768395 289942 269552 110221 726125 100198 346771 386788 88380 960275
927650 192473 50117 361019 679414 346252 461019 586869 950218 597513
786681 283555 253202 30024 876727 138506 196380 775766 926296 288544
980236 535194 573935 453342 428961 646722 161916 624689 530451 966684
985295 219455 239934 428988 433404 16227 357469 542201 279219 589103
769765 970019 726158 401955 772212 658821 576034 911244 8337 154538
814956 268803 360090 93870 921488 565781 925925 906457 774820 54916
272927 514058 584804 280556 296781 307370 92149 730612 782671 282119
268123 124505 218815 523972 721006 504590 930648 67840 670152 150617
696046 979634 519888 321107 77807 859092 465337 889609 961191 369084
277352 319232 897812 118257 546965 326556 282121 660501 396734 355910
237116 226266 86667 512341 166822 253803 267162 304635 776207 957242
917726 241308 846495 193210 232274 42125 546279 839529 699626 94132
656277 895133 875553 169151 675148 377167 225745 734771 286614 411706
164128 54740 199275 793804 197451 152028 911806 165130 656088 496738
781553 932509 361370 479355 806658 969333 939737 893740 39096 646136
354183 93953 262696 469418 945860 876015 398780 655139 949860 246071
654351 160152 983382 293983 73133 642936 184135 135726 159618 866055
802172 193870 352972 569604 116652 777473 335691 8964 572293 697687
322351 238472 431276 754556 318744 623409 246719 11824 290009 689083
498213 313202 781032 734422 359982 589220 758195 563387 37141 525053
400535 230290 745615 248249 218280 833544 410076 707766 75530 439283
795174 390922 566516 810362 100344 867022 636426 866454 979461 133758
875799 828366 316762 340420 291626 906507 70583 384064 11177 489433
830821 895140 604111 503975 381489 698650 277713 884291 275862 36276
649042 244306 184532 141520 454417 792797 819974 578872 624937 355262
441667 671730 703530 859429 941951 488221 875795 707110 280381 391549
821201 353572 582478 284389 371591 320205 259454 84477 175376 244332
31406 132729 662824 79796 171311 793746 819974 361552 608653 648708
991027 816623 420854 764693 678485 442488 879835 128707 164408 750717
920395 504225 633081 826196 431786 70171 169791 419439 780565 752695
603691 10762 837721 127777 818454 838274 828204 29684 672154 188115
436788 5983 692320 729301 215989 412375 287131 6 36371 961496
419999 805969 445319 904027 253853 791775 176949 909328 900096 969647
877930 680358 342026 60969 389429 124 919484 448238 718718 383464
454628 876712 135903 777550 804400 15846 27945 678742 247001 794509
899891 762888 918194 231820 661268 756715 176430 300308 744325 946813
686082 58304 790961 48729 275244 200706 325649 700059 433821 517230
842468 923223 256255 795910 900827 405126 99410 109477 550907 549895
57053 471603 704229 127569 118565 978000 598929 482579 244987 974577
145817 855645 185551 140431 314954 371793 774854 827399 484255 94177
286485 743862 134665 125367 16979 362045 367506 470003 151133 269905
417153 304827 456007 430308 189590 939802 263702 236232 9965 483922
616398 98984 279688 503966 601546 649898 924961 361104 30401 366228
151533 433491 91606 477893 173137 953092 669685 301743 648803 546720
240373 306290 768374 999928 625204 378744 487419 936240 713806 403549
598243 207561 714947 516915 866228 696458 868242 746843 577345 758218
440252 292661 79833 498976 758560 10778 530970 885769 743368 884190
341753 415843 181806 685552 301464 995811 528723 823949 987950 375384
399475 345538 874688 618756 849905 187826 715064 42186 780738 15567
218791 73234 259815 424398 566376 653526 171173 300875 471299 90055
108869 468149 440762 783747 418114 181770 392616 5734 243072 5231
535352 116276 847933 732942 559973 569584 234375 499660 116935 724249
630962 687142 663720 653812 512957 696791 782983 849949 642005 377379
457746 961992 5776 55490 121595 32509 331612 841749 778418 549708
320014 122320 168846 683217 350071 702319 240680 569290 630918 883202
200520 219908 148012 205342 662566 383235 897673 447967 644500 510238
566305 171376 608934 666881 459818 25720 652559 672353 683008 439956
453475 538037 450767 183088 54610 978171 611432 781993 972995 928907
598840 438550 275659 130700 714164 760507 498655 635151 522199 360244
996843 355504 792380 110739 359151 224182 789495 731682 653847 720706
201257 57608 992559 866902 963801 780614 551154 224375 973512 809461
817359 39864 179361 717330 926444 3985 296497 944776 840519 307594
201148 861694 102446 796063 937687 46699 133816 912370 917933 87869
788532 262692 671834 427564 197384 257155 968783 395851 864436 467616
300310 819606 449073 800482 61117 581320 905740 446591 144026 532225
681822 447622 559157 523533 199920 650106 755054 197899 231743 970348
483804 819515 320921 360276 588494 967325 536410 954912 469088 196682
397251 974440 842129 663439 696746 885443 68461 998286 290380 903227
680142 141911 499302 776515 629840 667621 273935 288321 808759 50923
392006 578518 313184 457288 394198 561014 307595 763912 907027 645455
627653 950172 998694 829472 271300 708454 598528 177902 743675 807083
448331 475607 924644 879811 289128 102987 456346 539889 181220 794465
222405 624703 150509 649932 651903 115608 364218 846725 519601 938218
327845 881429 127511 103408 822816 320617 137140 128171 809020 41461
843365 609886 483623 213656 185829 714987 72259 873336 3741 486101
550477 271566 433808 805232 465401 94237 624916 470391 160655 731468
922213 284732 765544 294575 217574 598345 417943 488095 860158 433022
662874 764101 859530 495306 416243 969621 486269 154953 665610 711258
251781 787708 284110 579311 911676 200453 130361 957929 827624 574398
431500 46389 365054 110242 108471 214992 731556 644075 23036 587973
118101 127077 839305 322926 169553 461334 94943 984496 462857 582050
470664 655264 738448 179853 692684 216313 859882 413447 26113 962243
960107 6247 206979 425787 802385 668070 483434 821881 349371 961628
357441 260951 601564 504650 864005 92577 821817 825093 466848 699739
221835 102489 794219 724516 559873 904934 607966 776148 838016 434971
971344 226384 690917 231011 572631 512018 390464 339639 838956 370796
217243 75433 442041 480639 571831 483595 733634 622633 493341 355806
596174 389754 7728 305765 549945 219866 223475 122895 914776 426589
555793 334882 180683 23491 733204 72901 263973 328395 65112 278975
782692 313052 691752 791996 117887 536729 286000 446354 584355 526805
87119 890688 805446 166560 385677 158160 552928 333177 233535 836580
191598 282642 77306 170560 67088 532091 726199 93935 726591 426074
591070 731009 353581 451034 17250 626477 916064 400047 361972 231863
329699 712769 288127 786991 725296 612135 17872 541188 877851 577259
139386 682557 387860 244216 776543 458718 94551 708821 404828 160022
589240 484708 178536 648492 826734 664975 144 845599 457402 764623
718823 210769 121375 525160 259342 803299 762067 883159 591939 916608
847280 984253 496822 970811 618124 873160 133020 991754 251274 905330
759899 163622 852574 89476 553397 126140 704230 329127 865292 409161
2023 857015 463188 237989 731466 568277 367031 638170 269135 670693
566222 220354 108707 927960 721924 190761 350610 688163 294847 388328
754258 75970 637195 203856 934605 313502 421542 334089 731933 537555
769395 496432 68141 382982 643793 632592 981421 33306 247189 524107
974334 872400 143672 669969 462616 152772 782532 930401 477776 835172
763390 508889 534427 658413 475243 543976 673904 547500 185663 632736
880090 495154 35266 448906 936696 424717 898367 168990 445467 554390
56158 471656 485092 73352 894583 773487 645476 662528 190997 560957
626687 731401 832958 646549 478024 361884 689746 358241 789388 168562
171407 198914 273714 616884 614472 431919 894551 769924 422988 180400
101422 595303 14622 774578 344387 193039 575101 670280 261359 986139
278922 714194 563049 760295 168189 705170 299487 26154 711427 242516
813851 675873 140157 49839 924703 469854 841553 122765 860756 93256
143279 362578 926106 108805 485154 371928 855606 417223 369820 479737
916551 417298 820920 551134 852471 145236 992307 790054 671629 782958
729720 357472 442247 913999 210207 984927 949438 353840 822325 952937
470492 150323 969726 895760 712442 710310 115816 730344 538070 327740
138275 711775 118014 915372 159543 613627 616973 178805 969624 979821
25173 681334 582011 94897 135312 479816 345832 234031 769787 644800
231292 241652 166169 387283 100852 178637 511243 892956 298157 439068
975754 965176 520064 363154 92219 468361 301886 255870 806907 38199
614175 181167 20830 892249 356719 402622 615766 279424 213292 598426
307191 569658 606265 283369 641857 724474 660496 520855 87028 226837
580378 91723 278091 868925 838643 354315 413610 677465 565009 581119
366839 695906 698151 118137 653370 650683 651528 131521 234244 239225
615019 717349 102249 796688 690009 695309 454875 394867 938756 320199
743977 287690 939599 423062 50183 831536 187287 185685 342729 236776
0
